user_id,session_duration,pages_visited,click_rate,time_of_day,location,device_type
1,181.50006322711056,15.143269195245523,2.053780673937324,13,Japan,Mobile
2,24.642450106313994,12.235191595764917,0.4898166581384317,6,Germany,Desktop
3,8.241461026336353,5.199897450166567,0.5948941212103456,14,Japan,Tablet
4,13.603420616045252,15.375414883743804,0.461057269834259,16,Germany,Mobile
5,41.767210960922434,16.407689700422463,0.565995059541884,7,US,Tablet
6,28.060357619285753,12.623727607685291,0.5324190880101718,15,Germany,Desktop
7,25.869430353473355,8.686356962054145,0.4000636122841198,20,Germany,Desktop
8,31.018406108685305,5.6434280467909,0.4644793558955156,22,India,Desktop
9,21.744111369647392,11.359027292743185,0.4857085096163174,16,Japan,Tablet
10,36.31586641835763,9.451477041672456,0.49519442453884666,19,US,Desktop
11,35.708738678946446,13.748702420260194,0.6167189622407585,22,India,Mobile
12,35.40593805092062,7.694993156013697,0.4918687582840047,9,Japan,Desktop
13,42.43076031865346,10.644527738742608,0.39952837904482924,3,India,Desktop
14,41.574823791292665,13.39382420309921,0.4123972136177575,23,Japan,Desktop
15,37.021312749204206,10.209086916491415,0.5694114559778494,23,India,Tablet
16,49.23883349552811,7.468301144420911,0.41880188771873317,9,UK,Tablet
17,30.41361290571197,5.662532661727619,0.32841296891906513,1,Japan,Mobile
18,31.73701653882805,11.123611302048998,0.528224628880956,10,Japan,Mobile
19,29.366500849994964,13.659496987203875,0.4432006591249831,3,Japan,Mobile
20,23.80289036877405,8.69620897450504,0.4665544378157406,1,US,Desktop
21,51.10573954268295,9.046945197419008,0.5417543214679577,8,Germany,Mobile
22,31.96185960054851,8.90541953057939,0.6200647158583105,2,UK,Desktop
23,31.475774929871484,12.327946900944523,0.43375582543547236,14,India,Mobile
24,14.80475562128019,13.471994415195773,0.6197247892462988,22,US,Tablet
25,14.238896380080861,12.816620924673419,0.33922608597503534,13,UK,Mobile
26,28.66333188247767,10.499899334764505,0.43998202404289966,7,Germany,Desktop
27,54.08028380698536,4.243383482620407,0.47310099400734035,5,UK,Desktop
28,26.833387799007365,12.646874380908514,0.3395479026415086,1,UK,Mobile
29,22.814846015922832,10.391166223166339,0.4377325015281849,15,US,Mobile
30,31.352360808888978,10.627249069595212,0.6116657801031574,1,US,Tablet
31,34.16995896745569,7.040102415224858,0.33010697879995854,9,Germany,Tablet
32,21.992555504806006,9.729162226947793,0.7285251629027335,11,Germany,Tablet
33,42.867976603314986,10.802574053955906,0.6292561294216423,14,Japan,Desktop
34,27.479962903642264,8.2469528030071,0.5342206011310615,16,US,Tablet
35,29.000189600569424,10.790078913810135,0.23383052322267356,10,Germany,Mobile
36,37.35891094843324,11.456025782775116,0.5787621825160805,19,India,Tablet
37,36.98302848875569,6.2009811096955385,0.49369883067555737,14,Japan,Desktop
38,23.51644775330709,9.80068815676106,0.4207484797197061,19,India,Tablet
39,34.16646165958691,9.39493619073686,0.6483338233869548,8,US,Mobile
40,31.293097556907824,8.562593951210975,0.45651485195908936,12,UK,Tablet
41,36.834605579477184,12.78163572534756,0.5748508278093333,7,India,Mobile
42,32.76092154109361,4.744683626523847,0.5318383211284495,13,Japan,Mobile
43,25.263389622373722,8.552657280385949,0.599844919333095,23,Japan,Tablet
44,35.31744640025056,10.447601007638362,0.5456688282687023,0,Germany,Tablet
45,24.24170643168216,13.201727056234699,0.4730569151543813,13,Japan,Tablet
46,45.763045230589455,12.281404425376113,0.48400723923259864,7,UK,Desktop
47,36.890634943011136,11.761884438271657,0.35930918130864264,4,UK,Tablet
48,32.98914688164832,9.615205016987082,0.5647203614330294,6,UK,Mobile
49,23.62727364680432,9.365731289776082,0.49378427658521934,9,Japan,Mobile
50,15.12190658299512,11.666634644743901,0.37653167308311997,7,India,Desktop
51,27.333952961270437,13.413047175921424,0.48786783415381313,14,Germany,Desktop
52,32.43312668323488,6.985437019775416,0.4490672860573398,7,UK,Mobile
53,12.354474180141835,13.598501939626411,0.44278811066326207,3,Germany,Tablet
54,27.244317307710944,9.517725046526586,0.5994775069348333,21,UK,Desktop
55,41.06313503378635,9.624047458874474,0.4528062421364861,19,US,Mobile
56,22.942016096121804,10.279799734590762,0.41541900536751153,5,India,Desktop
57,31.58763239784662,10.014433501555194,0.5171932443585199,13,UK,Desktop
58,41.13258713371224,4.652213297229315,0.7146911683190518,5,UK,Tablet
59,34.354429733187544,10.583333833507055,0.4904545735546052,1,UK,Desktop
60,31.756664615798282,3.2693686249337235,0.42283015758724246,2,Germany,Tablet
61,39.43284613723417,11.738891861804424,0.5445402839700025,21,UK,Tablet
62,34.00640474436436,8.644356999737587,0.5630520734789305,20,Japan,Desktop
63,172.16610773697158,6.490198170218591,1.8135064516472468,1,India,Tablet
64,39.21334987900396,8.340337165860763,0.26366073103256427,19,UK,Desktop
65,36.27235091830369,12.73642681383313,0.5806011164573069,10,Japan,Desktop
66,40.56956736003255,12.757022075851154,0.4431849213423269,4,Japan,Desktop
67,20.076075585346217,5.459431200741193,0.511716068037212,7,Japan,Desktop
68,17.91152409391818,9.37607208947047,0.5846383411893201,8,India,Desktop
69,28.337854694782642,5.14720510179723,0.3650381464818733,21,India,Tablet
70,28.23513493763124,10.569048426114403,0.45768427710729165,7,India,Tablet
71,13.638604347923732,9.823715232524854,0.3898169340397145,5,Japan,Mobile
72,21.92136494265604,14.84771122944191,0.5185425238413669,2,Japan,Desktop
73,27.35762925889135,11.09854122293587,0.5107057921714805,20,India,Tablet
74,19.45496664451892,7.8205760095498,0.5163635847322098,12,Germany,Desktop
75,9.874465738446844,12.639116693450406,0.3651946067131514,6,UK,Desktop
76,12.692190849237509,9.188685106890606,0.5193325860772302,17,UK,Mobile
77,6.853567111053273,8.69110067574367,0.4643409735937156,4,Japan,Mobile
78,20.534453717325263,14.430520239925974,0.48478714013777047,5,US,Mobile
79,17.124263158930685,13.436428102509455,0.4674801705347179,7,US,Tablet
80,18.917737432470485,7.224635437897229,0.6360948817986982,14,Germany,Desktop
81,23.758673031707893,12.156057468202604,0.7034693713841819,11,UK,Mobile
82,25.30069362327403,11.988224820732643,0.6999896555912978,19,US,Tablet
83,18.775666357229344,11.991665509006776,0.5267457197169615,18,India,Tablet
84,29.773911222031252,15.418909383861212,0.6842611843138421,3,India,Mobile
85,48.28089546780135,8.75981561701947,0.5698427607531413,1,Japan,Tablet
86,32.80080280981193,11.686131511668854,0.6727155101087133,10,India,Tablet
87,34.871662246873186,11.621871182871738,0.6042050170575336,5,Japan,Desktop
88,23.8272163383001,11.833360648203529,0.45695544682848466,17,India,Desktop
89,32.6909319425328,8.342274554383462,0.4838722292164788,6,UK,Desktop
90,19.9802206947393,10.903909310109773,0.6156800872366002,21,UK,Tablet
91,19.903603838213883,9.808748353897489,0.4650769047977132,1,UK,Tablet
92,43.220818892533025,10.043915561384505,0.3687974008007605,20,Japan,Tablet
93,39.16094282295619,15.461912454437257,0.4668633709590277,21,Japan,Mobile
94,31.30960740237304,12.715345090503986,0.5486524026537385,2,US,Desktop
95,26.81646671720153,10.34715398860057,0.402445756578353,11,Japan,Tablet
96,41.65045656030327,9.644966935578545,0.45485585211920565,6,India,Tablet
97,26.866499690317283,11.05052771160806,0.47701416606447056,6,Germany,Mobile
98,23.30032272635578,10.602136062543135,0.22186421727912192,11,US,Tablet
99,29.072828808172485,13.805018914272134,0.670647950288832,6,Germany,Mobile
100,22.812573300525074,10.84520768827781,0.44329300406875516,2,UK,Tablet
101,27.884170993134724,7.24123531559895,0.5281868226273546,14,Germany,Desktop
102,21.43852876578761,18.212295437759167,0.6310360362919661,20,Japan,Desktop
103,45.6078876850025,12.67320852688173,0.31700517069219825,6,Japan,Mobile
104,20.453426264073478,5.604673558158417,0.5709924389947795,7,India,Mobile
105,32.60364022942019,10.705691064538767,0.5844932102333137,12,India,Desktop
106,47.29650384691543,8.208465291936193,0.49217639256481577,13,India,Mobile
107,46.43463553923323,6.461991449766632,0.47437174361250317,4,US,Desktop
108,38.87214491861459,10.476714678422647,0.43078380145525447,3,Germany,Mobile
109,36.86811050466325,6.314269481782177,0.3546015010388597,18,UK,Mobile
110,10.593598041180769,8.935290856487503,0.5210309363906461,18,Germany,Mobile
111,43.06836250402806,10.670790289980898,0.6480282685845391,23,US,Tablet
112,192.83059158215704,12.685694490242929,1.8205611720848387,17,India,Desktop
113,43.26068492798129,13.900893819564839,0.5495815468852824,19,Germany,Tablet
114,18.983271615091486,11.305433209372206,0.5002437698879673,20,US,Tablet
115,32.66918040688685,12.382433886454024,0.287535785869087,10,US,Desktop
116,49.77873725914539,8.682396826850526,0.4884785258129443,19,Germany,Tablet
117,34.41746274336175,8.756192825777301,0.35893312895011464,16,US,Tablet
118,18.794112730126646,13.185625175387528,0.45627165761992133,10,Germany,Desktop
119,38.63505694019725,5.406748809847516,0.6811618706784736,17,US,Desktop
120,42.15732220483574,7.877009422704976,0.3645682091731212,1,Japan,Mobile
121,27.9115368910749,7.023995517141971,0.5879655637241532,15,Japan,Desktop
122,58.20990092266459,9.03075864892435,0.5526616619279366,8,Japan,Tablet
123,28.377876562373448,8.753278192542206,0.4588930433606103,14,UK,Tablet
124,28.813884042456884,13.037322428432978,0.5896099972219893,6,US,Tablet
125,30.049312942745892,11.273757701522811,0.5660076496613401,1,UK,Tablet
126,19.964194598779358,12.938047746920214,0.6557559265539447,3,India,Tablet
127,38.36286433605236,9.66517257862288,0.648572605142072,18,UK,Desktop
128,12.798058811600374,8.223208373950678,0.39501048427831736,6,UK,Mobile
129,30.272928369551234,13.6025025220976,0.5181713238834554,10,US,Desktop
130,28.02967753722013,9.346319153020724,0.4835459004377282,12,US,Tablet
131,25.42245535176162,2.793559960891555,0.3890597057606018,1,UK,Tablet
132,42.120582572022755,13.477325088660653,0.6220588229040517,22,India,Tablet
133,34.90421991963288,14.695103802777986,0.5807453224218919,20,Germany,Tablet
134,42.10930149351287,8.58555870611196,0.3860768031577403,19,UK,Desktop
135,10.366066734859814,12.815429010437617,0.46823786706159953,8,US,Mobile
136,22.93954319515641,13.043285988803914,0.4836118262274769,19,Japan,Tablet
137,51.44052269275399,7.927046351723003,0.44753884714772085,17,Japan,Desktop
138,38.98485994693901,13.114462483560656,0.3959168355677385,14,Japan,Tablet
139,39.587865906703065,7.871327933121808,0.46816233021035075,12,India,Tablet
140,19.935346240622643,7.864594344716905,0.4080332140075746,6,India,Tablet
141,20.825745378662518,8.791392556659568,0.43713929862671774,17,Germany,Desktop
142,26.9953212360025,13.395938896916448,0.5718956762371271,22,India,Tablet
143,39.27986299519721,7.04915535914783,0.6127076069446801,17,Germany,Tablet
144,32.76390506659755,12.192640318794773,0.576797313205872,6,India,Desktop
145,241.057518088861,8.957251066657058,1.4736868902422722,8,India,Desktop
146,17.655749510662304,9.174570827731067,0.44354852821375046,18,Japan,Mobile
147,19.90255205309336,16.812409207268793,0.5003767937805537,2,UK,Mobile
148,30.261802231275983,8.355260136956177,0.39083225561081897,16,UK,Tablet
149,20.841898779816876,6.599879052626584,0.4091492473350757,18,UK,Desktop
150,42.19667166258391,4.67571396038323,0.6157400314097818,8,Japan,Tablet
151,34.90146092065854,9.29611197522835,0.5724660281773908,15,UK,Mobile
152,36.163117030652195,10.369734113406125,0.4817652075867005,12,Japan,Mobile
153,49.46773634275415,9.710388392064427,0.5269994551640186,18,UK,Mobile
154,27.999787974400057,12.363387172110903,0.5889921895932579,7,Japan,Tablet
155,47.27387613422982,13.896887330100483,0.3726569494388725,7,India,Desktop
156,29.522776723463824,5.793607031477171,0.40160048001785315,5,Germany,Mobile
157,39.998563255311666,9.838260792879858,0.5484622896446113,16,US,Desktop
158,47.51954014800907,6.646352954230149,0.4474668901997153,2,US,Desktop
159,18.676146008972196,6.41265184036747,0.5945557639939639,1,UK,Tablet
160,40.451153044228136,9.745281715745637,0.4699812472637019,19,US,Tablet
161,19.416762793328466,7.110879858987714,0.5109661330432512,22,US,Mobile
162,33.33762546517564,9.47516008037424,0.3585556147005573,10,UK,Desktop
163,32.67533999807292,11.457929799054641,0.236470682437583,1,Germany,Desktop
164,31.37748619188582,7.633466916911235,0.3567115736003998,21,Japan,Mobile
165,31.151961028448508,7.270215583872921,0.5358388977139431,12,India,Tablet
166,37.3584533798849,12.809580325875094,0.47501571795046016,16,UK,Desktop
167,17.50199635202665,4.802470547432768,0.4078729429540508,10,India,Desktop
168,15.264368070536316,9.762469352982189,0.3830710228117925,12,India,Desktop
169,25.67261664242429,6.350013477547936,0.42153101684949057,11,Japan,Mobile
170,37.97130707426129,7.4414474000283315,0.34068322992882705,6,Germany,Tablet
171,28.02490624342328,16.29994730103273,0.4405723070441268,11,Japan,Desktop
172,36.397182918302306,11.633960766893097,0.4240230539419936,23,US,Mobile
173,35.56398376938239,6.633663185353571,0.47192282219319776,8,Japan,Tablet
174,19.52784477816555,3.55240982082889,0.5379500131835558,9,Japan,Mobile
175,40.4355387873206,7.997669001205862,0.6255407062674254,8,India,Tablet
176,37.679040954826164,3.565892852458905,0.4101241277368022,12,US,Desktop
177,30.361430458483767,9.941319583200865,0.5120359664511863,1,UK,Mobile
178,13.590426829631266,12.226750257841474,0.40407956521037447,12,Germany,Mobile
179,31.293369157089437,6.20625420998776,0.37267071044908134,0,Japan,Mobile
180,35.81937671635934,11.049138077302686,0.3982448197974566,2,India,Mobile
181,41.19403855796225,5.935475953693803,0.34873815685361076,17,UK,Desktop
182,42.43845002946196,11.215199675986486,0.6084913112083958,12,UK,Mobile
183,18.426831812909334,11.801708519696945,0.5701782866794434,1,US,Mobile
184,50.35791760103048,9.13260341844937,0.5040225552321481,1,US,Desktop
185,25.11008137712321,2.490884899007921,0.45002467503710275,23,UK,Desktop
186,35.8314195472222,13.994009747151601,0.44056088766411744,9,US,Desktop
187,51.633723089141895,11.774161856124959,0.4579326299862041,20,Japan,Mobile
188,35.472581002045125,11.414827456311228,0.3032308240839704,4,Germany,Mobile
189,37.830817035649304,13.802915348465815,0.531837962131392,5,UK,Desktop
190,29.89146518757275,8.581770220740424,0.4309298596889716,9,Germany,Mobile
191,15.683452669904636,10.102471596404405,0.4600454991840079,23,Germany,Desktop
192,18.721758950619986,7.256383015464326,0.34590297252492386,7,UK,Mobile
193,27.944600955097837,7.542854411259401,0.6727926476701311,1,UK,Desktop
194,51.069484253205715,8.408891534016389,0.5627970322199195,6,Japan,Desktop
195,31.499164722539543,12.510789596441581,0.3803302012443188,12,US,Tablet
196,13.258397999131208,11.705220437021719,0.510259987312383,16,US,Mobile
197,21.32637529096126,8.77012681615249,0.5331205837914663,14,UK,Mobile
198,22.46060667247383,9.860984999509965,0.6259975896299428,7,India,Mobile
199,24.373718734314014,14.837688754134001,0.4668231156086493,11,UK,Desktop
200,36.38004334948438,9.954029314180373,0.5123766581109136,17,Germany,Desktop
201,37.84066672447327,8.625517461979179,0.5450939730095642,3,US,Mobile
202,39.65980883624537,11.29775809029678,0.7241887820005746,0,Germany,Tablet
203,18.457976718100777,8.018738372835358,0.5541084069903287,7,India,Mobile
204,37.97095779725726,12.026311222969968,0.4404224183924106,2,India,Desktop
205,24.417618653978955,4.57637203358704,0.5539791847024994,0,UK,Mobile
206,11.22539681479816,5.529918207705637,0.19427141721277053,2,Japan,Mobile
207,34.17286571186662,12.051622408062297,0.6695004938266462,2,Japan,Desktop
208,39.81488063393934,7.118615441373188,0.26358681031347386,23,Germany,Tablet
209,26.812014191654562,7.923005560461917,0.4752631411728818,2,India,Mobile
210,34.30104826437438,10.148393092919893,0.5479406775873596,13,US,Tablet
211,21.432450525472625,8.400942277325564,0.39877862012014115,4,India,Mobile
212,34.549318405282726,11.28824052301028,0.33417239111525554,11,India,Tablet
213,38.63602625926878,14.592463049303348,0.4995955135386414,14,India,Desktop
214,38.83690329455739,10.929153956817446,0.4096466423718653,6,Germany,Desktop
215,17.77088359108441,8.249607174466359,0.3613058920973105,22,India,Tablet
216,21.235050219819243,12.308543419607613,0.4936693539101924,12,Germany,Tablet
217,14.547382795431412,7.379298911982456,0.506928237967389,17,UK,Desktop
218,39.48766898718063,8.567505738629395,0.49598081034645863,11,UK,Desktop
219,49.59286227621223,8.912206375028141,0.5530949783321026,0,US,Desktop
220,27.397162678595187,11.453045288788829,0.6567136575846367,14,Germany,Mobile
221,32.35313545587902,10.041566786995375,0.350022900664324,0,US,Tablet
222,19.92592792338681,5.775342994783741,0.6047509649836812,11,Japan,Desktop
223,27.007427184553336,11.501249893940471,0.42240627697930055,5,Japan,Desktop
224,50.26219770723769,12.892452437617239,0.5693643062643347,23,India,Desktop
225,27.157443662956247,11.468233123041077,0.4415139785425688,5,Japan,Mobile
226,22.462945045947144,13.057839896926836,0.47864559729583495,21,Germany,Mobile
227,31.97054366533581,10.201919138526026,0.6398033801564537,11,Germany,Tablet
228,48.11399826277883,6.22282308185536,0.5630846841083103,3,US,Desktop
229,27.957590704975683,10.826748222087035,0.5877772525163253,23,US,Desktop
230,28.70541873360785,7.874186030249922,0.4920696228802325,4,Germany,Mobile
231,45.09448772307354,11.514458993558602,0.5715986240085748,3,Germany,Mobile
232,22.15325030029859,5.097535625701608,0.521300937520483,0,US,Tablet
233,10.719621646199073,9.148771926899897,0.620999631799263,4,India,Mobile
234,28.727427186479435,12.474248107158243,0.47774669987350427,4,India,Tablet
235,9.694573611873057,9.78231700671656,0.6460882974010211,10,US,Tablet
236,43.11600516763856,8.856077976063295,0.5622264455193117,12,India,Tablet
237,44.23303519186893,12.379736741170912,0.5556239657679765,17,Germany,Mobile
238,21.67781346147317,12.347427756801578,0.565688840656104,20,Japan,Tablet
239,260.5967237006912,8.38793424582714,1.9318713432369663,14,US,Tablet
240,20.662250809866023,12.923845007035814,0.6319426716003183,20,Japan,Desktop
241,15.205354425288526,12.496766746208838,0.47639959091713147,18,US,Desktop
242,27.80269353766684,3.0836855589065726,0.47693747266122455,23,India,Desktop
243,34.04670649383731,7.770183048624466,0.5132170999624039,19,UK,Desktop
244,42.17125403861486,13.012848646274014,0.5940093187730122,21,India,Tablet
245,12.354396218800524,10.215133487901957,0.5624514387040955,17,US,Mobile
246,19.215433078455753,8.46005179859658,0.5972318292766544,4,US,Tablet
247,17.788907526975294,12.264272880628267,0.47083994733620904,18,Japan,Desktop
248,33.995859098457125,13.279168677183346,0.385825593801707,9,UK,Tablet
249,46.738897647868995,6.426385623400304,0.35321721435512016,0,Germany,Desktop
250,39.917900398895625,10.57645950999937,0.5431877396623527,9,UK,Mobile
251,20.54768612359787,6.364324754872097,0.3663509674963432,18,Germany,Mobile
252,14.276576020201642,4.9886546094626905,0.37561759089752145,1,Germany,Tablet
253,9.208162652731062,9.36201194346354,0.2673186858375266,22,UK,Desktop
254,17.378518392365567,7.135930583328321,0.4249097600765256,1,US,Mobile
255,226.57515279682275,7.732822837582905,2.1350707387532153,15,UK,Tablet
256,35.844341799622384,8.647883544158017,0.5381898117348864,18,Germany,Mobile
257,18.52494062120992,6.60664621411259,0.5920390017808137,21,India,Tablet
258,20.396553734161518,11.619668776805998,0.4691435744532034,22,Germany,Desktop
259,30.173671838172453,12.27532012407859,0.5874088039561564,5,Japan,Tablet
260,23.432586673362927,8.38696825819375,0.5185152339997617,5,Japan,Tablet
261,32.0237084671083,6.597302072240437,0.446220598596333,1,Japan,Tablet
262,32.723927848678784,13.572335180493283,0.6247604984780143,14,Germany,Tablet
263,23.925543029026375,16.08254603489683,0.41187501257051023,3,UK,Mobile
264,14.775330819115931,10.046509249372177,0.5028131766439133,10,India,Desktop
265,33.40641649973847,13.065177146636767,0.46591370139995714,16,Japan,Mobile
266,35.40411195690347,6.980800742744305,0.4137376697947073,7,UK,Desktop
267,14.206625455911135,6.941311569442911,0.43749125764495667,11,Japan,Desktop
268,50.47480439066942,9.085090055341386,0.4128942921868599,8,Japan,Tablet
269,41.02178998941486,8.372469468791422,0.6776773270943106,12,US,Desktop
270,16.070153160702073,9.630693578750797,0.464660712873774,19,US,Mobile
271,32.54391515618451,6.0753167054991115,0.557190631929398,2,Germany,Tablet
272,43.820846717540064,7.958428361410684,0.5325910540693739,0,UK,Tablet
273,37.2565303280964,7.687388268356789,0.5013771315606252,14,Germany,Tablet
274,14.018013261869473,5.253858293376032,0.5905326454499318,4,Japan,Tablet
275,28.7439774573759,5.612179655925781,0.4681510623237594,20,Germany,Tablet
276,34.59198370376801,7.064365532826526,0.37618375642974816,19,Germany,Tablet
277,26.986588887408615,11.003834860078832,0.5216788849213801,5,US,Tablet
278,16.934602740791576,13.039757188717001,0.550548818669693,12,UK,Mobile
279,29.025797008822952,8.133665571683721,0.47657877224989775,0,India,Mobile
280,12.062277390032865,10.707791703434914,0.38003933223928893,9,India,Desktop
281,37.16896314568524,12.925776367676763,0.5327406524029099,8,India,Desktop
282,37.52198385604965,7.2693200585486615,0.6231618590741774,11,India,Mobile
283,29.822930704457324,6.186448701139106,0.5247014405176819,17,UK,Desktop
284,23.077758447542557,13.012346990896924,0.43313787411444804,2,Japan,Tablet
285,30.967326106770702,8.559314277889808,0.44597881733252387,1,India,Desktop
286,30.291635212093066,8.613330568836567,0.5269677855682607,13,US,Mobile
287,47.92043753907234,12.115571615934078,0.4524196253961839,6,Japan,Mobile
288,18.083732398663244,8.169823806956146,0.4062701552809862,3,UK,Tablet
289,24.522947382592633,8.103471724705212,0.5307237005984808,1,Japan,Desktop
290,42.237705133963125,10.956634319600717,0.3241808320667172,0,Germany,Desktop
291,32.32217444678957,5.827427349928749,0.5435760966160461,22,US,Tablet
292,12.744693518878009,7.848934757613753,0.49101917692768504,3,Japan,Desktop
293,43.75563283041897,12.996165543130259,0.5326680355734975,10,US,Tablet
294,17.94994792075135,10.180138105802197,0.4812241114445831,16,Japan,Desktop
295,29.14640851074708,9.016047669610732,0.5400720584459928,3,India,Desktop
296,162.88732899236942,8.195276508456258,0.9515930270618151,20,Japan,Mobile
297,40.01881804490617,7.956275341221433,0.6103211101989203,22,India,Tablet
298,33.13376696480232,4.921688145081646,0.4550265302734394,3,India,Mobile
299,35.91947704435871,10.640655846078,0.4184691511842262,9,India,Mobile
300,33.869509642877645,9.634010423627812,0.4637210457635471,10,Japan,Tablet
301,39.294657184092614,12.06096497633873,0.44630639776028613,13,Japan,Mobile
302,34.51424813073094,9.74994787813248,0.5220118182342632,11,US,Tablet
303,49.5319520497221,9.596520791789372,0.5258326749930098,18,India,Tablet
304,36.195021648719546,8.086361210939335,0.514675342005889,14,Germany,Mobile
305,21.77104710717584,13.103416746491416,0.5860584369751434,14,US,Tablet
306,29.952451056360598,8.448540296140672,0.5887688249000744,20,Japan,Tablet
307,-12.65075102013757,8.492917066695554,0.4635738534560349,16,US,Desktop
308,23.966912470855373,15.97702732590443,0.4840927448277679,12,Japan,Desktop
309,46.6439788952987,7.925887950254967,0.45297606056426687,7,US,Mobile
310,23.49769183158634,12.505935119518691,0.5460229152374602,3,Japan,Tablet
311,210.10686264553675,6.34891450472104,1.160112866377927,16,US,Mobile
312,27.735254099372458,5.3536948548859495,0.2738528694752355,18,UK,Mobile
313,10.533602766337523,16.145519013599532,0.5880041840285063,14,Germany,Mobile
314,20.300928816205317,9.35791198566887,0.4938774533678289,0,India,Desktop
315,52.926670972294374,9.698058324507148,0.4926745304609556,14,Germany,Mobile
316,13.299559795454812,13.383254819731873,0.42823568764178005,6,UK,Desktop
317,28.96753905179959,2.991852749663879,0.4619561847206791,7,Japan,Mobile
318,26.706699125302787,5.388476721023494,0.40803839891928695,21,Japan,Mobile
319,37.297945230650974,10.515981335702481,0.3428395809104874,0,US,Tablet
320,24.987792192613085,-0.8920840198063118,0.3993183766536692,10,Japan,Mobile
321,33.69242485520824,14.897222511961168,0.4132143678757202,14,US,Tablet
322,41.514024816695596,15.702020574604258,0.4418337966654289,11,US,Mobile
323,28.255668349979928,10.129348287590483,0.6089715010448765,1,Germany,Desktop
324,28.72469257296874,5.216787048770771,0.6667119504014583,3,Japan,Mobile
325,23.826806312433632,8.057859397891828,0.6232591226024418,20,Germany,Mobile
326,12.2673755229671,9.522641723078742,0.4274630187884376,21,India,Tablet
327,40.86281113187982,13.628435717176298,0.40032552191326704,12,US,Mobile
328,26.149922922391383,8.038551189525675,0.430533916367847,9,US,Desktop
329,35.31436271698695,13.270986744255342,0.6048194963311753,19,Japan,Mobile
330,14.917546381275521,5.226452271278822,0.7179386743847908,14,Germany,Desktop
331,34.871194292516996,10.89136355492179,0.5702991495346389,15,Germany,Mobile
332,43.4602378351861,8.884897076009809,0.5525495618233085,5,Japan,Mobile
333,19.258334288141757,8.786200760804181,0.4911575914393598,13,UK,Desktop
334,23.761412559784738,8.786479982543803,0.6030573672043626,8,UK,Desktop
335,31.250368579327873,7.850139101321509,0.6110821046116599,17,Japan,Desktop
336,31.522022345142545,5.550444221765984,0.5255953922270752,1,US,Desktop
337,42.6353818003647,8.818410872373152,0.377774702650601,4,Germany,Mobile
338,36.983063847518466,15.35739178525456,0.7168733086746065,22,UK,Desktop
339,42.95773291697837,10.298147938600763,0.7079682853624241,21,India,Tablet
340,49.5796780671203,13.40446110996826,0.6442933730379844,17,US,Tablet
341,32.47875191398584,4.295493054854539,0.5871121443889605,22,UK,Mobile
342,40.03895312126299,14.058931393499694,0.5896621892417694,8,US,Tablet
343,15.224854472892096,11.046757320029805,0.57754375301513,7,UK,Tablet
344,43.076780387654196,9.080409828858233,0.3468583268804835,15,Japan,Tablet
345,24.294400818555552,15.458675570476121,0.6178516124413032,4,US,Desktop
346,154.05313587514746,15.463774603883305,1.3301768111784664,17,Japan,Tablet
347,32.37178664709684,14.225785124816483,0.5228458355988692,4,India,Tablet
348,114.6175377848698,7.968188996648911,1.473842552389954,22,US,Mobile
349,11.401614893410912,11.174020090050888,0.48354173752993074,14,Germany,Tablet
350,28.07740812978612,13.629344339773109,0.4374507650749584,5,Japan,Desktop
351,39.2687354834405,14.965497810316155,0.3734974658539132,1,UK,Tablet
352,21.283499137306997,5.707313704754582,0.49811917012174245,5,US,Tablet
353,25.628763053286136,8.833103643258761,0.5644827777462759,21,India,Desktop
354,106.16160580601758,14.449296381470512,1.098268695339664,15,India,Tablet
355,10.961514552766683,8.348763500759114,0.44440272219093185,21,Germany,Mobile
356,28.882753764334286,3.9987672535069203,0.3925186793308527,22,UK,Tablet
357,45.15790696023774,10.148292652033351,0.45439858628069246,10,US,Tablet
358,23.536457392128316,9.235248496487646,0.4672622327502099,18,US,Desktop
359,45.71883692936811,12.579530623617687,0.4979266979676107,12,US,Mobile
360,21.201914718723323,9.316505978619595,0.29641001465622774,10,UK,Tablet
361,33.22365927810061,8.670879520512528,0.5134067800608585,10,Japan,Desktop
362,64.99355384271436,7.306667965062923,0.43343184580133814,6,US,Desktop
363,173.84585199976527,10.706071088050923,1.1037034090878612,10,UK,Tablet
364,30.19836074576435,13.567121967866871,0.6484954024345878,12,US,Tablet
365,33.532701897012636,12.755820921866011,0.2715264964569275,4,Germany,Desktop
366,20.141635279296004,12.019565383256479,0.5321875503596901,23,Japan,Tablet
367,48.20223119138059,10.680454256986128,0.5208604224966071,3,Germany,Desktop
368,29.715577727432326,18.96362938094898,0.45963471758128377,13,US,Desktop
369,11.0895391359834,6.1468972487658915,0.5281552113668458,10,Japan,Tablet
370,48.73331954224835,14.813509642451649,0.5239339499161306,14,Japan,Tablet
371,36.530446586781906,9.092465188870252,0.2983092713361257,10,Japan,Tablet
372,23.68380408961248,14.343800560021753,0.4257796840866848,1,Germany,Mobile
373,20.840108292359762,10.185404818863061,0.46340443097157613,0,UK,Desktop
374,35.6611133951028,8.097211444572414,0.35923696795156446,8,Germany,Tablet
375,20.98392143028132,6.117925986092217,0.568428538885891,7,Germany,Desktop
376,34.340359336387884,9.931137809407767,0.5002633393230724,5,US,Tablet
377,48.42689603215531,8.364460536175795,0.49827534789057665,18,US,Tablet
378,36.14826843045356,12.863252929172127,0.5971866618692525,7,US,Tablet
379,41.40139572392283,8.675066446549927,0.5055354411065242,19,Japan,Tablet
380,29.725079294991794,12.171438875126693,0.5600071902813004,8,US,Desktop
381,26.105586358778716,11.861914703898172,0.4620669227464911,19,US,Desktop
382,19.50198056380379,12.994968658176914,0.7500308492173122,18,UK,Mobile
383,20.452893970170518,11.348117831444085,0.45067684747249265,14,UK,Tablet
384,35.74958939656167,10.943111232363304,0.3868058247033202,9,US,Desktop
385,30.486793946999423,7.696527370641201,0.5516636908461141,22,US,Tablet
386,34.269852376820594,16.968832505148683,0.4597834896098641,15,Germany,Tablet
387,42.28104566410366,12.771703387559125,0.4867130777571954,21,US,Desktop
388,32.49295488424663,9.732059297981245,0.6221378348148223,4,Japan,Mobile
389,18.558979193909835,13.026626280845083,0.4540930265109404,21,Japan,Desktop
390,29.06861628202396,7.394587213047881,0.5412067851536531,21,Germany,Desktop
391,17.709667137752255,10.676000463319419,0.3294015361361642,11,India,Mobile
392,29.827673740414575,7.46916077508439,0.6083666907846833,18,India,Desktop
393,51.18317460462019,8.330341264214415,0.6447757048558631,0,Japan,Tablet
394,30.06048491529351,7.749797860892042,0.4623331677141118,0,India,Tablet
395,31.67359169520714,8.613344947740659,0.4972307119843223,15,Germany,Mobile
396,21.674996738412155,17.305780655152127,0.5819891705352038,17,India,Tablet
397,33.9663742907057,9.144489531655974,0.4226442801715331,12,US,Mobile
398,32.95644390384003,14.78339474352226,0.38750325571539695,23,Germany,Tablet
399,165.91940162497025,13.757317954346433,2.2003676317387053,16,Germany,Mobile
400,33.27877245518439,8.38572744380938,0.46057782899579924,4,Germany,Tablet
401,49.43039512551906,10.386247987117727,0.504044676410183,4,India,Desktop
402,27.172495256842716,14.893084844799205,0.3262060348349461,12,India,Mobile
403,12.08689318686612,5.008868638778606,0.2515699609971199,22,US,Mobile
404,21.640065073107245,6.000259221747981,0.4759987048641033,4,India,Mobile
405,35.80277358817464,10.240137739035474,0.39290334021053985,12,Japan,Mobile
406,41.41802026747456,13.450638546939128,0.4878724408198609,1,India,Mobile
407,7.972364400456694,10.172046888860896,0.6041378940991247,0,India,Tablet
408,20.13462790501832,12.263853078498247,0.6339132804796421,6,India,Tablet
409,37.82121115752693,9.353012119760438,0.5348813812225698,3,UK,Tablet
410,31.205975662880334,16.905262198337077,0.48287759885963005,19,Germany,Mobile
411,25.013920421962393,7.9460073225649275,0.5166080423064402,20,US,Mobile
412,41.13904999149452,7.569657564667301,0.5046832970769407,23,Germany,Desktop
413,43.94076727836862,8.596864080422968,0.5779072347601281,15,India,Mobile
414,47.83171075235403,11.756548729534071,0.6060427337411535,20,US,Mobile
415,33.14037500518508,5.257066070736091,0.5809837251230646,10,Germany,Desktop
416,31.428524220582275,8.02472103607195,0.5273832106938562,1,UK,Tablet
417,28.404845898774497,10.211445622098546,0.5310431388175357,20,UK,Tablet
418,35.96434619394138,9.488197342146792,0.4473573337171103,8,UK,Desktop
419,170.92660872999917,12.2862342300729,2.432982772830441,21,Germany,Desktop
420,141.0614848815915,15.432280626142877,0.8896325748026367,19,UK,Tablet
421,23.256363047299097,4.847112330173237,0.7109204456341244,4,Germany,Tablet
422,31.105345905738567,11.428757058776721,0.5202256579181226,8,US,Mobile
423,31.823078068103772,5.897451132377136,0.6696671750720772,8,Japan,Tablet
424,40.774420146749065,10.351813985891724,0.6343409390012167,6,UK,Mobile
425,19.80014056375184,10.495087815097223,0.2986119954060491,4,Japan,Mobile
426,24.1460639892431,9.502244905547125,0.22430056022991884,12,US,Desktop
427,22.698680651771127,12.962103491556359,0.4799566443563374,8,Japan,Mobile
428,10.216835166285843,11.2038406513635,0.4578167146352792,3,UK,Desktop
429,41.95718840581561,8.529960373125034,0.5601106508834593,11,US,Tablet
430,28.103281891105297,5.726339482330147,0.6163795368035658,11,UK,Mobile
431,31.02989330991597,9.502203728071951,0.5755569782721333,21,Japan,Mobile
432,19.77338656687514,12.070306584876462,0.30007102025014776,9,UK,Desktop
433,28.67306616442465,9.794916042695299,0.5339887926523965,2,India,Tablet
434,48.943643312507916,9.947267627038615,0.6815146863110553,18,India,Tablet
435,29.241307046541994,12.08825959081619,0.4979652439270127,11,Japan,Tablet
436,32.75300591811233,13.04998543989271,0.5452140417485458,0,UK,Tablet
437,38.38108905741835,9.146610369599074,0.5907373063474706,8,UK,Tablet
438,35.66042999766874,14.04255530816855,0.5278203077525461,1,UK,Mobile
439,41.505654930900555,5.285007508477845,0.3765987105422935,17,UK,Desktop
440,36.64788286965628,12.560031155243657,0.45441117317591817,23,US,Mobile
441,24.4580384818734,13.411022341510785,0.44716906691836117,19,Germany,Mobile
442,30.75864084002078,10.418669378871455,0.5075034823670446,17,India,Desktop
443,123.87718495646224,7.063093478640381,2.4670350944150607,3,India,Mobile
444,15.61732117525896,6.52444740018788,0.5304725672067576,23,Germany,Desktop
445,4.576999014364617,7.540966510877638,0.4691871850984983,0,UK,Desktop
446,20.25467340239493,6.672375730181594,0.3595954582080514,18,Germany,Mobile
447,24.084110641043672,5.459800259470259,0.44014137548668153,15,UK,Mobile
448,23.409704617073846,7.558417795706564,0.587252649672953,14,UK,Tablet
449,36.66313667421301,9.947878325164794,0.5874430171987123,11,India,Mobile
450,34.60523169931831,12.021944044417351,0.49094779520151716,3,UK,Tablet
451,44.69809748742381,11.40507314882319,0.4794354829207825,19,Germany,Tablet
452,46.328482203041524,13.445038445405368,0.5759617891276197,6,India,Mobile
453,53.76246041190841,10.558798798395307,0.5687227851483352,13,Japan,Tablet
454,21.202759143050223,9.467868809702049,0.5494146771403746,12,US,Desktop
455,39.95859812869233,8.447952940842036,0.3301475756557114,16,Germany,Desktop
456,17.259650271736604,8.905838163868554,0.6065255276229045,22,Germany,Mobile
457,38.18084141890742,11.250934540768764,0.5289100040978019,9,US,Tablet
458,41.52286160901116,5.6449359011200855,0.4812655321367618,17,UK,Mobile
459,31.041557544866535,13.054097114010286,0.40544412608031194,8,India,Desktop
460,29.861282350223718,14.261134766358055,0.40308910554115496,3,Japan,Desktop
461,31.95474696318696,8.420316324350098,0.5133578344458638,6,Germany,Desktop
462,29.773547369792805,13.13880124158225,0.52083977963668,4,US,Desktop
463,11.3737129462111,5.858909505656326,0.6832649680699793,21,Japan,Mobile
464,31.306910964900116,8.661048308472814,0.40875762110554426,14,UK,Mobile
465,23.909390669873545,5.396585343003067,0.472954606463708,5,UK,Mobile
466,21.17171169755615,6.054653047157349,0.5031865569800966,3,US,Mobile
467,20.96446883542641,7.236304087446049,0.5557611579556293,4,UK,Desktop
468,19.281676918159405,6.775049851294393,0.31587046594900847,13,Japan,Desktop
469,52.103522130998,8.686915834787188,0.7500943887047528,18,India,Desktop
470,28.883990318588587,9.782134472009144,0.5738373146552815,5,US,Desktop
471,23.756361866808685,10.461129394440672,0.4483297934653585,21,Germany,Mobile
472,27.9975238292379,13.806647070787747,0.6468742454470109,20,Germany,Tablet
473,36.30252554915157,6.117415174890228,0.5759972988961415,18,UK,Tablet
474,29.030739821587428,13.660895059483543,0.3607670044602068,16,India,Mobile
475,25.236636216845923,11.431104889378618,0.7627879416687346,0,Germany,Tablet
476,26.955804799467778,7.1680165138745435,0.7277419186572684,5,US,Tablet
477,30.81348929379416,11.155350426926635,0.42642081076966026,15,Japan,Desktop
478,32.327022238010954,12.776183045336964,0.701522269203713,10,India,Tablet
479,45.677556452168254,4.86206802658883,0.35631921579969594,0,India,Desktop
480,32.9432979029416,5.722320514124007,0.5259525292563074,0,India,Mobile
481,31.952651302750702,11.219087841464717,0.5040549494322804,2,UK,Tablet
482,34.739547107073804,9.987978445774502,0.6977237515536802,11,India,Mobile
483,50.18889138580242,10.39492517870692,0.5132089022804508,2,UK,Tablet
484,39.541691842224935,14.256660021468369,0.6249759684589585,6,Japan,Desktop
485,22.368948403484886,10.577734660726057,0.514716316267624,0,Germany,Desktop
486,30.68694298670507,11.997088898318133,0.585511239743879,3,Japan,Tablet
487,27.618759052475255,8.214862137206142,0.30084681056507456,4,Germany,Tablet
488,45.47476540196643,11.211129605821979,0.4360946559247478,22,India,Mobile
489,31.920582951188685,7.79327780493729,0.481803707466467,18,UK,Tablet
490,46.627038755625556,5.46177304232214,0.34412047099598514,8,India,Desktop
491,26.464174130904688,7.1328195397337915,0.4454945934747438,10,US,Mobile
492,13.689212270993387,13.420297990785684,0.6066565472768961,13,India,Desktop
493,45.36869423602287,3.539747447156956,0.49948848109715777,21,Japan,Mobile
494,32.0932368305797,11.848443172992136,0.46707763923708673,14,US,Mobile
495,21.2885563226439,12.281776446499375,0.6088054993950748,10,Japan,Tablet
496,13.584937527835454,5.050616544348247,0.5201592992590077,15,US,Tablet
497,42.069544922442205,8.681338457367055,0.7161950679368028,10,India,Desktop
498,28.198986216232843,11.32774549311132,0.5859809065525168,1,US,Tablet
499,35.320773689423284,9.595664417129852,0.5805997618609955,21,Japan,Mobile
500,16.062164461228758,13.62500647620094,0.44536116074454307,18,India,Desktop
501,29.118503989508465,11.217227018390975,0.47061414560918285,23,US,Tablet
502,40.145544462465054,8.797378747659266,0.5580529976260555,17,UK,Tablet
503,26.687322312686153,5.126255139451036,0.4725054454910084,5,US,Tablet
504,47.360534902264675,5.732876946735365,0.48222133621696317,5,UK,Tablet
505,31.10111407124817,12.80952226522951,0.361435910556144,21,US,Desktop
506,26.05968417431479,10.103793988759795,0.3028796353986753,17,Germany,Tablet
507,29.911718555536343,12.189409836011055,0.5963173451388959,21,US,Mobile
508,16.58541796027517,6.763574836318259,0.6049802478798424,10,Japan,Mobile
509,35.467193369771266,10.044683183430484,0.6630595788042204,16,India,Tablet
510,41.1166138589041,11.541748648961981,0.45525419021572944,13,US,Desktop
511,46.24857532331289,12.26111969566535,0.6441770180043048,13,Germany,Desktop
512,36.43035240684244,12.094917628625018,0.6204207544537257,3,Japan,Mobile
513,35.20721455640702,16.237654379235625,0.3912180132816974,4,India,Desktop
514,35.225960412818324,8.060448712692036,0.4347156040879553,1,India,Mobile
515,28.96955546331557,13.61843804529854,0.5529689143740437,2,India,Desktop
516,31.703946038532077,15.695262582698538,0.5876081658244826,15,Japan,Tablet
517,37.30928807713261,3.5033070525305217,0.4973464451404047,9,Japan,Desktop
518,44.90107630990791,9.604450660344368,0.4601176984975756,19,US,Tablet
519,26.282018584702232,13.93675655715241,0.5610888384419841,3,US,Desktop
520,22.098326480380933,6.883279922494248,0.5525513091500438,22,India,Tablet
521,29.610091424594234,13.22351303560481,0.5887146276569047,2,Germany,Tablet
522,22.117145659664352,14.942689169180952,0.48373936735503203,17,Germany,Desktop
523,45.74707307314618,10.779099626325278,0.48345631663148286,20,Germany,Mobile
524,26.916325008873276,10.962468236489721,0.5778003869092471,13,Japan,Tablet
525,23.424978445873617,7.810154840296507,0.45340917938002434,10,UK,Mobile
526,42.820313915556234,13.309719341296553,0.4418500806231366,12,Japan,Desktop
527,28.126920639359643,8.409301685502085,0.5409760582510569,10,Japan,Mobile
528,36.367587264777946,6.817720757167638,0.5094948717654657,3,India,Mobile
529,16.212903749549394,14.007407396695783,0.4893559403858233,12,US,Desktop
530,206.89169953626737,8.212447310883121,1.6299577518369215,16,India,Desktop
531,36.615679175494975,14.442455248253758,0.22021362438010522,22,India,Tablet
532,40.40418675037222,9.480757564178884,0.42778780454819343,18,UK,Tablet
533,43.957272296666616,7.323983362135843,0.5813929522514604,23,UK,Tablet
534,32.35495445729048,11.122037167173952,0.5805746347152969,2,Japan,Tablet
535,29.228313301002228,5.759452557778276,0.5852220068944013,7,India,Desktop
536,32.868702986046806,4.930577074914371,0.5074632935391837,17,UK,Tablet
537,42.52626751652407,7.302680088071295,0.6072948391497761,23,UK,Desktop
538,25.357565084396327,18.115545755232827,0.3420516959920241,2,Japan,Mobile
539,26.15577947891649,12.187961516306798,0.5796601938686186,15,UK,Tablet
540,42.50905203342185,11.332653135431634,0.4616426449693345,14,Japan,Mobile
541,30.28571090375301,8.96809320556477,0.6326699280926962,3,UK,Desktop
542,27.674219507404295,15.848240446433001,0.20871135486938425,19,Japan,Mobile
543,25.882845065336785,9.694715484825657,0.3350064826560303,2,US,Desktop
544,49.76406853256938,10.050348328412737,0.37149581278389454,4,Germany,Mobile
545,24.5112560623258,5.1076088302187275,0.5001952243824737,13,US,Mobile
546,26.071985533651766,11.279102518430477,0.40108458149851617,3,India,Tablet
547,52.37798312083255,3.640925561195772,0.5869320941324858,13,US,Tablet
548,29.199473742608177,9.57199705901318,0.36816138923053066,21,Japan,Desktop
549,20.371435414145058,9.712635051881138,0.6296448400892818,14,India,Desktop
550,5.213735485666508,10.751916400691133,0.48543119261451373,6,Germany,Desktop
551,29.843267161372996,12.262021527661974,0.5306704534845043,22,India,Tablet
552,21.94826451088197,6.615810673018892,0.4759263124774185,8,Germany,Mobile
553,31.66763941916968,3.760875094447485,0.4322072819922359,21,India,Mobile
554,31.315186668437775,9.424776777586507,0.6006539300736824,6,Japan,Desktop
555,30.995537656023124,12.053401161206367,0.5406317657246736,20,India,Mobile
556,20.270944616833564,7.199688120159779,0.5702455880946068,5,Japan,Mobile
557,31.343595712927186,8.911138459720663,0.42924237308749225,1,Germany,Tablet
558,18.32662641072392,10.21648940524719,0.5193256758582014,22,Germany,Tablet
559,32.23723119648138,6.206641479966198,0.5471250776015769,14,Germany,Tablet
560,31.78602280145586,7.7966399829556945,0.3519008130274246,15,UK,Desktop
561,30.030748843169967,11.200510887150259,0.6053438977337683,9,India,Mobile
562,23.714833070838438,10.742990789940677,0.5815411842290927,0,India,Desktop
563,14.786638386259948,8.238568674968768,0.45704638531873387,18,US,Tablet
564,32.45194648838364,7.820848297424931,0.5251961916696828,18,Germany,Mobile
565,21.171418828487067,8.480162862540453,0.398919305263684,21,Japan,Mobile
566,20.573718533446463,5.672592599481266,0.4709480848264767,1,Japan,Mobile
567,40.13900722824614,4.737967345072749,0.6460893353371014,0,India,Tablet
568,9.481935898403773,10.264278602377471,0.29945894964960423,21,UK,Tablet
569,36.445953996024414,10.330450120231006,0.5542006820392299,13,India,Desktop
570,35.74432624475802,8.572989478456359,0.6502954339687119,1,UK,Desktop
571,58.091980141088456,11.41885999108011,0.49052739887264957,14,UK,Desktop
572,19.52025655553723,15.961515638548288,0.45354501045345635,21,UK,Mobile
573,29.628957475236465,14.599049737176676,0.5621381098125778,2,Japan,Mobile
574,42.10025951978156,10.07572714909685,0.5776509904269542,21,Japan,Desktop
575,26.582840910086478,13.574555910606904,0.4614463749532168,11,Japan,Mobile
576,9.23096144422287,10.560179094409678,0.43614999603908156,6,US,Desktop
577,27.816276699475797,6.700086959205576,0.6657385736126533,0,India,Desktop
578,30.019105147321362,16.232530108856775,0.5084209074665442,21,Japan,Mobile
579,47.60135820221401,15.769992683174127,0.4983425100991167,9,Germany,Tablet
580,36.12793572764753,12.549924689285179,0.6055804299235735,6,US,Desktop
581,23.52521852964091,8.300669836712647,0.4590781972016238,17,UK,Tablet
582,43.464107017771894,10.502193230240147,0.38832655466458266,8,Japan,Tablet
583,21.589546606126362,7.930066936487234,0.6131939012319705,4,India,Tablet
584,41.84698497671884,7.460591218572634,0.34623001493615824,2,Germany,Desktop
585,36.70548698632055,6.3727439179296566,0.5223539071771548,9,UK,Desktop
586,34.10709659764232,9.526791125731082,0.4251783593195106,20,Japan,Desktop
587,48.18700338384254,5.575132966236629,0.450211467499668,16,India,Mobile
588,36.260855791069176,11.343239519997438,0.610516689457715,6,US,Desktop
589,15.627494497782424,12.289546664587885,0.3722322345360357,20,Japan,Desktop
590,31.6553571124458,10.070209344600228,0.5003916024934095,15,India,Mobile
591,32.52827634141363,9.056760130424115,0.6148601445077132,22,India,Tablet
592,24.836950856466864,14.988144007196205,0.5441801698682069,20,Germany,Mobile
593,45.996392122288576,10.43342286996154,0.3781993091713774,8,India,Mobile
594,38.20337475368347,10.994684226173913,0.4111737942631243,14,Germany,Mobile
595,119.33271157077158,15.900156984424356,1.2944735998196446,15,Japan,Mobile
596,17.874115850617894,9.771036269368324,0.5022938156315336,13,Germany,Mobile
597,44.81253672876977,12.696636015047028,0.4916395731783893,14,Japan,Tablet
598,30.9818236324858,8.617830821414191,0.4132064532808176,1,India,Desktop
599,43.66522215163239,5.851482672796467,0.40128923256577625,2,Germany,Desktop
600,15.309197985388117,6.742333682284515,0.45202629286566753,18,US,Tablet
601,31.99047200892295,8.784318860378617,0.4611936908721195,4,US,Tablet
602,48.36517230354684,7.546416236222543,0.6493898436441092,5,US,Mobile
603,9.849798525965312,10.622619904977833,0.4903151799151263,1,US,Tablet
604,19.162688795672636,10.103569295044498,0.3724797577053911,18,Germany,Tablet
605,35.350877240817944,10.971013636886294,0.4706752646400908,13,India,Desktop
606,47.270805286657776,8.419002614174651,0.5811912530551976,14,UK,Mobile
607,13.771206035378459,11.899611449073149,0.3398478737090057,15,India,Tablet
608,6.944544610668668,8.771614552937923,0.5180248125891317,5,India,Desktop
609,24.92008604086179,3.8004437201067773,0.4523215832666368,6,UK,Mobile
610,35.38023351971407,8.348261710691288,0.3985780382965653,20,Japan,Tablet
611,31.67565492438962,8.902956930036748,0.43634949164779646,9,US,Tablet
612,34.37558639290887,11.485516728051747,0.7905965458698738,10,Germany,Mobile
613,29.75591976200775,8.093743657017399,0.5887973626991204,18,India,Mobile
614,37.720318609300534,14.429783330278964,0.36659343878319867,1,India,Desktop
615,45.31392190832675,14.015115613074805,0.6359800815598692,18,US,Desktop
616,26.7558622819045,7.814911273210448,0.4912508083981301,23,UK,Tablet
617,34.03712101812306,10.526018752379885,0.5202284164802319,21,Japan,Tablet
618,33.94238226270486,8.603618960610731,0.39517364430650315,2,Japan,Mobile
619,26.405189797044656,10.10859291489572,0.5628303874070346,23,US,Desktop
620,28.999509115955526,6.349777886519839,0.7200863040558867,21,Germany,Desktop
621,48.627399558565955,9.943505029911421,0.428306153083134,16,US,Tablet
622,34.71428966874251,8.902101186649846,0.3646045135272525,8,Japan,Desktop
623,51.54738831099607,15.84940543122284,0.19247445947044156,8,Japan,Tablet
624,41.84275171633841,14.846438399198522,0.3533037380017442,15,India,Mobile
625,164.39489992818446,10.642936297372241,2.184989016122044,20,Germany,Desktop
626,32.44930802243271,10.495217857612921,0.45256268900719665,7,Germany,Tablet
627,167.59245297146833,16.83415194270437,1.8289160397889748,19,US,Mobile
628,32.14374280047643,18.978191083111945,0.5424450325773892,7,India,Mobile
629,26.94567722083817,8.65892058719653,0.26926758464017875,11,India,Desktop
630,34.91800131962723,7.577590132692867,0.520720281929909,0,India,Mobile
631,48.995117942477506,7.709448518636969,0.709938142533217,6,US,Mobile
632,38.130735636800836,13.061863215605737,0.45724969638278695,17,US,Tablet
633,46.175632864772325,9.458818930852805,0.5465022355041278,2,UK,Desktop
634,35.52199770652319,9.351427141278561,0.6132040153011795,1,UK,Mobile
635,55.64388423135646,8.433139801120355,0.5041042245397507,5,India,Mobile
636,17.280213923502185,7.923569219972899,0.5862625002538635,4,US,Tablet
637,26.514862170268437,7.432475708161542,0.41042225536817395,21,India,Desktop
638,44.229765146691825,13.19007309884616,0.5166643379090848,19,US,Tablet
639,24.84488032448286,7.372320227908145,0.5019255233600464,21,UK,Desktop
640,29.084096012865903,12.860844689633268,0.41443371357899617,6,US,Desktop
641,38.33593018609844,7.427721616247893,0.5410617861882215,4,UK,Mobile
642,37.385610689986876,6.731968615853647,0.6490636876949201,1,US,Tablet
643,40.734281821614815,10.75714546006467,0.4541077782128593,22,UK,Desktop
644,21.855751405651176,7.51860046456634,0.46810434743733553,11,India,Tablet
645,33.23057155538586,9.870359049123927,0.6361354304169364,17,India,Mobile
646,34.12692881156116,13.14713626093721,0.38002260790346165,19,Japan,Tablet
647,26.800571588025804,12.22831854189965,0.5377717747877562,14,UK,Desktop
648,18.80060636935555,13.992334942005362,0.5585480239778405,4,Germany,Desktop
649,45.298185341257096,12.634934880375205,0.4883647959751184,11,UK,Desktop
650,23.433680850087697,9.748758177408785,0.6073297955079326,21,UK,Tablet
651,44.502908774235046,11.352345349887493,0.426932664620022,23,Germany,Desktop
652,33.86015740233353,5.014158388872019,0.6632384957056856,18,US,Desktop
653,39.6623125691818,9.469566169794104,0.6258542963054822,18,UK,Desktop
654,54.24261264751592,10.137544793563302,0.3231837693573222,17,Germany,Desktop
655,20.485986675992827,10.980970805923835,0.6209181685482639,12,US,Mobile
656,18.750637664038702,11.832853467811093,0.27701695966595197,8,UK,Mobile
657,22.514345326392274,8.271482417575093,0.6124022245533692,0,Germany,Mobile
658,38.13368036707877,13.396460142448156,0.3371385733110966,9,Germany,Desktop
659,150.90457582371764,5.173430890907362,1.6184676887963674,7,UK,Mobile
660,36.69244211816818,14.109265566394534,0.4666208513576743,14,UK,Mobile
661,33.11559387660544,4.724658269499704,0.7244122256103944,12,India,Mobile
662,32.40676286485657,8.441547343094175,0.4658262858803419,16,US,Desktop
663,26.638628013533356,7.6658448858233665,0.5469087387512528,17,India,Mobile
664,19.456590127149163,14.394770612871623,0.4164189015073726,2,UK,Mobile
665,37.60829928059739,6.944206575303033,0.5435694238853338,9,Germany,Tablet
666,37.60840341695558,9.261029299571899,0.5899080506637158,6,UK,Mobile
667,31.942488228457847,16.538165048929166,0.45941729247776647,1,Japan,Mobile
668,43.478425673985114,10.763115009000689,0.4410597929987394,20,Japan,Desktop
669,20.990272214798807,12.181784161649142,0.42904973527309986,11,US,Desktop
670,23.156882572533778,6.42349724112099,0.46095639486700624,9,UK,Desktop
671,16.97905048279572,7.824955467796619,0.6001404953367392,0,Japan,Mobile
672,37.699616263978925,10.671478967760258,0.6260872580664343,3,US,Mobile
673,31.383576815393724,13.616657117617732,0.38635951823914505,13,Germany,Tablet
674,32.64288229852176,12.284763926852033,0.4736004638273349,17,UK,Desktop
675,37.263520266078345,11.78102207205944,0.4326805395892444,7,US,Desktop
676,31.15099696660362,11.313474372975794,0.4263390176889771,21,UK,Tablet
677,29.705469485164606,8.663722170388612,0.5262901956506802,8,UK,Desktop
678,33.409664334934156,12.264635697408078,0.4430470773367107,1,US,Desktop
679,37.903493033344866,8.921416410817828,0.5700726427624954,16,US,Mobile
680,39.045269614621255,14.633979366019759,0.6351659111158116,1,Japan,Desktop
681,26.76415731864607,11.615054377215515,0.5385963898059509,18,Germany,Mobile
682,12.122628062067648,4.42790958638139,0.42419773424693963,14,Japan,Mobile
683,87.5480299283443,12.10558101588062,1.591734825702381,0,UK,Tablet
684,11.798319508216423,8.994002359972523,0.4423521784793173,21,Japan,Desktop
685,18.601858999512192,9.707439526870973,0.5108231682695821,1,UK,Tablet
686,268.81035058467035,7.654646921934981,1.8998165923939225,19,Japan,Tablet
687,27.040357670071266,6.4247266171438575,0.5130838234791997,13,US,Tablet
688,44.71173575840783,11.19703209411246,0.41318967078840635,3,US,Tablet
689,37.06519647555995,8.945070245159515,0.36637297079580167,23,Japan,Desktop
690,33.382717400421086,9.582115744720655,0.47163078407512216,17,Japan,Desktop
691,22.0373269296785,13.317467542082788,0.5053747766887687,2,UK,Tablet
692,23.74368511511239,5.483106722157876,0.4229855827889276,23,Japan,Tablet
693,29.541897425956467,5.173519942539652,0.4427198184691547,1,India,Mobile
694,25.916752668204616,10.970051482740859,0.7001188339675519,13,US,Tablet
695,25.007333543106114,13.708216635384915,0.4700548562890159,14,UK,Desktop
696,22.31655297769469,15.124237182434907,0.5497372230328138,15,Japan,Tablet
697,36.29246180100363,12.971777440799325,0.45502032397550296,15,Japan,Mobile
698,29.7441526310612,2.85637750538735,0.6868817469857567,4,India,Mobile
699,19.95412331610136,17.03424353388817,0.5689124328597035,21,Germany,Desktop
700,24.54910367231596,7.237207151830631,0.29867746763031006,17,US,Desktop
701,40.83967127116638,7.071100047739189,0.45166089006174825,7,India,Desktop
702,33.28093570212864,10.010011334127448,0.5404171006454169,10,Germany,Mobile
703,41.86665983186447,13.974195784438304,0.6245940485917704,19,Germany,Mobile
704,13.223001545846099,13.818787831998781,0.5716636767171623,6,Japan,Mobile
705,31.557887704044017,12.16284372233881,0.4598031107857687,16,Japan,Tablet
706,43.453409545017585,8.788092606346131,0.44519533568892594,7,UK,Desktop
707,25.928807794002598,7.53531663288903,0.47256265707676354,23,India,Tablet
708,20.279496714463118,12.778049738430482,0.4558585276121027,2,India,Mobile
709,37.08863793028348,7.5070696112150594,0.43693920914908196,17,UK,Tablet
710,15.302113932329643,10.591197856443817,0.5962867045414934,2,India,Mobile
711,27.64595889338421,15.002604273619943,0.38880244632372285,7,Germany,Tablet
712,22.695783429918087,8.338038781551269,0.6052449291004575,14,UK,Mobile
713,40.93690815328246,7.682622578572784,0.37616545159496106,2,US,Desktop
714,37.671716938813105,6.888227769520109,0.41265149063642137,9,Germany,Mobile
715,27.18698398379729,7.954111322059357,0.5940983573099567,13,India,Mobile
716,27.31003190685459,9.238769681417267,0.5476216765964675,3,Germany,Mobile
717,39.01813367290109,10.498951261286813,0.30499502575629434,2,Germany,Tablet
718,16.50295284024722,8.514981095608315,0.45358162805910796,7,US,Mobile
719,29.647879448693367,10.032248376921919,0.4257107920000157,15,UK,Desktop
720,23.386521367305235,13.477366342480144,0.5820146132151476,17,Japan,Desktop
721,30.418193538327383,8.09609141936442,0.24418860756261307,16,UK,Tablet
722,40.46043447399248,7.744691903709133,0.4884337982042126,14,Germany,Desktop
723,41.222361085225344,12.306779358141453,0.50648345889881,1,US,Mobile
724,17.77227203261838,12.848134737130632,0.5392092910687565,21,UK,Mobile
725,30.858600042356795,11.846105027801935,0.6631654569900169,11,Japan,Desktop
726,23.661513485817487,13.378923695916646,0.5608267637819188,15,Japan,Desktop
727,20.165019959241555,8.828184347050156,0.7244421400389961,5,India,Desktop
728,25.39979606990085,11.812245814290748,0.5058412187254875,13,US,Mobile
729,30.510055737674406,11.783914346247844,0.7382424697098896,17,UK,Desktop
730,12.811917273248863,6.980302374500001,0.5130592635748694,2,Germany,Mobile
731,37.24245999691601,6.481959483874437,0.6047507523809174,21,India,Mobile
732,16.789104502833197,8.005140383378462,0.5438312243141556,14,US,Desktop
733,27.351179079425446,10.240489675865936,0.7666806637525014,16,Japan,Mobile
734,29.753879906887686,8.024347449488785,0.4605123027092434,19,Japan,Tablet
735,25.746815942142767,13.181981493545596,0.521721645502712,19,US,Mobile
736,19.73083932235832,12.59728698652231,0.5589842413011187,4,US,Desktop
737,31.505590456979615,8.637112243184898,0.5318980624963932,9,Germany,Mobile
738,24.44518242049508,11.323194385074206,0.5716110816630592,5,US,Desktop
739,24.006173567686297,9.552000248818421,0.5722353728602007,8,UK,Desktop
740,25.924035960209675,18.652984748240353,0.41086548208969387,14,Japan,Desktop
741,13.360278124549058,5.139419908149435,0.5198911472359404,17,India,Mobile
742,46.852484709526784,16.868414615164344,0.543834727018331,7,UK,Mobile
743,37.56084084285344,12.712507585713638,0.6293752711191858,6,Japan,Desktop
744,34.04438114180934,7.501253952965917,0.37141438670948634,3,India,Mobile
745,17.564526481722936,14.103688948488152,0.5264661619512613,5,Japan,Mobile
746,33.58978764887344,6.5395261871227515,0.5490155892784603,6,UK,Desktop
747,28.765700817629934,10.783629837750736,0.6567985174970783,1,Germany,Tablet
748,48.60687064683722,14.88286390365117,0.538784590246416,10,US,Desktop
749,51.508476204935505,8.797370067698271,0.506331285206527,10,US,Desktop
750,27.3274013054529,8.959039390776226,0.5684826290498664,14,UK,Mobile
751,26.24685265718612,6.293777785292933,0.4796392737381427,21,UK,Mobile
752,52.166166855490715,12.131252736517965,0.6144455212792639,11,Japan,Tablet
753,31.40618663382494,13.024476256042362,0.44671764390360885,17,Japan,Tablet
754,15.719961570340741,7.659861905798976,0.5014957873777254,16,Germany,Mobile
755,36.21573678018817,9.257080661868594,0.6966773024265706,18,US,Desktop
756,21.13976510709803,6.286381410496121,0.48122166523593113,2,Japan,Mobile
757,33.66852874737889,7.133468511894034,0.5202479130799569,18,Japan,Mobile
758,47.250412748857315,14.393742521302094,0.5913469134620931,15,UK,Tablet
759,23.177117841901552,0.5703590954405051,0.42424964850624713,22,Germany,Mobile
760,26.90013435067996,11.135268399032777,0.5241070311345793,11,India,Tablet
761,28.7956175057299,8.611612914577448,0.6947368037359684,16,UK,Tablet
762,18.725397489431096,9.63328006174938,0.4121729610354732,0,Japan,Desktop
763,28.77649211154099,8.283817753210789,0.7091872548560301,19,India,Tablet
764,21.470601260021557,10.607137541147349,0.4176599541503177,18,Germany,Desktop
765,18.6244632721029,11.378636014567043,0.5541405085707444,20,US,Desktop
766,52.48728463323992,10.503895517282098,0.5237785134012993,11,Japan,Mobile
767,11.315322417268845,8.570731910462905,0.572149775725984,2,Germany,Desktop
768,21.628536289938342,7.549016391285732,0.5657733243632329,1,Japan,Mobile
769,45.77128847844912,6.9521050287002275,0.30259337820376886,9,India,Mobile
770,28.34627373510725,7.308022024548609,0.4405546940604456,9,Japan,Tablet
771,42.33555911234198,12.713788405746161,0.49301156429799914,6,UK,Tablet
772,26.789088579362936,4.8220297886670265,0.5739770517037953,10,Japan,Tablet
773,35.49731741527122,10.553748187989067,0.44477908337714833,0,Japan,Desktop
774,50.298107675442076,2.2853680539701173,0.28581939326792694,4,India,Tablet
775,33.11137957696685,7.601210665193312,0.5836337984577847,1,UK,Tablet
776,17.29058428832306,5.326639513453122,0.5430334635297545,20,UK,Desktop
777,43.03429908636895,9.048542644747467,0.4846943100566227,11,Japan,Desktop
778,44.97662094763246,7.50999336030393,0.4256686026954746,13,UK,Tablet
779,30.578574440636594,6.016467539581575,0.3894576892222691,8,UK,Desktop
780,19.570833638496502,9.117531687093551,0.6067114020904645,20,Japan,Tablet
781,28.885783311226096,11.617920346082682,0.33351730207242747,11,Germany,Tablet
782,19.62068139080909,10.935724657241831,0.5880633432854915,5,UK,Mobile
783,16.587387798986715,12.78902585788547,0.4479299203381941,11,UK,Desktop
784,44.5798996972141,13.792947730429853,0.36428180904790397,1,Japan,Tablet
785,44.02195772138317,14.215159294533454,0.42897616956745627,9,Japan,Mobile
786,25.739965680197418,8.643779826093452,0.507827670681611,3,India,Desktop
787,185.41425735223498,10.175649230022268,2.509934299076398,14,Germany,Mobile
788,25.52241716973543,9.879914171316186,0.6224744279568611,3,Japan,Mobile
789,25.906332814088763,8.882413772260213,0.3155084009468162,21,US,Mobile
790,6.1028157454550644,7.958544096111076,0.46433733817819356,19,UK,Desktop
791,45.824504742196766,8.607311262630173,0.6794910402535899,12,UK,Mobile
792,27.94888070530247,7.321934936757318,0.7401411086363642,23,US,Tablet
793,19.658735732339295,8.225618379747292,0.3930760339739867,14,India,Tablet
794,26.167060833582344,9.258896544615183,0.4155246437297658,7,UK,Mobile
795,45.986276677568114,8.003228154374227,0.48041068052188496,23,UK,Tablet
796,29.10119479782075,11.038453612315717,0.39166057986858077,8,Japan,Tablet
797,14.271768544190035,12.46781403637816,0.5887826974556237,0,Germany,Mobile
798,23.03617963997728,8.084713742721815,0.5538358674578976,23,India,Tablet
799,27.40524199384973,6.3846546170488185,0.42176114809775994,6,UK,Desktop
800,52.38428192388931,12.764620479761604,0.33695079144677764,4,India,Tablet
801,25.71611279034313,11.138671021523288,0.5522719823123393,9,India,Tablet
802,24.384270335241514,8.862121473056632,0.5187385944141425,8,Germany,Desktop
803,35.52478870096075,5.16861917903627,0.5480138072444136,15,Japan,Desktop
804,23.424858407361068,11.133733522773865,0.5619243236967221,22,US,Tablet
805,20.283319394975443,10.580302799057618,0.6002205671987695,7,India,Tablet
806,25.710614331273327,12.619949584265797,0.32772500541217325,5,India,Desktop
807,48.76625706654998,8.423071037637202,0.5654958943860087,4,India,Desktop
808,13.998028327593794,8.358914364270053,0.6246958182003008,22,India,Tablet
809,31.32740850789218,6.986395651469846,0.5447893942681166,0,Japan,Tablet
810,36.099607997541455,10.668228109585906,0.3159911142710343,13,Japan,Tablet
811,23.36851574474817,13.52610276856593,0.34430240982018623,14,US,Tablet
812,33.228099818332964,6.864689218002786,0.4103201794877555,14,US,Mobile
813,25.438726008727777,12.240750736581024,0.540181970563261,11,UK,Tablet
814,38.92163257751362,9.489328787917277,0.5090618813944875,3,US,Tablet
815,26.826614108162822,11.03733359020279,0.4787819496631248,22,India,Mobile
816,17.65230783615337,13.974206226455209,0.7033798435267193,0,Japan,Desktop
817,20.270683377811615,14.096268527082447,0.418280820553517,12,India,Tablet
818,31.98296958418633,13.932409057688972,0.49544376141959373,20,Japan,Desktop
819,21.555651804568466,6.214979343244516,0.5346860417977828,21,India,Tablet
820,26.605576902829686,8.653960692168672,0.5883600331314314,7,UK,Tablet
821,39.87561257286901,15.778340756546708,0.47764946718120505,6,Japan,Mobile
822,48.60120624049535,8.241657287536675,0.5668638699047169,12,US,Mobile
823,23.580851750591506,6.245670402025153,0.38632547932200334,8,UK,Mobile
824,34.258243335768384,10.543978916855362,0.41388231539477544,12,Japan,Mobile
825,30.68511670452867,9.976711434159846,0.5809569796242883,2,UK,Desktop
826,16.7754744742227,4.3023412659025935,0.5422598249252486,22,Germany,Tablet
827,24.613832317237005,10.726815075426527,0.3712410957885075,7,Germany,Mobile
828,42.793474395102464,9.504251444012494,0.42444976729305295,16,India,Desktop
829,39.84842393215456,10.79988289749085,0.6127800484200728,8,US,Tablet
830,13.554511625918842,9.701270730872128,0.5955291289015827,18,US,Desktop
831,277.1783433794158,13.626770269763433,0.9227038390120921,18,US,Mobile
832,12.988059807703603,17.598580637606943,0.5362590736116324,9,Japan,Mobile
833,31.88114319134166,7.692113596255972,0.4951951171424684,11,Germany,Desktop
834,75.7357742142593,12.118924769832597,2.4825373020720396,6,US,Desktop
835,25.386041097968217,8.743621385881399,0.652337533744938,21,US,Desktop
836,26.66226417249298,11.397463424155742,0.4268116131692248,18,Germany,Mobile
837,28.99896133083515,9.60304950917761,0.5203319927790658,18,UK,Tablet
838,38.25735666778832,4.902271291428672,0.5604534990468699,1,India,Desktop
839,30.49112221875336,7.6724192621119025,0.2644640982912495,15,US,Desktop
840,41.03007388969735,12.063453309548777,0.6095499396107957,14,Germany,Desktop
841,19.695608557127073,14.121311467814632,0.5445120023503437,9,Japan,Desktop
842,23.60068397663217,9.592332308833672,0.41858697667150535,22,Germany,Mobile
843,20.968820448918088,8.15776537657217,0.7070805585620892,6,India,Tablet
844,26.23876461203793,4.3718755334366435,0.45190938512190026,19,UK,Desktop
845,38.15612234624385,14.071924608356806,0.44127788232179493,16,Japan,Desktop
846,32.10996372695955,11.40527955730174,0.6178284289532824,6,Germany,Desktop
847,44.49745618144149,8.902080254113137,0.3578175166093616,16,Germany,Desktop
848,29.339847203043103,7.968169933143112,0.47175647436040735,7,US,Desktop
849,37.98169313225488,12.026307275487184,0.5617142731385322,18,UK,Desktop
850,29.25609045174231,15.32860132407314,0.5721208116928231,14,India,Tablet
851,34.09723150643737,5.047267592807928,0.5485157721331607,0,Japan,Desktop
852,28.219818895687762,8.592510667564216,0.5766575775604519,0,India,Tablet
853,18.006209558448237,12.608030043825119,0.5085818367516962,14,UK,Tablet
854,41.35124145614599,15.38071007689642,0.26569014837544247,1,UK,Mobile
855,16.06806765855666,5.599034515702861,0.6078724028538323,9,Germany,Tablet
856,30.301795692671007,12.21735966403422,0.25752764215379975,20,Japan,Tablet
857,28.88150411769023,9.754139565842818,0.4620929555931167,16,Japan,Mobile
858,31.0056641899761,6.254040953868343,0.42960129051979945,17,Germany,Mobile
859,43.408852983051204,15.258354817675462,0.4123916879886112,7,India,Mobile
860,42.2417432867106,5.677327775931938,0.39422339205902734,18,US,Tablet
861,36.183161976133704,13.186779136708203,0.5281001235235666,22,Japan,Desktop
862,21.81158420731493,14.823242357563995,0.4710099012348382,17,Germany,Tablet
863,12.541961325364092,13.72027997405073,0.4095461184491347,3,UK,Mobile
864,41.32992039978282,12.827925490118147,0.5387938405054259,13,India,Tablet
865,34.794796562222814,16.681697073406287,0.6690796031003712,19,US,Tablet
866,36.082775612359896,10.229436124891553,0.6609531406888158,3,Japan,Tablet
867,28.720545926407382,9.896411702557273,0.27766760051982053,18,India,Desktop
868,33.64189695363996,10.636984792191585,0.60366419971445,18,Japan,Tablet
869,30.340951280432602,9.779859160688499,0.4209113066472484,9,Germany,Desktop
870,12.542435396905368,13.036138270956,0.4285052844292715,5,US,Desktop
871,13.43114427867729,14.972872876809465,0.6403749217749339,11,Japan,Tablet
872,35.75208322964522,9.751456309479114,0.4207633835252056,19,UK,Mobile
873,37.55691231801849,10.179785871660945,0.7804953807859254,23,India,Desktop
874,21.700799202026175,9.685158102933574,0.45177624084871537,9,India,Tablet
875,39.963279388778034,12.22740798783491,0.6330883343916536,11,Germany,Desktop
876,30.642429718060825,9.771650829922768,0.4953957830354566,0,US,Mobile
877,38.7481773600248,7.751989791377295,0.37530666305990884,14,Japan,Desktop
878,28.129969591794364,3.993510642607287,0.3387939403422707,2,Japan,Desktop
879,19.637029128538824,8.284743195550458,0.4109931503545673,4,US,Mobile
880,23.120117144034552,6.952208685218986,0.4486916756349457,10,Germany,Mobile
881,37.9671758213258,11.71268390928664,0.4896795310525367,15,India,Tablet
882,20.06090497792214,9.298453628348536,0.39235469180027893,20,US,Tablet
883,35.23822262240023,11.172832332405953,0.561753789878749,22,Japan,Desktop
884,25.408642896127148,7.018160284059132,0.5597065365195708,12,UK,Desktop
885,27.266556551259807,16.876789105063345,0.47656378205813776,5,UK,Mobile
886,15.826054378483168,14.514193621806811,0.520802318066297,13,Germany,Desktop
887,36.9633429903204,10.821276334177979,0.46533289535973754,19,UK,Tablet
888,2.2372728556338046,9.87549918412785,0.38836407242825693,16,Japan,Mobile
889,26.081918296321653,7.558005783120215,0.41659716717446843,2,India,Desktop
890,20.191696087488513,9.365747826229224,0.44383399366697224,9,US,Tablet
891,33.194335754158715,12.81558755509445,0.34097858566925376,19,Germany,Mobile
892,39.666079130373014,12.08211215957706,0.5682911204219259,8,Germany,Mobile
893,24.76857801810116,9.005772288127284,0.43506317531978633,4,UK,Mobile
894,220.77697357278623,10.318031524113511,1.1909124397478585,10,US,Tablet
895,29.317425148403107,10.58376282006781,0.7349476106976436,9,UK,Mobile
896,39.17024061018425,11.68783322620455,0.6560626088961559,3,UK,Tablet
897,38.45598920409523,9.472312529046953,0.4293941712605315,12,Japan,Tablet
898,28.81404143873064,7.639207216850149,0.5172293141709666,6,UK,Mobile
899,23.882889048652796,9.530365069696742,0.43951173235424723,10,Germany,Tablet
900,35.007717101417754,11.328191277215328,0.39805258143524636,23,India,Mobile
901,22.952313753072787,13.812615293333394,0.3843435070907391,14,US,Tablet
902,38.02639228300334,3.241370193321071,0.3754007433327254,19,Germany,Desktop
903,41.210758398488096,13.11178472526295,0.5654927273144722,4,Japan,Mobile
904,120.4935162543486,9.56669849180394,2.0070426327076043,5,Japan,Tablet
905,20.399184036664053,14.670295006425695,0.522321475475631,9,India,Tablet
906,31.093250284160998,12.784088302593243,0.5221007272374136,1,India,Tablet
907,20.544659021592224,17.331266291970095,0.5477250497839613,23,US,Desktop
908,17.239571760967785,6.532103140950988,0.6685494596527688,7,Germany,Tablet
909,21.81448303091212,12.983647605551322,0.49454214513817174,14,India,Desktop
910,30.981083899437117,6.213108389261252,0.5409245717828224,14,UK,Desktop
911,30.878916785030295,8.028572956715575,0.6213220173912894,23,UK,Mobile
912,15.068902205113297,10.1229229831599,0.47317472658896625,15,UK,Desktop
913,20.41349726187373,7.936651100722424,0.5287807148538057,6,India,Desktop
914,42.32507092657458,10.520645514223432,0.4595983526003537,7,Germany,Desktop
915,29.951149585755495,10.115988252856697,0.43474605881281075,13,Japan,Tablet
916,41.09479583299647,8.833789858592036,0.46795615965576964,6,Japan,Tablet
917,23.34109257233265,5.196988941321706,0.5785795304820809,22,UK,Mobile
918,28.939760035444618,10.658253577426166,0.48108804327487054,22,India,Desktop
919,24.482085116485948,12.081895622868936,0.5218348266671714,6,India,Mobile
920,22.127422385139738,12.19310377587406,0.3146511677990702,5,UK,Mobile
921,243.27129207699647,6.926230599164951,1.3345171132587568,18,India,Mobile
922,40.957023036047175,11.960544386247411,0.7318785201639699,15,India,Tablet
923,21.040692465943277,4.186942320953856,0.3163786093056634,13,US,Desktop
924,27.621789017170688,11.852536102182857,0.468643094014436,23,UK,Tablet
925,39.08134299176202,12.26553567719773,0.42873414894635664,21,Japan,Mobile
926,34.99774910881699,8.612210579806385,0.6281877420442509,10,Japan,Mobile
927,50.73445814551286,6.224071255920825,0.6302567775367142,16,Japan,Tablet
928,40.061512658943215,6.2765856319158795,0.5577111471541135,13,US,Mobile
929,36.006478413240416,6.484618201306121,0.42188667986570727,12,Japan,Tablet
930,16.093042997273464,5.633852636688545,0.2278015745196692,18,Germany,Tablet
931,22.800834082811427,12.269246872954113,0.43560550122349484,7,UK,Tablet
932,33.317801069067905,9.662111539036703,0.5909649973037661,11,Germany,Tablet
933,20.618294571009855,8.680766376524572,0.47552692099999877,8,US,Mobile
934,19.227433736754435,6.43710315937298,0.5234908547995087,2,Germany,Desktop
935,20.213561580623775,10.327536177441793,0.26375030928923765,14,Japan,Mobile
936,28.525079065662567,7.934141982740841,0.49673692398266517,19,UK,Mobile
937,34.735211921909155,10.821803255153284,0.39772696662613777,17,Japan,Tablet
938,30.292149385429457,5.004421590438053,0.3955059673412779,10,US,Desktop
939,18.290264537658093,11.511058671506609,0.5481817602099678,6,US,Mobile
940,29.38158404798444,14.151811852674722,0.48757492602467495,9,UK,Mobile
941,38.33478620441943,5.8966057214749865,0.4059521726846074,14,Germany,Tablet
942,43.76207231275937,10.93755292158069,0.614708657007996,3,US,Desktop
943,26.558783906157217,10.770528406626243,0.4941487176977949,10,US,Tablet
944,26.700209843989892,6.880052952367113,0.48374205018936406,15,Japan,Desktop
945,19.765181821155046,13.615122409006041,0.4511301566810704,18,US,Desktop
946,22.836001804415712,14.65497687671216,0.6229254837429293,5,Japan,Mobile
947,39.1718061759574,5.721732598662857,0.5698349202030168,23,Japan,Mobile
948,16.126274739611546,16.190365771341902,0.31959534107712184,18,Japan,Tablet
949,27.36433687927405,8.433322599750516,0.5498612275746748,15,Japan,Desktop
950,42.72041801841297,8.827483582306881,0.5020155916468412,3,India,Desktop
951,40.660331335324386,8.564798454149873,0.4322564654937595,9,UK,Desktop
952,36.57138852870017,12.881028966058892,0.489298530639036,10,Japan,Desktop
953,20.479845384306273,16.447413648389375,0.6012421535184032,6,US,Mobile
954,30.03317747126353,8.519974555632945,0.47801934206338315,14,India,Tablet
955,25.121382275317462,8.142623850119378,0.5393942632026636,7,India,Desktop
956,22.956429206612505,9.832936086261778,0.45745075258320544,10,UK,Tablet
957,38.44296340105894,12.759953272595187,0.5380669866916812,13,UK,Mobile
958,20.594603483811277,9.182468727956921,0.3288220881429281,12,Germany,Tablet
959,115.23083459427997,9.162989976523086,1.457969249959203,21,India,Mobile
960,28.364917344453332,11.839923657491488,0.31841490148106777,1,Japan,Tablet
961,252.09101758671198,9.499379109232214,1.6663849356401157,10,Germany,Mobile
962,7.409523617918403,15.065797133385193,0.5697232253556278,22,India,Desktop
963,44.43562151985087,5.145606043523628,0.4050119058394462,18,US,Tablet
964,34.47126501837748,9.688105671005454,0.5965011861722075,2,Germany,Tablet
965,139.01034884230836,14.316370878208723,1.523369586288573,11,UK,Tablet
966,156.81691728431517,7.418635040337349,1.138026171470931,13,UK,Desktop
967,36.53179620640098,13.274488745048881,0.7874774605499923,8,Japan,Mobile
968,25.198086544849385,14.031032830650151,0.5665199289852603,13,US,Mobile
969,22.347069507138478,12.517837923109306,0.5635030929994992,3,Germany,Tablet
970,26.12509690593894,18.948326916057315,0.31568101122464165,21,US,Tablet
971,35.16405046716248,9.563630908139135,0.5496337861516348,18,UK,Desktop
972,23.3261393253337,8.304306983092259,0.600920250637349,19,Germany,Mobile
973,34.498916806110365,9.67714561387367,0.6117431263313187,21,India,Mobile
974,30.731702042766987,7.5776832342066385,0.4236288797000213,15,US,Tablet
975,17.71937760522924,10.273911314224165,0.598699296097659,11,US,Mobile
976,25.833713590042752,12.38247952311348,0.5350410426102028,4,UK,Mobile
977,28.89227472136897,12.914576801448462,0.4048454513768073,5,Japan,Tablet
978,30.08952898121754,11.249933292835669,0.5141353821925178,9,UK,Tablet
979,30.481874333760395,8.883497432928797,0.657862899971858,19,India,Mobile
980,29.23237322227701,10.682815184619422,0.40493386900431194,1,Germany,Mobile
981,12.052287914280349,2.0537947044462657,0.5359978689613627,15,Germany,Mobile
982,38.25046460400745,8.965701027630615,0.56492072536743,18,US,Desktop
983,30.727561414723386,10.737082598161871,0.6180447643507845,6,Japan,Desktop
984,19.55352904147682,5.489026657659572,0.3766916361818924,9,US,Tablet
985,24.85926039393776,3.4715439373066115,0.36081026213506984,20,US,Mobile
986,30.95159241193551,7.300948825413483,0.6648304942111406,14,US,Mobile
987,19.561458756904788,7.531673928606365,0.7273382967666033,10,US,Tablet
988,36.760206682474745,17.503363803114386,0.6504323702850492,22,Germany,Mobile
989,42.71698211997254,11.137138272806377,0.5479106921036655,3,UK,Mobile
990,25.7885512331475,11.555225485667398,0.4882288773017728,18,India,Tablet
991,39.54809944357417,10.011277379284657,0.26712794521312666,11,UK,Tablet
992,20.929060148335314,16.960830075883617,0.46000889256503746,7,Japan,Mobile
993,54.84139912489114,7.643901885118309,0.40908341665911363,4,US,Mobile
994,42.50417705271129,8.447999378324102,0.4378476828184077,10,US,Mobile
995,26.414382823510607,14.274288455364719,0.691298667889711,5,Germany,Tablet
996,44.919331779928854,9.0076595874601,0.6899741562865349,7,Japan,Tablet
997,40.826030479112205,9.283954273516152,0.5359364606908791,23,India,Desktop
998,38.47383764095122,11.999459280357167,0.4005481418634711,15,US,Mobile
999,36.94744824838588,15.719231905991988,0.5038917822443455,6,Germany,Tablet
1000,20.69236906608488,12.782490802851846,0.5850740254094128,21,UK,Mobile
1001,23.71068697637991,8.302136511450527,0.45031311207968994,18,US,Mobile
1002,13.948174966848615,8.398650121860584,0.34558303936700474,9,US,Desktop
1003,42.461681364681525,12.438006594117834,0.37206859002679904,18,UK,Mobile
1004,33.202679294039555,9.597503834288862,0.6312023181159168,17,Germany,Mobile
1005,44.883211208521935,10.827940910798944,0.42978870943608255,13,Japan,Tablet
1006,35.18431032497157,4.898581783596079,0.42583440432107617,8,Germany,Mobile
1007,39.95384963819871,4.715076990033033,0.4125827378208672,18,US,Tablet
1008,41.5456752269138,10.543893407526673,0.31445797122466534,13,Japan,Tablet
1009,5.932187436142414,11.283105146048559,0.5852698044343986,13,Japan,Tablet
1010,27.03784967483484,10.783153143847086,0.380190720396525,23,Japan,Desktop
1011,35.96721316596693,9.5201724186577,0.42258322626352585,12,Japan,Tablet
1012,14.248864422164864,6.208178262579436,0.4878312476211026,5,India,Mobile
1013,21.369363465760994,8.718230282116757,0.38841587067618943,8,US,Mobile
1014,23.175336669622773,14.22018259378006,0.3363445301971281,18,US,Mobile
1015,31.751996094696334,9.750475966273829,0.6287612173530398,20,Germany,Tablet
1016,40.11544112659907,9.077099037548226,0.42507006489304244,8,UK,Desktop
1017,20.965135917660064,12.635688602422642,0.593239085105551,7,India,Mobile
1018,29.393112432594094,12.887877324383151,0.48368916783379023,4,UK,Mobile
1019,24.226572994752935,5.889400395112158,0.4055492442896714,5,US,Mobile
1020,23.92972365962235,10.180808366733972,0.3421747192508112,22,US,Mobile
1021,31.466886058368644,10.132417442079623,0.4506737712461303,11,US,Tablet
1022,19.02177206584783,12.110542894325214,0.6018381057451576,23,Germany,Mobile
1023,29.429680441771886,8.357575895228392,0.515939555985463,1,Japan,Mobile
1024,39.390890561957,6.0670140457954504,0.4857630182750499,9,India,Mobile
1025,25.953700850502237,9.485036435481602,0.4663495155973098,21,UK,Mobile
1026,402.53501348163616,10.349295493347899,1.8162822561498246,10,India,Mobile
1027,37.859832317235764,14.340133138807218,0.5562468710245979,20,Germany,Mobile
1028,40.73938483269217,10.704209663122525,0.6581202222437128,17,US,Tablet
1029,5.486253191750791,7.698955307333998,0.4284476269904346,20,Japan,Mobile
1030,36.47918235485254,9.951663996537809,0.5340011611193143,19,India,Tablet
1031,25.50042651328929,10.09620357045976,0.5575714065955909,3,UK,Tablet
1032,28.243837211379855,4.712810420777696,0.6534784793195112,4,US,Desktop
1033,33.89866706861686,7.591235770655212,0.3972560985318698,20,India,Tablet
1034,29.66245418562036,8.215125129777329,0.4629537148208016,5,Japan,Mobile
1035,22.31972170700757,18.99789640335853,0.5923641091601839,9,India,Mobile
1036,35.35492865319317,15.609594580305757,0.3164286232653603,3,Germany,Mobile
1037,16.31632063518503,8.32132885025695,0.5559707201073072,3,Japan,Desktop
1038,25.797538237357163,13.888794664647161,0.4873421865797765,17,Germany,Mobile
1039,38.00438864081859,4.935414634080465,0.44060978503249526,8,Japan,Mobile
1040,34.40590495264409,11.888582913938945,0.5380029169474916,4,India,Tablet
1041,18.868998295574105,8.105582776227063,0.6192557312462842,14,India,Mobile
1042,17.98826412838273,10.042005627389882,0.5994554003599951,14,UK,Tablet
1043,26.69634411177697,6.5931893040785035,0.6039578745875496,8,UK,Mobile
1044,33.05278716753536,14.63035757168308,0.433775935738562,18,Germany,Desktop
1045,36.96225065430288,11.968004409015482,0.6755436383756809,1,Germany,Mobile
1046,27.708982140691255,12.078006175748772,0.6520840237197258,0,UK,Tablet
1047,95.56812931703762,9.288487511252654,0.7992880007427748,8,UK,Mobile
1048,17.596850434604008,6.341778239064755,0.436760760585392,0,Japan,Tablet
1049,29.869422044871126,11.250228629510577,0.5224686607908768,7,India,Mobile
1050,207.9254243506877,8.26405321651645,1.861792882935138,3,India,Desktop
1051,31.991225820897725,8.841863539135737,0.5045280148604766,16,India,Desktop
1052,34.55077312778633,10.08651522316457,0.4990372273056437,9,US,Mobile
1053,38.13694971372857,10.78199756141733,0.36616128116397184,3,US,Tablet
1054,31.091364839300308,11.827783642061698,0.42321622505150025,15,Germany,Mobile
1055,43.73629808856185,6.109765245048469,0.5006640890920718,10,UK,Mobile
1056,44.11368816356317,9.55150056575945,0.4218946916115589,21,US,Mobile
1057,43.936360505278415,10.671846050082053,0.5933389870640924,22,US,Tablet
1058,35.61751389086901,13.074401584033351,0.5595948622757478,9,UK,Desktop
1059,27.780074889747574,7.993066360069312,0.7050871734439562,2,US,Desktop
1060,28.476743845774116,8.544304867107083,0.6548858423783454,14,UK,Desktop
1061,21.899825724748773,7.229993821090454,0.3555507364179422,11,US,Mobile
1062,34.85590857066595,12.451055888899003,0.542579446762319,0,UK,Tablet
1063,18.247155189971583,11.661861184862387,0.37301133434638967,0,India,Desktop
1064,44.46952188361058,10.727699114470308,0.5373876494531802,16,Japan,Desktop
1065,43.82960648690648,9.085118013675695,0.469180778596206,5,India,Mobile
1066,14.02959563009565,13.379699626596853,0.5857947288784572,22,Germany,Tablet
1067,27.042842880995977,12.682712918585409,0.48843653847475793,19,Germany,Tablet
1068,31.46089681509718,11.991273243144473,0.6578013459873482,18,India,Tablet
1069,14.389517294533807,12.463065934405318,0.574005021003323,15,Japan,Tablet
1070,44.224363626838624,9.732175396271826,0.3929812135563573,18,Germany,Tablet
1071,29.655563479362144,9.218875858159121,0.39501943535355605,23,Germany,Desktop
1072,36.288342450196055,5.268243892335529,0.5408704706273918,5,India,Tablet
1073,32.20270919733687,6.8403588111898745,0.4011955415392259,7,Germany,Mobile
1074,24.442212557239813,9.273736482376414,0.667538210535682,23,UK,Tablet
1075,31.559611956304423,13.916996745265523,0.5016118891118491,16,Japan,Tablet
1076,20.89901244803996,9.739173379713725,0.46660876588062933,0,India,Tablet
1077,27.196163295583673,4.117365751992057,0.3375208907850761,14,India,Desktop
1078,20.494479880063032,10.226974823544865,0.4960756571100116,4,Germany,Mobile
1079,58.24586695879417,13.022535021227132,1.027218602363341,19,Japan,Desktop
1080,174.46593712501658,6.8713092085280465,1.4242784784731146,19,India,Tablet
1081,44.32630164239278,10.367693631251987,0.5654740697696151,11,Japan,Mobile
1082,35.37009583116434,5.1512965463696965,0.4814424786735681,6,Japan,Desktop
1083,25.531763032911726,11.39565817904923,0.5418231427814723,20,India,Tablet
1084,36.00021086090132,7.115520011336791,0.466638758462612,17,UK,Desktop
1085,18.14999467088139,8.661732977778312,0.6171869718969483,4,UK,Desktop
1086,38.00378650531056,15.032567615003636,0.42002605080711225,17,Germany,Mobile
1087,43.14656382087249,5.963174075764125,0.43183972138155396,23,UK,Mobile
1088,39.27372125686708,10.432604714862666,0.6851462198567725,8,UK,Desktop
1089,25.93163560517701,12.587666402013435,0.4981131782314099,2,Germany,Tablet
1090,21.73317651407651,11.931388963779415,0.43028886306838177,11,Germany,Mobile
1091,27.21272454990261,10.404729583114607,0.4868074439760056,18,Germany,Mobile
1092,40.10359920456255,9.447381782847648,0.40412599733290777,15,UK,Desktop
1093,28.955643744056314,8.421848732508396,0.4606791832155524,10,India,Desktop
1094,25.81674978535967,12.269814249716386,0.4281573841779016,10,India,Desktop
1095,20.803638173589952,9.116908492988312,0.3811396118456842,12,India,Mobile
1096,39.78483997446196,8.596692172663026,0.6084159751340052,9,Japan,Tablet
1097,15.817688238075224,11.881416852568906,0.6167336976869289,11,India,Tablet
1098,25.941747058339352,11.570667694883625,0.3877145378241316,23,US,Desktop
1099,27.870141148812003,10.290990382573257,0.6387570965264793,12,UK,Desktop
1100,36.059084011251315,7.806171467433554,0.41879580622761475,13,UK,Desktop
1101,15.816253203689794,7.106308619900719,0.7621701298115197,23,Germany,Desktop
1102,35.6979334069612,12.947953243669144,0.5421328573828718,6,Japan,Mobile
1103,33.7097099144262,14.113765027623437,0.565484001565736,23,US,Tablet
1104,29.5452751712437,7.768985156174219,0.5730510688113596,0,US,Desktop
1105,50.75547656307602,6.161667080483773,0.5088623229998251,13,Japan,Mobile
1106,21.164024184265443,8.869861065964525,0.39069790950941674,19,US,Desktop
1107,37.31509035053245,8.052450725183657,0.43011562751936194,23,India,Desktop
1108,26.678626083274697,10.63984559199505,0.4320883512655115,2,UK,Mobile
1109,37.72936628586695,10.831922368015896,0.5333652844747307,15,Japan,Tablet
1110,41.576843129719784,12.733923186146116,0.48427953462000584,22,US,Mobile
1111,44.250480100190714,6.828609549810263,0.5252245596115702,3,Germany,Tablet
1112,39.41365803708774,11.414871453790928,0.5231316182095129,2,India,Mobile
1113,19.715802041185295,10.566816615562079,0.5598188317100807,9,Germany,Mobile
1114,40.90573960153657,7.519994688260306,0.5260374138440175,19,UK,Desktop
1115,28.025114286075034,9.005133448057618,0.3662066129481225,6,India,Tablet
1116,22.191687040701524,6.207418595227836,0.5057343833163317,15,Germany,Tablet
1117,36.67577932688919,15.351788896941617,0.43979202272648693,9,UK,Mobile
1118,37.08872086856141,11.992489555004378,0.5493070310245464,4,US,Mobile
1119,30.985032471458133,9.60342094408128,0.5095478940278642,23,India,Mobile
1120,41.398295408554915,7.401352271042137,0.4652268054232891,18,US,Mobile
1121,35.09322133730076,11.739672650433452,0.45740471579332526,20,UK,Tablet
1122,36.95781531403722,8.896631052661586,0.4419157208959716,5,Germany,Desktop
1123,27.840518352561553,10.220275015842295,0.623112440214279,15,US,Desktop
1124,14.782342451105801,7.174480885086872,0.5238344458697918,13,India,Tablet
1125,27.530079116637594,14.81020404600645,0.49271291005899664,3,Germany,Desktop
1126,25.576388736098586,9.253929197961265,0.6373649237109891,12,US,Tablet
1127,37.05256035562529,12.530937813207903,0.5710282306277983,3,Germany,Desktop
1128,3.099184070670219,12.160579373557972,0.466528905103198,7,Germany,Desktop
1129,26.54871609276075,6.202816062832173,0.523639878703381,4,US,Tablet
1130,12.169850156174657,11.48392513363643,0.5434779467317234,0,India,Tablet
1131,28.713640728992036,13.745195865148837,0.6574807174184968,22,India,Mobile
1132,168.8687145195148,5.078692811743962,2.1559598485657023,12,Germany,Desktop
1133,111.70533606488911,11.00967569191298,1.317348670906894,9,India,Mobile
1134,37.222157233251146,11.130194732069054,0.6662581521314563,1,US,Mobile
1135,29.231846303928965,8.56304569803641,0.48360244244897516,21,India,Desktop
1136,25.942639038326888,14.577955001064296,0.3775615753957413,12,India,Desktop
1137,30.29038566823613,7.48107347007654,0.46432917271056234,4,UK,Desktop
1138,10.278069649590257,9.546571787450091,0.4126850308649022,12,Japan,Tablet
1139,26.90677998660098,9.659985269205704,0.62990655542305,17,UK,Mobile
1140,19.33573733054104,8.17292919114287,0.38286870615341523,14,UK,Tablet
1141,175.59333800527776,9.62920252751073,1.795250704898798,11,US,Desktop
1142,23.241794457389013,9.703300923106339,0.3084121498477388,3,UK,Mobile
1143,21.9383137323195,8.564469881779553,0.6010752584602573,1,UK,Desktop
1144,31.612935983891962,15.106812567599476,0.35664323271615495,11,US,Tablet
1145,31.452249470168496,9.713259818198374,0.5358699284081,0,US,Mobile
1146,20.14755828395553,12.38344554962606,0.5257087769567906,17,Japan,Desktop
1147,47.00256081405855,11.185218401180016,0.5187676060754989,20,Japan,Desktop
1148,8.062282898803836,7.889339718030707,0.5163687143262664,1,Germany,Desktop
1149,40.58849302513579,9.631810911521688,0.361651136119067,19,Japan,Mobile
1150,22.140778443322937,3.5133813199630115,0.45162609026420764,19,US,Mobile
1151,27.823545411882233,10.134998012720967,0.5329200656522237,3,Japan,Mobile
1152,230.70378695787375,10.332421107492536,1.8177492051246176,23,Japan,Tablet
1153,0.2528291922185879,2.4425280811905843,0.3942190707529371,13,Germany,Mobile
1154,11.404232525019857,13.534896452076506,0.4036467588788361,23,India,Mobile
1155,23.389410256545336,12.077275407989667,0.3590061964257001,11,Japan,Tablet
1156,36.96206107068903,8.740720935736737,0.5524957260213987,3,Japan,Tablet
1157,29.93836096539628,14.097886441950886,0.6013154508107194,3,Japan,Desktop
1158,238.12920863327776,14.944198945612094,1.5907542303439666,23,Japan,Desktop
1159,45.33834942041924,5.956704675110916,0.5326421099647325,11,Germany,Tablet
1160,31.911687846872834,8.74779946132507,0.49973144696313937,17,Japan,Tablet
1161,15.30785280447219,10.241115187772568,0.48334757546543305,12,India,Desktop
1162,19.12425734546158,11.728920222554121,0.49168204390868253,22,Japan,Desktop
1163,17.77404943710044,5.226263169110904,0.5985377785151617,21,UK,Tablet
1164,33.08279098507294,9.33143584848332,0.28512695398957577,10,Germany,Tablet
1165,39.50521970121194,10.426908286327194,0.553426082500222,7,UK,Desktop
1166,34.63558111088178,8.387222261857943,0.4701434049821098,22,Japan,Tablet
1167,24.042752043175497,9.484339991125825,0.4377108152775887,2,US,Mobile
1168,32.43518865119827,13.74684680619397,0.4983552159051315,20,India,Mobile
1169,27.045714582862107,4.985566858324663,0.6105547012220773,8,UK,Desktop
1170,14.211391865685343,12.30592469509459,0.4345046254514702,19,Germany,Mobile
1171,29.9388156810805,8.357980030973437,0.6037559235749435,19,US,Desktop
1172,37.05299915631265,15.09317315746641,0.4968705373446192,3,Japan,Tablet
1173,33.26076438867465,10.228723313358449,0.3509729401237446,21,India,Tablet
1174,33.21873633298331,12.164132177243122,0.42752647561785173,15,Germany,Mobile
1175,25.19144581709434,6.077850108406345,0.4919991989045366,14,India,Mobile
1176,49.0276379619588,2.9495202939647385,0.5867962724658893,11,India,Mobile
1177,20.017216749559697,7.472349084508541,0.38733513163206623,12,Japan,Tablet
1178,40.86381006259628,12.871706721603381,0.39703088230614336,10,Germany,Desktop
1179,26.832429115896836,8.809708968340255,0.3074459378765484,19,India,Mobile
1180,27.95784389234116,15.846283131030974,0.6218230471739856,12,Japan,Tablet
1181,12.965044598708033,11.319257595743508,0.498521497327571,19,US,Tablet
1182,33.378289742115605,9.482456056224013,0.5671004895069455,19,Germany,Desktop
1183,35.12446001278664,13.160685755643339,0.4729410124852416,17,Japan,Mobile
1184,27.49470624984552,10.055910500220184,0.477832651891528,13,UK,Tablet
1185,33.90885897687216,10.289623324891133,0.5653075739103639,6,Japan,Mobile
1186,29.482151284864486,12.806142964794606,0.4046301405716909,6,Germany,Tablet
1187,34.26696626518141,11.333382958910402,0.3991225926456984,8,US,Desktop
1188,36.999677626748536,7.935673850359342,0.4886891499118496,13,Japan,Mobile
1189,17.825488518100123,13.95218451627669,0.4989061242229967,20,India,Desktop
1190,30.63338403428347,6.893373568499221,0.5199301331018156,8,UK,Desktop
1191,20.517271937070923,12.597977502609664,0.41989219992378285,14,Japan,Mobile
1192,10.499792336023276,10.775600487357924,0.46246516782540753,12,US,Desktop
1193,15.472579541555278,10.537141290914919,0.637150205505151,12,Japan,Tablet
1194,41.502838611844965,12.319690587642556,0.2695828489797775,23,Japan,Mobile
1195,15.301943386022783,5.515997286982154,0.526480047380666,17,Japan,Tablet
1196,20.788802320753476,13.75306598447521,0.5245713429690241,10,UK,Tablet
1197,15.437807780770461,5.6629029942098885,0.32581676737966225,18,Germany,Mobile
1198,35.87227858876889,10.652401723973878,0.4171052608183181,3,Japan,Mobile
1199,36.38094630391123,13.839609952567828,0.43024064510708004,11,India,Desktop
1200,29.817241083937077,7.576926600918981,0.3451261354016498,22,UK,Tablet
1201,33.939387613673645,14.7692071988459,0.5722236247426499,7,India,Mobile
1202,15.07064358187106,10.578641747826124,0.5738794014410947,11,Japan,Desktop
1203,40.2152547687816,14.364643416564967,0.33707351207494163,10,Germany,Tablet
1204,25.678574361868716,11.351869743863244,0.6361043913066231,11,Japan,Mobile
1205,28.011691070201646,9.759012746886771,0.49661331703709616,2,India,Tablet
1206,20.48664420981003,10.719150256042848,0.501391644663351,19,US,Tablet
1207,37.42367577949819,6.575149244345365,0.3042049540879612,12,India,Desktop
1208,44.25333542848476,11.874371608829312,0.6342353919493564,2,India,Tablet
1209,46.92761861708368,15.753222438628313,0.573511808832819,6,India,Mobile
1210,22.571539410668464,6.377062128877314,0.5893531931472143,0,Japan,Tablet
1211,15.162330543721778,10.650257570703717,0.5306146459217415,3,Germany,Desktop
1212,23.781646024479546,2.318328722443967,0.5700621144256517,9,India,Desktop
1213,39.28090847465743,2.4234289714326627,0.6668315916100314,5,Germany,Mobile
1214,191.50914466007745,16.32069890881958,1.4503768548748504,8,UK,Mobile
1215,190.0489167865426,14.953397140478389,1.953438537458282,22,UK,Desktop
1216,24.17488722709713,8.648769948512875,0.4431651865161473,7,Japan,Tablet
1217,31.127945642385964,10.97399264750536,0.5048206715856168,17,Germany,Tablet
1218,19.166240791397463,14.115412858044323,0.4000885127066589,14,Japan,Tablet
1219,21.669740484871916,8.631588414132215,0.39434264257815455,21,UK,Desktop
1220,23.21844231765034,11.118509546028154,0.37338752700933964,0,US,Tablet
1221,34.51464326618447,14.74306642828861,0.31837092771166664,1,Japan,Tablet
1222,29.47017168045503,7.433336107635724,0.488557405775574,1,UK,Desktop
1223,44.91995620842876,10.999292521107584,0.4343531301949278,18,India,Tablet
1224,14.391446989650813,8.545161642104954,0.5394549287827874,2,Germany,Desktop
1225,23.730190213944542,12.764477884356248,0.44223129488850554,20,Japan,Mobile
1226,26.39573394049669,7.683849730032925,0.5410233802657319,22,UK,Desktop
1227,14.209211330790467,7.647977956271871,0.7910602411975848,6,Germany,Tablet
1228,42.70991911370674,10.513936805059688,0.573236584631518,7,US,Tablet
1229,33.630526854208085,11.82459051264398,0.5426952897920059,4,UK,Tablet
1230,22.157541221206827,13.902500269098512,0.6435339445752767,1,Germany,Desktop
1231,38.311867595443005,10.937442019419972,0.7202972244819866,23,Germany,Tablet
1232,15.344578050345214,9.681700877031357,0.4514337535096583,21,UK,Mobile
1233,29.123849789315127,5.562687578522533,0.6585813340729572,15,US,Desktop
1234,35.79799403602753,10.45403435794073,0.6646249197464025,15,US,Mobile
1235,194.20240411600275,11.304778833259517,1.584211221933834,10,Germany,Tablet
1236,23.85092064768115,8.46974645562871,0.5836814654194219,8,Germany,Mobile
1237,43.699053771295894,11.857199276367504,0.40556600229223844,9,India,Desktop
1238,34.09631319778136,9.664176677630442,0.4511934363885169,18,Japan,Desktop
1239,27.69427861538104,4.693601732336852,0.5457327017945172,3,Germany,Tablet
1240,36.432729250187336,7.929917488943904,0.6383261980274189,18,Japan,Desktop
1241,16.7126893698326,14.88218863036243,0.5363576143699367,17,Germany,Mobile
1242,44.03178405730278,8.111960484461415,0.5433463039939197,13,Japan,Desktop
1243,23.775584321543988,7.20874574261173,0.5207749946891176,12,UK,Desktop
1244,32.04402590735427,11.21471179901577,0.5681544007043685,19,Japan,Tablet
1245,20.44581675578364,10.88142975334431,0.3782489915709598,4,US,Mobile
1246,39.24643988037658,14.189254442760035,0.4948416120045121,18,Japan,Desktop
1247,29.791284201067054,10.012786956394809,0.6107976464280497,1,Germany,Desktop
1248,28.822029998287597,18.07436241033316,0.5801768081347691,19,Germany,Mobile
1249,37.75680153357702,9.714812402464256,0.4681180898389727,3,US,Desktop
1250,37.34713371725718,8.486922716774272,0.39600030793934077,14,US,Tablet
1251,16.08833983381363,3.551477844166084,0.4873193495032202,20,India,Mobile
1252,16.690481669111158,9.284059365723785,0.5175257637980792,7,Germany,Desktop
1253,31.840903283042554,8.12669908264004,0.4132088161690601,17,Japan,Tablet
1254,34.98503539768097,14.826496466055765,0.5474240792458398,22,US,Desktop
1255,41.889734415329436,12.389135107668023,0.45750880671026783,10,Japan,Tablet
1256,43.32713523068512,9.437120726265508,0.4761898331098119,1,Japan,Mobile
1257,27.116691237249174,11.56546573034435,0.6021894794955176,11,Japan,Tablet
1258,33.530794779763184,11.203891147527527,0.42799365265219724,2,Germany,Tablet
1259,16.42214627511997,12.40950303099834,0.32031672294286306,13,US,Mobile
1260,14.820416970037101,8.509393274170684,0.3839213802255034,5,Japan,Desktop
1261,20.854168330632596,15.626403855400303,0.42911405601825287,23,India,Tablet
1262,40.14053960892459,10.753400239550563,0.4860333490567407,23,UK,Mobile
1263,13.950116114818801,9.582473737246032,0.542566852673768,18,US,Mobile
1264,20.59579967455984,12.676993530720166,0.7378183293387215,14,Germany,Desktop
1265,44.71949867380137,7.219408374388669,0.48155325991962206,12,Japan,Desktop
1266,20.659768420184566,10.618793160975786,0.3630954333291392,8,Germany,Mobile
1267,17.89343083486056,6.759649122188332,0.37748451488663265,13,US,Tablet
1268,30.516861415693203,8.889922457544301,0.41516738294564237,18,US,Desktop
1269,171.64388558452075,9.226062912348835,1.6547218907222094,13,India,Desktop
1270,20.82138552717644,7.156122947669658,0.43339290295127375,15,Germany,Tablet
1271,29.13709615450276,8.932252605321027,0.6297052812156299,23,US,Tablet
1272,44.08937184686086,5.081011556402137,0.3356206958643836,10,Germany,Desktop
1273,22.1927118088131,6.0548142778470435,0.5326743340343688,16,Germany,Desktop
1274,22.66321666264873,6.77556476039301,0.3965996182414881,13,Germany,Desktop
1275,46.82100457037269,12.942482270313143,0.37105416942138364,23,US,Desktop
1276,23.133931619661247,13.043798433400337,0.46439514325631914,22,Japan,Mobile
1277,12.107665743325121,13.451126815023695,0.2653840118439038,16,Japan,Desktop
1278,24.20379426214601,7.6175561677061445,0.6699976429068053,9,UK,Tablet
1279,21.059913085332518,9.597732615084544,0.42810718868230674,13,UK,Desktop
1280,45.941337036324384,5.5609946806646855,0.33334319817085173,12,Japan,Desktop
1281,10.301944118106505,5.601378742908157,0.42112680651442647,23,US,Tablet
1282,39.62982206678298,14.389493632407788,0.49275676187988887,14,India,Mobile
1283,27.684794641293575,8.479803173072648,0.4470152387413832,23,Germany,Mobile
1284,35.83120158663037,10.046573751459702,0.644268510337552,0,Germany,Desktop
1285,39.45488948923911,12.180239021984292,0.5775778139744185,3,Germany,Mobile
1286,25.973251400920862,9.739300405354586,0.44652701258935995,1,UK,Mobile
1287,21.5746764452491,10.886665301512705,0.4777873813934324,15,UK,Tablet
1288,48.672610430356684,9.785542613191673,0.49212453965592773,21,Germany,Mobile
1289,47.58754998560475,8.037931863391982,0.5308697313996869,20,India,Mobile
1290,34.975474784249926,9.849595608109425,0.5721032084633436,2,Germany,Desktop
1291,32.7887468626285,9.726270288113206,0.5686297235540911,10,India,Desktop
1292,46.237375674218626,8.831089475553574,0.5028174728715853,3,Germany,Desktop
1293,51.9031977576942,8.021834452728061,0.3972959395838671,15,India,Mobile
1294,18.52302054301751,11.046345197706152,0.47583305245907076,16,UK,Desktop
1295,31.498162288189697,11.632160279055956,0.27058052972153923,21,India,Desktop
1296,34.19350667345014,7.347681475822703,0.5346666237889947,15,US,Desktop
1297,25.747124318073567,8.85206613455742,0.5282320323996902,14,Germany,Mobile
1298,43.99766824420842,15.506225479961115,0.6699770281752891,1,Japan,Mobile
1299,36.36254089329088,7.260399118369692,0.5671687308417944,12,Germany,Desktop
1300,31.99222546056467,11.266905921205078,0.6119849186482157,16,Japan,Mobile
1301,31.483916865310484,6.81568308585388,0.5659036295831936,9,UK,Tablet
1302,22.784432267694626,9.141617583115133,0.5568563246555556,1,UK,Tablet
1303,15.043546174756361,5.873176818746387,0.4544274007677046,1,Japan,Tablet
1304,28.06223230802409,7.769950336939074,0.5336621252880533,22,US,Desktop
1305,341.21495597928117,7.4452626958131525,2.0757988225895927,9,Japan,Mobile
1306,14.649876944358981,7.619784466368678,0.45506435771584414,12,UK,Desktop
1307,25.67937537882218,7.083941988314146,0.5896134782104031,4,UK,Desktop
1308,35.87122635920854,11.317371228002475,0.5179876777493863,15,India,Desktop
1309,17.69257154157856,10.089605864575047,0.5766908220196307,7,India,Mobile
1310,26.581724269263976,9.691164323758166,0.33903246516325847,15,Japan,Tablet
1311,32.470742367844764,7.8889489787864715,0.3540540653635734,18,India,Mobile
1312,24.97923276536481,9.349279442613623,0.5518502905720207,0,Japan,Mobile
1313,29.477593189669967,6.93931961156694,0.49731150253237266,13,Germany,Mobile
1314,31.102339210351836,9.976065042078622,0.5373759129734663,15,UK,Tablet
1315,39.659528302283476,9.430978759444049,0.5413480209572221,18,Japan,Desktop
1316,24.70571854380392,10.44411434128616,0.6041668230659425,15,Germany,Mobile
1317,47.19587440577378,13.092558173060715,0.25367155952704906,6,India,Tablet
1318,33.549638658590666,12.383421388491065,0.42293147113404217,12,India,Desktop
1319,30.08285609429556,11.717818431174516,0.4447366928342513,12,UK,Mobile
1320,47.49128023032791,12.349780050765677,0.6391542447892892,1,India,Desktop
1321,235.26376039109766,11.257567792356623,1.6252084805694842,15,UK,Desktop
1322,34.513054117761136,8.325244941016694,0.35796289220418986,7,UK,Tablet
1323,36.11250033178746,8.888465273220163,0.4160216163393682,2,UK,Desktop
1324,40.9773959073235,9.80975893093612,0.5343538964058269,16,US,Desktop
1325,36.43613048776879,12.856591847733414,0.5980922574739251,14,UK,Tablet
1326,58.48819261017856,11.689267989563277,0.2682756909931784,15,US,Mobile
1327,26.16815752101365,10.281693426325868,0.5976876148875864,10,Germany,Desktop
1328,26.91508241218662,11.522386444868278,0.503599545501505,8,Germany,Desktop
1329,34.44106028755791,13.646618310377843,0.49456510811716986,16,UK,Desktop
1330,38.63432669304525,10.170481429070003,0.42908389102804756,5,Japan,Tablet
1331,16.135904150457662,9.662404962980386,0.46691621400610434,8,Germany,Mobile
1332,29.161201946504285,11.41770464700532,0.5329318224695874,15,Germany,Desktop
1333,39.0874138513548,9.356538811800919,0.5059955403791114,1,UK,Desktop
1334,42.26543276713402,8.654490969457989,0.5433098763537754,7,Japan,Mobile
1335,28.91302528708009,6.572817806644927,0.5522376736790096,20,Germany,Mobile
1336,18.498551878891547,10.941503352753898,0.4956218970213691,21,India,Desktop
1337,21.48448950016692,14.300835260921076,0.5141598074606745,2,Germany,Mobile
1338,29.604873714785477,9.599186361463305,0.45818853070223586,11,India,Tablet
1339,20.25259913109394,11.092244573321105,0.6170838558677916,19,India,Desktop
1340,2.1637569883739083,5.085149988339188,0.43848354785831717,11,Germany,Mobile
1341,39.86516875183898,7.25931749336606,0.5630901689414598,12,Germany,Tablet
1342,48.196935359283174,9.867415193056688,0.6375775747562757,17,UK,Mobile
1343,327.35870132431614,12.392602411459377,1.5140353977423135,3,Germany,Desktop
1344,30.68360111738911,9.24134114701857,0.5921081394793605,4,UK,Desktop
1345,29.340186955385274,10.333794617210323,0.46762377482139816,7,Germany,Desktop
1346,35.034391833117226,14.215750820795172,0.5189817351381482,7,Japan,Tablet
1347,29.47111974709959,12.838510771939763,0.6457052663030769,6,India,Mobile
1348,28.103368933407598,10.551421633505104,0.5181634780522286,15,US,Mobile
1349,12.191386684054507,13.15236156262689,0.3982007707646922,5,US,Desktop
1350,26.001601640936325,11.121650471646127,0.4939195305936889,19,US,Mobile
1351,48.8596592540235,8.660366202162683,0.4028323206790285,0,UK,Tablet
1352,17.843538580237045,12.43218636511868,0.42468577943143265,9,Japan,Tablet
1353,47.782169305562526,5.890567739724833,0.5152814978000401,4,Germany,Mobile
1354,48.88741345949074,11.687529824971932,0.4578413704530817,14,Japan,Tablet
1355,41.28798607467163,10.470848528919,0.5220061860712095,23,Germany,Desktop
1356,38.740604637355865,10.559614082626178,0.4926873905861422,7,Germany,Desktop
1357,20.89776008741427,7.328782069761535,0.5071994158272418,20,Japan,Desktop
1358,37.354243431230984,12.473400864575588,0.4414695942373342,2,US,Mobile
1359,48.21322439587192,7.716979590773883,0.4992233494086009,12,UK,Tablet
1360,28.238996459732533,12.101369577201066,0.6331882247177196,13,US,Tablet
1361,33.44495870763638,11.592273223455638,0.46921039965216627,19,India,Mobile
1362,36.45601609678145,13.472757997481901,0.5803019059738157,19,UK,Desktop
1363,39.496147621470136,10.24261080742367,0.49143924274068357,10,Germany,Tablet
1364,18.21536338499729,6.378190485831512,0.2861295564151951,0,Japan,Mobile
1365,41.92761356519595,9.585887271571256,0.490006258101391,8,Japan,Tablet
1366,30.89640860122232,13.551758608297447,0.5468600405170128,18,UK,Mobile
1367,22.99327526658744,12.297597544896643,0.431783770848663,2,Germany,Mobile
1368,34.45963908670237,12.941066607931624,0.541957925894956,22,Germany,Desktop
1369,20.6130418135477,9.389360512282902,0.5482160271001632,17,UK,Mobile
1370,26.026040300572156,10.273240560928224,0.4728216281786745,20,Germany,Desktop
1371,39.56300872565279,10.438410523508242,0.38248769765623236,19,UK,Desktop
1372,28.108949923357756,6.154944418537618,0.4583497775104894,0,UK,Mobile
1373,30.99823370791922,11.661559311651336,0.566640561181455,3,UK,Mobile
1374,31.883661898983753,18.874702023014606,0.3374818395966687,5,Germany,Desktop
1375,45.328464231423915,9.111018780557666,0.4870214645162416,6,Germany,Tablet
1376,27.35623801360744,13.179942529045707,0.4648499963162759,21,US,Mobile
1377,43.249295066742256,12.482550640729098,0.5015218710724101,18,Germany,Mobile
1378,27.521406575197684,8.625213624460326,0.5374616289881938,5,Japan,Desktop
1379,47.69042590269129,7.181048103307212,0.7037612977165243,20,UK,Tablet
1380,37.871362269480564,12.706122724448086,0.584719001132761,19,US,Tablet
1381,19.354067392206947,9.916576328708942,0.49791736630191075,12,India,Mobile
1382,185.78636911161522,11.338028406049688,2.1310956394114395,22,UK,Tablet
1383,57.11198104910802,11.92188154083487,0.478897243329188,23,US,Desktop
1384,26.210025745528544,4.911447749383187,0.4811493878485241,12,Japan,Desktop
1385,24.66968523375824,11.175445277474891,0.41381873300055205,1,India,Desktop
1386,19.26629232780455,8.820851674671273,0.47351266661198904,2,US,Mobile
1387,30.67926114497196,8.155788835849531,0.5963668907844976,7,UK,Tablet
1388,36.70030016728894,12.699207796867341,0.5937680054221611,18,India,Desktop
1389,24.40635577365513,12.05397819794073,0.5138928541454865,0,US,Tablet
1390,28.423174469691084,8.662050119351612,0.5613866016852046,9,India,Desktop
1391,37.69306116556194,6.443174047366407,0.6298108456304912,9,Japan,Desktop
1392,38.18158233217371,6.252512323239138,0.49849824686176386,8,UK,Desktop
1393,13.636373431637193,12.552655970159634,0.3290713157108548,23,UK,Desktop
1394,34.09985075408869,11.452186945903327,0.4534254420160003,14,Germany,Mobile
1395,42.47751151155526,9.825219253673268,0.4874453767949119,3,US,Desktop
1396,28.250577011243756,10.928479368300849,0.5864198611103679,10,US,Desktop
1397,40.19179558894923,13.720109097192573,0.485640169829477,13,India,Desktop
1398,27.888774725489583,10.86735630530088,0.40887038076639315,1,Germany,Desktop
1399,18.76877934528608,9.551637481768783,0.4044142621134264,17,Japan,Mobile
1400,16.69400986610084,7.309398223545781,0.4647525731201208,0,Germany,Desktop
1401,24.268996987518157,11.484172439792403,0.48796960768895875,21,UK,Desktop
1402,26.765898658917273,8.676189987746735,0.5598168026849787,2,Germany,Tablet
1403,19.788447947462373,13.90206515181682,0.4007318978157979,15,India,Tablet
1404,34.85178476989551,9.031436015076961,0.4915862622207866,7,US,Mobile
1405,46.15098955972909,5.570619277598963,0.5295019853938062,1,Japan,Tablet
1406,39.65230114205518,14.614391487523957,0.43632867640522605,10,US,Desktop
1407,24.768929918595788,4.752454007440083,0.5095467689474311,9,Germany,Tablet
1408,32.156403403161164,14.209894023565067,0.3961664729546918,22,Japan,Mobile
1409,33.34512740098228,10.295925076228551,0.532303560770639,21,India,Mobile
1410,32.676123099213335,8.846076051315269,0.5814039745416134,12,India,Mobile
1411,228.57508541271267,7.65600711092363,1.494646350044184,4,UK,Tablet
1412,33.87279641091593,5.998129579333487,0.43835861504282836,17,Japan,Mobile
1413,33.406100574254495,15.16848249626109,0.5606043826856666,9,Germany,Tablet
1414,30.541410368036995,14.591504579644727,0.42796754072042503,17,US,Tablet
1415,30.524045426723376,10.96684086760327,0.5674521724937974,4,India,Mobile
1416,-4.490383278419955,8.282656142391597,0.6651036375254484,23,Germany,Mobile
1417,37.057295359806005,11.453219746745178,0.5528517033888479,13,Japan,Desktop
1418,29.228694000163156,4.197092693386836,0.5235157115182281,11,Germany,Mobile
1419,41.82913200014622,6.361468131096773,0.3803340823678334,19,UK,Mobile
1420,24.6129340225837,12.794474003959191,0.49011644853563857,9,India,Mobile
1421,53.374566840879794,8.024114491519942,0.6330449347808652,6,Japan,Mobile
1422,17.84144974512879,10.030675501220436,0.3729179769863968,22,Germany,Tablet
1423,32.82984294282353,7.212167554017033,0.442642331583772,18,US,Tablet
1424,36.01596960547181,9.80636196543303,0.4564290776743097,9,UK,Mobile
1425,29.96900918234968,12.489981665442652,0.5961277178956486,23,Japan,Desktop
1426,38.414651431892004,16.328645260394186,0.5768395612355917,5,Japan,Tablet
1427,10.982172590425794,10.692903006971184,0.3121077114071046,21,US,Mobile
1428,39.36679375627009,10.410989684786397,0.7863589209245754,6,India,Desktop
1429,37.969527562484416,11.08359164129504,0.6235169912371236,18,UK,Desktop
1430,25.416096174321225,8.887428180855547,0.5656026518842522,9,Germany,Tablet
1431,37.57108679794971,5.28255905355517,0.48582114955898126,22,UK,Mobile
1432,46.42585095910131,9.434098430937972,0.6493280978705509,10,UK,Mobile
1433,35.49557761874168,11.023522136326504,0.6041229893049568,16,UK,Mobile
1434,12.5769108245856,5.640710181254608,0.5873904042042419,10,Germany,Tablet
1435,26.31886540362911,11.522165703627417,0.5919967854761399,5,UK,Desktop
1436,50.00393730037954,7.882213659117924,0.4255826592366965,18,India,Mobile
1437,52.09868396961733,11.611337022985914,0.5147098286534978,3,Germany,Mobile
1438,38.41280927326564,11.63122641148316,0.4228033878578782,22,UK,Tablet
1439,26.200420852032416,8.964703467193326,0.5122025603148334,15,UK,Desktop
1440,41.07626398117155,5.863219812644307,0.43094476818395483,9,India,Desktop
1441,18.524788550779412,8.644914195066729,0.5367220262248414,21,Japan,Desktop
1442,16.19196962721996,14.15073829854795,0.6028552795049458,6,Germany,Tablet
1443,33.314062652161404,13.155206244787554,0.4663782972415389,8,Japan,Tablet
1444,9.657763567164043,9.700355274047586,0.44462314423867993,18,Japan,Mobile
1445,16.56750559770063,9.30109007887869,0.46407989651910664,3,US,Tablet
1446,17.314117641394397,18.97542952649234,0.43247886221823834,0,UK,Mobile
1447,10.07195341930067,4.783600132152566,0.4246892115245623,12,India,Desktop
1448,35.01797235948849,6.391934850575547,0.3734551131521244,15,Germany,Mobile
1449,25.232552016144773,10.393488436698766,0.5479858660087633,21,Germany,Tablet
1450,22.596710277911317,5.955470673666331,0.648675803785139,15,UK,Desktop
1451,209.9388153002677,12.421319581691947,2.3853576705505506,22,UK,Desktop
1452,18.83424984240879,9.66414216119375,0.523112865131085,11,India,Mobile
1453,24.09755349180559,7.651105764714149,0.6525360847507976,5,Germany,Tablet
1454,19.496996519644654,6.896094737063169,0.4456349118097763,18,Japan,Desktop
1455,23.970906373538064,6.7396021918194124,0.6082209630659566,15,Germany,Desktop
1456,25.267021470265547,9.743573734611221,0.6194967265690894,1,Japan,Desktop
1457,25.435947238568634,13.916382208071134,0.3191943747065641,14,Germany,Mobile
1458,41.79381996791522,11.603316196476356,0.5864466962490048,16,Japan,Tablet
1459,19.466275669986466,13.78077208355396,0.46856257485371283,0,US,Tablet
1460,33.31819507240964,9.756959532707727,0.5137081413347963,17,UK,Mobile
1461,44.34183826261163,12.039478437214619,0.5249753242593604,9,Japan,Desktop
1462,40.01856238017382,6.145600959204046,0.4248303001463434,7,UK,Desktop
1463,21.422996987578156,10.06862526820875,0.4551029400581824,2,Germany,Desktop
1464,23.517778185241163,6.7333904704467695,0.5069665367123456,14,US,Tablet
1465,35.19313388185979,6.721013556292682,0.46166943154126105,21,Japan,Tablet
1466,35.09979855147736,7.265365633029118,0.47802064524775156,6,Japan,Mobile
1467,5.739190747752019,8.824873716697757,0.6344314239528626,4,Germany,Desktop
1468,34.05411142282767,9.68160088233146,0.5457035022966952,3,US,Desktop
1469,35.93970620659394,11.095907786851448,0.7205379016000929,23,UK,Tablet
1470,46.21937083200419,8.446108544733137,0.6391220743332331,20,Germany,Mobile
1471,27.05142797912649,14.92449812949463,0.5054379977376563,1,India,Tablet
1472,30.495537528410324,10.146377130574562,0.49721534168091724,20,Japan,Mobile
1473,37.94970775465291,8.895581892950007,0.3784377042236685,14,India,Desktop
1474,17.012077070089006,9.328065917790749,0.3721398403438474,5,UK,Mobile
1475,47.427335685540626,11.537306432303053,0.49689611899501024,4,India,Desktop
1476,9.58659980413588,9.753711795955375,0.5084978379126833,18,Germany,Mobile
1477,39.86762911950847,5.683613951800306,0.43976030413578443,20,Japan,Tablet
1478,37.25884402319291,6.672204387260369,0.2923644378095185,3,India,Tablet
1479,25.298816114596242,8.604217300250122,0.4760418978351027,10,Germany,Desktop
1480,41.19003815788011,7.713406258049384,0.5161341114792984,17,Germany,Mobile
1481,17.45746214119602,10.786900389811365,0.5642482659430106,22,Germany,Mobile
1482,27.432132595152826,6.716347741343415,0.5392861729341355,21,India,Desktop
1483,30.24608023325016,11.020418708840111,0.371327873172504,7,Germany,Mobile
1484,19.080247791893008,8.067451862755135,0.48397647136125194,5,US,Tablet
1485,37.17741684507814,10.158691735776497,0.49222684703635905,15,US,Desktop
1486,27.80013484749092,9.939995147247611,0.5774518188157449,14,US,Desktop
1487,21.979693400680254,13.178766309388934,0.5708030980206295,6,Germany,Desktop
1488,34.60568193626623,9.03113693790725,0.5663778984772126,8,UK,Desktop
1489,27.76967345130892,8.85854159348065,0.6884079580931316,23,Germany,Tablet
1490,34.44550190006285,10.816155536631408,0.5314050708483865,16,India,Tablet
1491,34.12171044686627,9.687990408322545,0.432314233082982,15,India,Mobile
1492,32.44966207393854,16.056204159334996,0.5928796992972126,3,US,Mobile
1493,29.782890662663828,8.264870352587447,0.4133639206860358,13,US,Desktop
1494,40.0973487051176,9.143182382490865,0.3674638559213418,0,US,Desktop
1495,42.258195401203984,12.342812550744977,0.4984870335351559,20,India,Desktop
1496,33.537214822885616,9.709672599369556,0.43176346129246684,22,Germany,Tablet
1497,35.31840154934159,5.762255165074115,0.47825101645042,11,UK,Desktop
1498,33.464319770889546,9.242224075891663,0.6142983171014693,21,US,Desktop
1499,42.201888259171355,9.55804420308355,0.46208214556290356,1,UK,Mobile
1500,27.85592274968937,9.44332435198174,0.5742737407664695,22,US,Desktop
1501,36.5650209099077,10.202477771205576,0.48779316743155154,4,Japan,Desktop
1502,40.461848001943984,11.708330931329908,0.4487434827647211,3,Japan,Mobile
1503,28.685691402100492,9.420018317270095,0.6289217193085999,21,UK,Desktop
1504,41.37240386876195,10.238274521072086,0.5192372186064047,17,Germany,Desktop
1505,19.769992653674866,12.74486540365686,0.48137705455265123,22,Germany,Tablet
1506,22.09955961186606,9.12173966195837,0.4941950464319153,3,India,Tablet
1507,28.094496096460837,8.650699632883214,0.37356857287320255,8,US,Mobile
1508,38.125059732682075,4.592466349088452,0.5489161112272075,9,Germany,Mobile
1509,33.163891181439,8.519562210102253,0.613409527823124,3,Japan,Tablet
1510,37.58049553577467,10.799085386646839,0.29834885626526386,11,US,Tablet
1511,21.93762612574257,5.42973033174349,0.4485848825140137,16,Germany,Mobile
1512,30.811245667924073,11.922582894970569,0.42512006931654134,4,Germany,Mobile
1513,38.54331349042511,6.717560678978852,0.7424962943438495,22,Germany,Mobile
1514,43.458429027609334,8.666463410744386,0.5306745612775909,2,India,Tablet
1515,14.070626456253596,12.62879250419475,0.37935296503399246,5,India,Desktop
1516,46.16055328069528,10.650909035560781,0.39209570113586734,18,Japan,Mobile
1517,19.68926423195736,8.71267358671529,0.47670265678672413,20,India,Mobile
1518,9.821443186304904,9.346902691053005,0.6928576916390418,11,UK,Mobile
1519,31.36475507120639,12.724475398232233,0.4634301685218001,9,Germany,Desktop
1520,30.732117806295342,11.188218134705718,0.4395277794985304,6,Germany,Desktop
1521,13.72225209702868,10.929835496707437,0.5684975202262647,15,US,Mobile
1522,45.582001308989746,8.361966701197183,0.41679891234394845,20,US,Tablet
1523,13.371943480295549,7.812092597999191,0.39757442188916886,23,Germany,Mobile
1524,31.07884662905607,9.587289781498894,0.5644265232167345,15,Japan,Desktop
1525,39.38755725912878,10.402771158344374,0.5586476583483214,5,UK,Tablet
1526,30.435696352272615,9.169019156807693,0.4806954410663736,11,Germany,Mobile
1527,46.59132871157028,4.279252488997178,0.5710467735206016,7,US,Mobile
1528,40.933663972169256,9.06308572273078,0.5005081376609096,21,UK,Tablet
1529,43.308182425409626,11.642120656780827,0.5799865844123832,16,Germany,Mobile
1530,34.999123135026394,10.652807589930003,0.3741164323811589,19,Japan,Tablet
1531,25.77117819389811,13.4563262409009,0.5668597513911287,10,Germany,Mobile
1532,23.73163430309009,10.793160629962056,0.4634040294025957,6,US,Mobile
1533,36.50646407929849,7.67979515397958,0.34776918675221297,5,India,Tablet
1534,21.371746694399334,9.877280054354998,0.47942576927683966,11,India,Tablet
1535,30.09715704326312,18.931606300554595,0.6689383140994697,3,India,Desktop
1536,32.666250769078346,10.99568501786218,0.43369958539079234,17,UK,Tablet
1537,23.321384564645847,7.265012333498374,0.44656692481853966,4,UK,Desktop
1538,29.112358735006783,9.661219205722544,0.5549136805291621,23,US,Desktop
1539,22.811340785514076,10.883879386860938,0.501926189219301,3,India,Tablet
1540,36.23400779485082,7.326385758104525,0.5374661412789874,17,UK,Tablet
1541,30.31183681106824,11.79946784039701,0.703982534097306,0,Japan,Desktop
1542,25.169416537185036,8.47056033013883,0.5558372346114974,3,US,Desktop
1543,36.46747264905306,5.515729991167339,0.35619718998025174,16,US,Desktop
1544,40.02445493545379,11.037741471364265,0.4667592400531935,17,Japan,Mobile
1545,42.72590447040211,14.10482668682771,0.40833952244288213,8,India,Desktop
1546,35.99764846183682,14.65119868062447,0.5272216060606343,13,US,Desktop
1547,43.27252173590399,6.53620008376958,0.5121717699476185,1,Japan,Tablet
1548,26.95689463084735,7.333490092308,0.603469747466004,8,India,Tablet
1549,33.57843703169161,11.437271012581713,0.5201262054157836,6,Japan,Tablet
1550,20.09744267211123,10.002896877350866,0.620302902281501,22,Germany,Desktop
1551,25.915966401860146,10.68221775008492,0.454981852398723,6,Germany,Mobile
1552,31.392361873816924,11.88767265707212,0.489560527532203,16,Japan,Desktop
1553,36.990930238298894,9.33192714151741,0.5715867722306927,5,India,Desktop
1554,20.96968028936547,12.134610295399904,0.5426310759769514,5,India,Desktop
1555,23.879982860652774,9.464678471938992,0.3786930544102291,14,UK,Desktop
1556,23.645865358965168,10.099978295487183,0.5163076591326329,18,India,Desktop
1557,41.781445351373264,13.61588256772765,0.6305443827903464,5,Japan,Mobile
1558,46.95900452185948,9.76902656902087,0.587502113028431,0,Germany,Desktop
1559,37.30422749079513,14.302808982845253,0.5217206907950057,10,Japan,Tablet
1560,20.695300014449202,8.569391430674639,0.38429338698960086,1,Germany,Desktop
1561,32.27612021323254,9.386169480862428,0.5326789492845373,22,India,Desktop
1562,29.511283048819575,10.197343200089133,0.47606611542528593,9,Japan,Mobile
1563,31.887698270513454,10.113754929933226,0.4691005471791944,4,India,Desktop
1564,22.649391124959873,9.32187604877599,0.4194311909558792,6,UK,Desktop
1565,43.33926041274138,8.240415357873,0.4387793240211268,18,US,Mobile
1566,26.02561704337102,7.983784351965085,0.46160479794837095,15,US,Tablet
1567,19.133752764011625,6.624776819969954,0.4182479363082571,17,Germany,Tablet
1568,18.89954103465012,10.128440465627909,0.3569709224698444,4,US,Tablet
1569,24.392403484578168,10.5473294261028,0.6951892710257354,15,UK,Mobile
1570,11.560864748057671,13.674288252078213,0.5229786096419774,15,UK,Mobile
1571,24.168224310556027,10.313565336984022,0.4181339498285553,17,India,Mobile
1572,33.444220924678774,10.302434960885186,0.507006352295758,9,India,Mobile
1573,97.79618692051304,11.159116026340234,1.2668327186922415,6,India,Mobile
1574,25.969883818336523,14.080413991257572,0.4734066669032575,14,India,Mobile
1575,117.83981876460301,7.898966615462037,1.2416115320775258,15,Japan,Mobile
1576,32.99962815194771,7.996865277525618,0.6473501735997615,5,Germany,Desktop
1577,39.90810628956533,14.022007284656453,0.4674470562217662,18,Germany,Mobile
1578,22.786245859564282,8.06193753191424,0.4161721382539314,19,US,Tablet
1579,18.99476137669439,11.027220837536483,0.5663567263931274,23,UK,Mobile
1580,25.969651993988567,9.446704277069855,0.314010227289408,10,Germany,Desktop
1581,27.235663239164897,10.848603129280338,0.4753516882009291,21,India,Mobile
1582,33.16623178050027,13.046670605940449,0.5606402548101705,18,US,Mobile
1583,34.78808044428855,16.222361445094037,0.4351000132810232,6,Japan,Desktop
1584,36.15206632471047,10.903979712963139,0.4711052608281411,12,Germany,Desktop
1585,19.37430365797909,3.7889119207290545,0.5414627056213217,6,US,Desktop
1586,50.42857692822965,11.743475987035142,0.3843246391989217,1,Germany,Desktop
1587,29.222634593983635,6.335804050349545,0.26283715770325555,1,UK,Tablet
1588,18.74451074758518,11.114256859740799,0.4153401068158235,11,UK,Desktop
1589,37.495707423822516,8.520142079625698,0.41564149183217375,4,India,Mobile
1590,44.96199455059202,5.725947983883801,0.41857164689195564,3,UK,Desktop
1591,35.98596088573008,9.49882997820935,0.5813650010686341,20,Germany,Desktop
1592,26.7368745018639,12.482545399865838,0.5063117154963109,16,Japan,Mobile
1593,29.084019782801622,7.975675872875006,0.3224254639290055,10,India,Desktop
1594,24.116667043027654,13.151622078524909,0.6148985753193691,14,India,Desktop
1595,12.852075453817811,5.083060003284031,0.5640180263427037,23,UK,Desktop
1596,38.73328907820333,15.618413184324481,0.5914052407095656,21,US,Mobile
1597,22.108152547906773,14.015535684021431,0.5349762000280063,23,India,Mobile
1598,38.20036711365199,8.092235237628827,0.6246192021593762,12,Germany,Mobile
1599,28.406323541428915,9.605549043907747,0.47022930624634346,5,UK,Tablet
1600,32.42785290329738,4.831709667773708,0.6729820321767691,18,India,Mobile
1601,23.070639690843542,10.098858193265608,0.3706731988776909,4,UK,Desktop
1602,34.17996706434465,12.811445361688916,0.44476925164769265,0,India,Mobile
1603,31.623954917067508,8.736203707529983,0.4389848865151405,19,Japan,Desktop
1604,32.37671124023642,13.664907821056497,0.46235362074911296,9,India,Mobile
1605,49.17934565756333,8.587187764533283,0.6251131321354796,14,Germany,Mobile
1606,17.022571589170752,9.57642687535128,0.6345904923980988,20,US,Desktop
1607,33.588394077733845,13.144968710600136,0.5505256634227189,17,UK,Mobile
1608,47.40082217756773,10.364152576716528,0.6033368764999119,10,India,Mobile
1609,28.138191224159186,9.035528009782727,0.4921390693284941,20,Germany,Desktop
1610,30.101406411672638,15.193106764241382,0.4363096341032173,23,Germany,Mobile
1611,32.1445987256648,8.885417861470087,0.7086091302616327,12,Germany,Mobile
1612,33.76600658398634,9.452816983289285,0.4532193728345141,20,Japan,Mobile
1613,27.661535804785103,7.456557862706613,0.6000925320077727,8,Japan,Desktop
1614,40.645551760141274,7.838201673796034,0.5453033723867147,14,Germany,Mobile
1615,31.124273202521938,6.337417252435252,0.6136127224187041,5,US,Desktop
1616,52.510161983213266,10.708756192776931,0.4900550536082151,19,US,Mobile
1617,26.508915203965735,3.9375307356051046,0.48385230055776685,13,Germany,Desktop
1618,31.321807017520033,11.289776386776328,0.47088299492943486,1,Japan,Desktop
1619,16.8966564644429,7.424734269315751,0.5231111036973909,18,US,Mobile
1620,41.287013792092495,11.069755327150528,0.48962711919397883,13,Germany,Tablet
1621,44.828224606490984,7.941461376405202,0.3376983936037112,16,UK,Desktop
1622,23.788698907840487,5.700902053197509,0.4131428804062065,16,India,Tablet
1623,17.48999965655989,6.690422887496917,0.5257669324081259,5,Germany,Desktop
1624,12.450482427509726,11.399625337084036,0.4864967573662358,22,Japan,Tablet
1625,32.13063243215401,10.528523479124289,0.5093667894839328,20,India,Tablet
1626,14.445892499469297,9.444653771713755,0.49839614654523884,9,UK,Mobile
1627,42.737604322245915,6.851331028569028,0.4680389686975123,6,India,Mobile
1628,29.90783057710624,10.589121734442504,0.496796494732338,21,Germany,Desktop
1629,26.820315148619024,12.930203050620324,0.4537612217265002,20,India,Tablet
1630,38.743542286575384,6.155112973934992,0.45031691909510774,19,UK,Tablet
1631,25.88937683753752,13.245219349351784,0.5047738426696102,15,Japan,Tablet
1632,20.39332736748225,6.6865770021705355,0.3372314511865586,19,India,Desktop
1633,7.45057566499564,8.277292008392278,0.5207414803377624,21,Germany,Desktop
1634,50.14696493918507,5.911113849771486,0.47288025863887045,21,Germany,Desktop
1635,11.382118155957553,7.837054157998029,0.5602671636988985,8,UK,Mobile
1636,48.84629608108901,15.399131755107122,0.40612381193887886,17,US,Tablet
1637,33.43436058812554,7.886057659552589,0.5839282092590824,11,UK,Tablet
1638,27.057564853704303,6.717342316205047,0.5260256011878671,20,India,Tablet
1639,33.53674388120411,9.146823481379862,0.5114342884404371,2,Japan,Desktop
1640,34.5190374242231,10.264632636213156,0.4773665823225424,20,India,Desktop
1641,45.414685163187784,9.536352902892142,0.8150189830700931,5,Germany,Tablet
1642,37.30043971623104,12.738701767598426,0.4498692517296612,7,US,Desktop
1643,40.463215089763295,6.824575685480522,0.49148978304932933,2,UK,Tablet
1644,23.217317277047194,9.239165465817468,0.43638231231691404,17,Germany,Desktop
1645,23.66658906563409,11.187611055542668,0.3782909039475557,12,India,Tablet
1646,35.60303139188493,18.912746143102517,0.524454258480279,14,US,Mobile
1647,32.630965252388236,1.8989579963224674,0.4031187034193321,18,UK,Tablet
1648,15.868972173350553,11.297595822289514,0.5051453633383265,13,Germany,Tablet
1649,19.639352735580694,4.974844590129445,0.6693165009454114,14,Japan,Desktop
1650,32.88921153316084,4.7994073617068675,0.5540079107630331,2,US,Tablet
1651,34.665724656661986,12.665188982679162,0.5169587490439453,8,US,Tablet
1652,14.310708130724517,10.82934567167129,0.48328657017164395,19,US,Desktop
1653,45.65455135172339,9.159535307264933,0.4557417116486743,11,Germany,Mobile
1654,22.467168458192198,13.592471007427687,0.5244307361495165,5,India,Mobile
1655,30.51346568568151,7.250567539708106,0.5254521890530989,14,Germany,Tablet
1656,19.710827498153435,8.621562382974037,0.2146984480808551,2,UK,Tablet
1657,33.38603297910792,8.365312867156018,0.26608557517939546,22,Japan,Desktop
1658,17.036645446658095,15.569880696543482,0.6122559994546652,23,India,Tablet
1659,12.33203836123582,4.626686393893711,0.5984329466921692,12,UK,Tablet
1660,226.6958649906474,6.343683017970925,1.055823247655718,6,India,Desktop
1661,18.118184126129062,10.724047671196562,0.5740171698351588,22,UK,Desktop
1662,23.83228467555122,13.23993301496947,0.5887746550777812,21,India,Mobile
1663,43.707983428417094,8.453678055482575,0.560905395510243,2,India,Desktop
1664,20.253996562834494,5.850894108886205,0.5364560960578072,23,Germany,Desktop
1665,33.88229787492649,11.533116471710999,0.44165537152434403,5,UK,Desktop
1666,28.5324594215262,15.656075011243065,0.5136332619852708,1,Japan,Mobile
1667,34.63691870245153,0.4147216004001546,0.5256556767533737,0,US,Tablet
1668,24.27214469585947,13.203295209923196,0.3674234259125543,6,India,Tablet
1669,37.162903834912015,9.857445999027822,0.6326045882035974,9,Japan,Tablet
1670,33.52033988468858,12.694177122150359,0.5624567841424671,8,Germany,Mobile
1671,29.647968671993347,12.228664943711006,0.4290537526512489,20,UK,Mobile
1672,196.8406849519462,1.910460299836572,2.1243464615604424,12,UK,Tablet
1673,30.32198856055507,7.563891512946624,0.41600678508901096,3,Japan,Tablet
1674,33.3353350000154,9.593986902787021,0.5978503417636961,1,India,Desktop
1675,31.532326448641975,9.430636752641266,0.3910785518161238,10,US,Mobile
1676,34.13034524818847,10.480258284049198,0.6258936600725229,7,US,Tablet
1677,13.683664887084298,12.171184666915863,0.5688084072291145,8,Germany,Tablet
1678,23.525451501105827,10.533005820609782,0.4878625119496741,8,US,Mobile
1679,41.04347666781039,14.171488883086461,0.3797885908884354,14,UK,Tablet
1680,53.10281138773777,5.169979975820765,0.48803327762501936,4,Japan,Tablet
1681,31.142538386146036,10.309713235565749,0.418207477236398,0,US,Tablet
1682,15.905160013094692,8.03855504202732,0.5912730011078114,18,Japan,Tablet
1683,26.062672085917345,12.963818203406518,0.5077362766123052,9,UK,Desktop
1684,23.546593687036854,6.406667043970952,0.4819550090634183,12,Japan,Mobile
1685,27.49742559351914,12.477166290755353,0.6062449017967609,3,Germany,Desktop
1686,50.5025708087083,6.87447782395171,0.6749663552854073,11,Germany,Mobile
1687,26.627287234402907,7.488143099095419,0.6352595248855568,5,UK,Desktop
1688,39.77067975464105,15.03111256632903,0.47328441769364554,1,UK,Tablet
1689,40.618492911251586,5.0428417521948194,0.37891869767370695,10,Germany,Mobile
1690,39.475764108839876,11.394515264721539,0.5412621689991295,13,UK,Desktop
1691,20.77754984129087,5.0831802694379125,0.5618427810748453,22,Germany,Mobile
1692,42.36536272699445,12.505842685788275,0.6027012033687363,19,India,Desktop
1693,25.878720449905387,13.057315274900795,0.3752310984558592,21,US,Mobile
1694,33.92036059735527,7.111932734825043,0.6420209394399067,8,UK,Mobile
1695,28.337053731423456,10.674167612240877,0.5227822605387774,19,US,Mobile
1696,29.88975227464799,12.339045744374681,0.3984721023360379,10,India,Desktop
1697,24.49837515157295,9.002079267791554,0.5633875633568028,21,US,Desktop
1698,31.261674806505273,7.648685381490676,0.5937090384283511,7,US,Mobile
1699,30.625315664590698,13.580583207713927,0.3045133382388613,20,US,Mobile
1700,21.256438960507644,11.14195469567784,0.6118230466412495,13,India,Tablet
1701,31.102029939744785,11.030875653702305,0.5132279702536776,19,US,Desktop
1702,14.59746969423751,11.130041066584562,0.48855248570626614,4,India,Desktop
1703,54.881458771941425,8.833916674796669,0.50146928071205,12,Japan,Desktop
1704,42.35173077538944,9.742663927401418,0.4425629072775744,13,India,Mobile
1705,16.792847549384888,9.939597242537772,0.39168881487200724,1,UK,Mobile
1706,25.04688461277501,11.935046536674136,0.4444134642666783,12,India,Mobile
1707,13.681915299702357,8.929260187597125,0.47352629376909405,11,UK,Tablet
1708,19.713999982913485,8.611381315402786,0.5076059955031267,10,US,Desktop
1709,25.930348121782234,7.942474363157807,0.6335330613347385,0,India,Mobile
1710,36.8098366025711,11.430299225588977,0.49223437297248396,1,Japan,Tablet
1711,26.71136311283104,11.585803875355685,0.4504182125822779,3,India,Desktop
1712,8.347897256284739,7.929158139080112,0.4949426704637527,23,Japan,Tablet
1713,29.550344999744645,10.248427438400883,0.32940339202179,12,India,Tablet
1714,49.94366151141701,11.698499749482789,0.5573901414774096,15,India,Desktop
1715,34.4351577498431,8.591138910983066,0.3014089772546078,12,Japan,Mobile
1716,15.1883314256345,16.48964800632055,0.4450527152446629,10,India,Mobile
1717,35.93441074176482,13.251354001227263,0.6736009259570541,13,US,Tablet
1718,37.118994213292375,7.165259669552655,0.579609152384068,15,UK,Mobile
1719,31.3562538801324,4.340355385609339,0.5262034572736038,18,Japan,Tablet
1720,34.42336743596287,10.913903192951196,0.5159653130523754,4,UK,Desktop
1721,24.802816722756543,10.156399128026987,0.45715373285214245,23,India,Mobile
1722,21.453469442159488,11.86120655443332,0.35853526981157874,7,UK,Tablet
1723,17.735813669239846,9.295604182623084,0.6646802045523303,6,US,Tablet
1724,20.361906265817638,8.122476984362018,0.44947690191873924,7,UK,Mobile
1725,29.1595935322123,6.6901283902835535,0.5727153902456915,23,Germany,Desktop
1726,46.484079037513396,14.894466489045861,0.28545234158123084,4,Germany,Desktop
1727,25.877875988992976,12.978342524788593,0.5802480841417921,2,Japan,Tablet
1728,19.57284575848237,9.799351980217955,0.5549329196462779,18,UK,Desktop
1729,26.354648048074033,15.543684543975878,0.5561489732308897,18,US,Tablet
1730,31.150831955884097,6.2159100766504,0.72345907901473,18,UK,Mobile
1731,49.845793961719,9.194911677492662,0.44069320675557766,14,India,Tablet
1732,15.632959983305511,9.27374201615709,0.5684837710959872,11,Germany,Desktop
1733,38.62539167559817,15.561234310193521,0.4599737833195213,14,Germany,Tablet
1734,39.76912087766081,8.320603569024247,0.42361609910104353,7,India,Mobile
1735,27.8558787769841,14.125180192110193,0.7278112820512799,8,Japan,Mobile
1736,17.429310865564354,8.652855975118941,0.40812263177825747,23,Japan,Tablet
1737,25.934208159621726,10.33075851492115,0.6340417907411725,1,Germany,Desktop
1738,31.61314529503672,9.884483322649055,0.5751059907830502,16,UK,Tablet
1739,14.265978485152768,7.724194516290746,0.44621288482253113,2,Germany,Tablet
1740,35.95033279694876,5.128911594039351,0.5285901699805847,11,Japan,Mobile
1741,253.6473953709097,7.12224117985422,1.4091104019635166,17,US,Tablet
1742,18.854451541209585,4.283678019779682,0.5678860787431361,11,India,Desktop
1743,34.25564797834908,10.347654571808434,0.4429078500814896,21,US,Tablet
1744,37.37076608101311,9.86457041823118,0.6694421546625621,5,Germany,Tablet
1745,27.706477187110277,7.538044743174338,0.4589306124107346,21,Japan,Tablet
1746,40.93158871158852,12.329216830024833,0.5518658293194144,6,US,Mobile
1747,33.49567525248256,7.956552627782788,0.49172056850823737,12,US,Tablet
1748,29.869721723530063,14.814396918858282,0.5124560316612259,4,Germany,Mobile
1749,50.20444964481169,15.394470124660328,0.48729356791068135,6,Germany,Tablet
1750,38.24541570188559,5.22940895554074,0.5324128306364553,7,UK,Mobile
1751,26.84255660532195,2.3420415802308483,0.537330253776987,14,US,Mobile
1752,28.392790142167875,12.632342323620113,0.5191157841809418,6,UK,Desktop
1753,30.801668521714365,12.737925012559561,0.6330114437836225,2,Germany,Tablet
1754,31.80719202083319,14.709904677911522,0.6298388003031874,12,Germany,Mobile
1755,16.16119437273965,7.476656384612375,0.655495032768863,18,US,Desktop
1756,36.95387328095742,8.806039307331938,0.7290669356277697,20,India,Mobile
1757,13.746189316825344,6.5354167285221845,0.44363235581998106,6,US,Desktop
1758,49.67887321611258,10.304513578147468,0.4153239933220928,8,UK,Desktop
1759,33.70127957825603,11.557467284017232,0.48500348583830444,14,UK,Mobile
1760,22.475077861305714,12.8532105583282,0.5720340025810906,11,Japan,Mobile
1761,48.16383488331611,7.564557461189152,0.36248453422091464,2,India,Desktop
1762,32.41364289233374,11.724391206661299,0.39023481150477085,21,UK,Mobile
1763,24.914979610698698,10.98884072489874,0.48346126942118356,7,US,Tablet
1764,14.727084640000864,9.6396686174703,0.4419396859299211,23,Germany,Desktop
1765,22.492487945250367,3.096033112044436,0.5513892174064233,19,India,Mobile
1766,40.05785619132021,10.40329522849401,0.47408423092360147,13,India,Mobile
1767,26.759236266984285,6.101791609448254,0.598682020335336,18,UK,Desktop
1768,20.02928531704685,10.672323067771437,0.532241356671443,23,India,Mobile
1769,32.26850070364352,12.638375883760403,0.47196439216987346,3,UK,Desktop
1770,167.39791943177383,10.32594493516515,2.0229273525186016,17,Germany,Desktop
1771,19.912351727819445,7.970527915315207,0.49964644841467337,20,UK,Mobile
1772,37.195688244044774,6.352349975821431,0.3859433154223681,5,US,Mobile
1773,33.50042407235625,7.337853634713217,0.47715033958460423,7,India,Desktop
1774,38.4316668941143,12.267194879546718,0.3774420899001816,18,US,Desktop
1775,20.825361916123256,17.92436220989347,0.6173975362251485,9,India,Tablet
1776,24.155698390571523,12.971917428429858,0.39314189757594986,2,US,Mobile
1777,49.25565684747511,11.577774774308734,0.5601440955112891,12,India,Tablet
1778,37.35895772780124,12.211443804463041,0.47416058119019144,15,India,Tablet
1779,43.9619984335296,8.285396917977259,0.4825038448586422,21,Germany,Desktop
1780,18.150772621420046,10.9483562212216,0.5066780891400956,13,US,Desktop
1781,42.18927222172618,8.368170717148645,0.48839378913869186,3,US,Mobile
1782,26.537097678719213,2.003025333676826,0.5304974086772665,3,Germany,Mobile
1783,41.85154918002173,10.17946370143354,0.5797787496404174,15,US,Tablet
1784,25.324039024173132,9.832935406707842,0.5481053028989161,5,UK,Mobile
1785,34.377462557956655,9.355222708195216,0.5732192749368408,9,UK,Tablet
1786,31.389575518116413,10.046740577897664,0.45715270278109355,9,US,Tablet
1787,36.868968972234704,7.885359290812056,0.39002992602494624,22,UK,Tablet
1788,43.96289997703754,7.86606063673457,0.5543562209547699,5,Germany,Tablet
1789,20.782807634359262,4.886628954684902,0.39908042418541123,16,Germany,Desktop
1790,27.247216785511583,6.223810353182999,0.5007015017166654,16,India,Tablet
1791,19.654977529147573,11.514350906423903,0.7363790501984072,11,US,Tablet
1792,41.951171926373725,9.387499176635162,0.43779297067349526,10,US,Tablet
1793,43.15138300986796,3.4328279263769357,0.4991878647638151,11,Japan,Desktop
1794,27.503481852231616,12.050511357088224,0.468196281128496,11,US,Mobile
1795,29.98067049203278,12.625695217901075,0.44507977035506724,10,India,Desktop
1796,32.589277108448215,9.27968578062956,0.4916771493353978,15,US,Mobile
1797,39.74094515081615,11.038729349992254,0.510749592177532,4,UK,Tablet
1798,35.17329289384933,10.537117371828524,0.5312145301795518,15,Japan,Tablet
1799,30.529174689629677,7.9553187704926565,0.44831073099642565,17,Germany,Desktop
1800,18.825383427069433,12.570141513296747,0.4774801786797858,1,India,Desktop
1801,20.502266895238495,15.67085609432652,0.45714411960180273,17,India,Desktop
1802,19.772658114363182,13.901155861438205,0.35930151425382745,11,India,Mobile
1803,32.74692759651961,11.506298123799148,0.3632838653760385,12,India,Tablet
1804,27.803395909270993,4.757752007027758,0.49601483430570137,16,US,Desktop
1805,44.99441181909367,11.386170272441664,0.4370615369348974,1,Japan,Tablet
1806,31.336923688015034,16.703149870393023,0.3761994495519451,17,India,Tablet
1807,30.22069474476438,6.439773395657719,0.3840413622248846,10,Japan,Mobile
1808,42.35035793082453,14.906545168264863,0.5056037059962032,5,Japan,Desktop
1809,37.25444694325074,6.688312242652335,0.5147846204786942,11,US,Mobile
1810,28.74440972488604,6.383867462620456,0.5845729118455535,0,India,Desktop
1811,13.809336458642207,10.208765261075522,0.5165743364610076,0,India,Desktop
1812,23.61891134464717,12.661436742111645,0.49721783506424644,2,US,Mobile
1813,34.6789139286996,9.448790957675195,0.5718980405101377,10,Germany,Tablet
1814,21.281814447635604,7.217114835772193,0.42937090792358557,20,Germany,Desktop
1815,47.02059527228848,4.586350090744627,0.42534934420700105,12,Japan,Tablet
1816,41.87034926528838,10.024005541547412,0.42754503434698354,4,US,Mobile
1817,34.00560571312833,6.987843458102734,0.5983827495636375,11,India,Mobile
1818,31.776117954719332,11.180986691663422,0.5122526907271924,17,UK,Tablet
1819,38.402915698169465,8.077860079873558,0.31481269562295233,2,India,Mobile
1820,49.357951902075214,12.08544678337915,0.5685618783728817,20,US,Tablet
1821,33.421616360991216,4.753665781316081,0.537615001692489,7,UK,Tablet
1822,35.80630916509692,13.85237111397232,0.5760903132716456,11,UK,Desktop
1823,49.20443689742352,7.634753232804295,0.6345060899019366,16,Germany,Tablet
1824,54.28419905895562,10.129738587674524,0.40347366246840044,13,India,Tablet
1825,31.03315648768479,7.147784213145025,0.554242811653792,18,Japan,Tablet
1826,30.095847863692182,9.89622347540728,0.3444681766217972,18,India,Tablet
1827,25.879164283869915,10.516177774279644,0.48251889574091167,2,Japan,Tablet
1828,26.152145857004612,13.797747851974663,0.5664960934291006,19,India,Tablet
1829,29.17183005721601,8.858952965153025,0.3414408976194865,9,Japan,Mobile
1830,35.26808157113783,12.734159212323675,0.4361095817265863,14,US,Desktop
1831,47.055589004833664,12.681682520997285,0.4204877608174212,5,Germany,Tablet
1832,33.479157132836626,10.03278060673996,0.5636672632021386,0,Japan,Mobile
1833,38.480136793496044,11.319727537538654,0.5567035112996547,4,India,Tablet
1834,23.56179271181585,6.922590148287622,0.49715262155348827,15,UK,Mobile
1835,25.991798719987095,13.421923088706151,0.5014904592457496,15,UK,Tablet
1836,28.256172304215987,10.28748329169671,0.4407503883184406,10,Germany,Desktop
1837,42.13306078792925,13.716427218701776,0.4227165138612175,6,US,Mobile
1838,154.33966965631828,11.30705748691598,1.8983294446816885,17,UK,Desktop
1839,31.62693309220555,9.962062701896974,0.40253281335093277,4,US,Mobile
1840,20.27735731831765,11.792859587496928,0.5378804765077554,15,India,Mobile
1841,43.70526991389543,12.856528128576901,0.5917773019396295,4,India,Tablet
1842,18.62051337707257,7.876825080535307,0.5511510737747444,6,UK,Tablet
1843,31.57235173474496,8.258296934553174,0.5775908715563971,16,US,Desktop
1844,27.655777423774065,14.713450944071312,0.5245049760723927,13,Japan,Tablet
1845,16.25768957872856,11.248638950692595,0.315967998726161,6,Japan,Desktop
1846,18.547349282368373,8.178720229168253,0.5237246523104362,7,Japan,Tablet
1847,22.2476745571917,11.185408301450664,0.3851250320392369,3,UK,Mobile
1848,24.117589957358643,9.701117287728668,0.5872337921326205,8,India,Desktop
1849,29.168141809372226,8.551543550407695,0.4258175114774655,19,Germany,Mobile
1850,10.123515643848194,11.50769704214705,0.30594361370529455,8,India,Desktop
1851,29.966195028952242,8.850445711100864,0.45943989420697656,7,Japan,Mobile
1852,5.901736017478257,8.212077984430932,0.5433095665674069,19,UK,Desktop
1853,35.341138625531244,7.12908672820807,0.5939921445446446,14,Japan,Tablet
1854,34.46063690429575,12.022837084338242,0.5089011758338556,21,UK,Mobile
1855,17.85257406565933,11.632556650706029,0.47674749872336747,7,Japan,Desktop
1856,30.69968654011343,10.567046379016437,0.4502152557482097,21,Germany,Desktop
1857,19.19596033725721,5.941324675378598,0.4981560845484292,4,US,Desktop
1858,120.87702632687046,8.22867841016893,1.6363972651780894,1,Japan,Mobile
1859,37.78043248086024,9.77835645078212,0.35392447799546656,3,Japan,Desktop
1860,10.764359069857864,8.08161931291687,0.5577293635495332,9,India,Tablet
1861,39.93732960644764,13.616850312195,0.5102445358398202,4,UK,Desktop
1862,38.17509326519835,6.916258212215716,0.5226949261886548,11,Japan,Mobile
1863,29.227474121910532,3.0220994852670273,0.5339397254117948,21,Germany,Tablet
1864,44.48595669235203,15.151094835590914,0.5288380073119623,2,Germany,Desktop
1865,17.14911426266552,3.1309386578346654,0.3269190898967083,8,Germany,Mobile
1866,39.65061341071523,8.598287335882404,0.5719964485093605,8,US,Desktop
1867,44.27457635756126,10.336535308756012,0.4538787751679386,3,Germany,Tablet
1868,25.539387709088647,11.869571468599382,0.4802399080235907,1,Germany,Desktop
1869,31.228117885241254,14.908670937213232,0.25175788843823366,0,India,Tablet
1870,22.408216920801625,11.147077339975022,0.5002415464105772,2,US,Tablet
1871,33.45658209957196,7.738392397036362,0.4309631314077665,2,Japan,Desktop
1872,18.847580680741224,12.960721133542524,0.37636325487020905,3,UK,Mobile
1873,13.313762676470912,12.424927333428151,0.5202810243363446,3,Germany,Tablet
1874,23.633174263175665,11.081966422344847,0.48347566899709754,16,Japan,Tablet
1875,28.63918808104452,6.016849101789623,0.5008363112846852,1,US,Tablet
1876,33.06019067371104,6.635724142742023,0.45514168870536253,20,Japan,Tablet
1877,19.151891632401973,10.334185353920603,0.700366185131601,15,India,Desktop
1878,12.805430095987624,10.552025139208427,0.5108537755526852,9,UK,Desktop
1879,20.456382771055562,11.333942764465837,0.5026876595578764,10,UK,Mobile
1880,30.524891159756002,5.094349060674616,0.46994547038066076,15,US,Desktop
1881,29.20815902763375,11.421563121292676,0.4913281488111427,19,India,Desktop
1882,33.881787700052826,11.229294859937982,0.48122802835306655,10,Germany,Tablet
1883,28.161744723345855,9.42512422433973,0.3208104205593583,15,Japan,Desktop
1884,27.063527792544797,10.748466243599978,0.2319276202860328,2,UK,Tablet
1885,31.675962418360395,8.123004693189467,0.7813317216306559,7,India,Tablet
1886,32.196365338826084,10.26739665408707,0.5104176559376455,2,US,Tablet
1887,37.15594591866355,6.865118548672158,0.33948655226007995,2,UK,Desktop
1888,22.062474671966452,8.66825092323711,0.472440231297865,18,India,Desktop
1889,1.4822065094197896,10.485525304454178,0.5477248136223187,23,US,Tablet
1890,21.19551111885235,11.617262409292671,0.4798465698728078,1,India,Mobile
1891,32.58938909722774,10.726238507317921,0.4887371453503867,22,India,Mobile
1892,27.954992821650922,6.736551112903452,0.43225655780908145,11,UK,Desktop
1893,32.18666621941436,5.602595867313344,0.5432684870310571,16,US,Desktop
1894,42.47189875270836,5.4669350565753785,0.4761928860760588,6,Japan,Desktop
1895,23.4587883560851,7.577009386795871,0.3577198934728528,22,India,Desktop
1896,55.93983331996391,5.69809772651595,0.5540077087711337,7,UK,Desktop
1897,25.01027820276441,10.298422515839057,0.5208861337077539,15,Japan,Desktop
1898,30.75044378463368,7.129778609058133,0.5036796695857159,5,Japan,Mobile
1899,24.62118454890095,8.809966645137447,0.42262989013575236,3,India,Desktop
1900,27.224345533741886,12.942747314265748,0.7077465249317691,18,Germany,Desktop
1901,173.5851343765773,12.030523060955062,2.3529271981254345,5,UK,Tablet
1902,25.53496051175454,14.623173503761628,0.5054258128815797,23,Germany,Tablet
1903,41.72577583509559,6.959476060202678,0.46913966516247807,0,Japan,Mobile
1904,32.38029993686334,11.302229787524222,0.4791056269720876,17,UK,Desktop
1905,53.438904102477814,9.854521296725805,0.5733508378624761,8,UK,Tablet
1906,26.434841830864613,10.223015945120517,0.33262373489701835,1,US,Tablet
1907,41.12623369946198,12.16651390721185,0.46151667445080546,23,UK,Mobile
1908,23.780855925066366,6.430302647815155,0.49691165342482224,20,Germany,Mobile
1909,32.93175018775982,13.337766133313949,0.45859246671091364,14,UK,Mobile
1910,28.379623272141885,9.163136324205864,0.7030841463245199,6,US,Mobile
1911,26.571868631345648,16.833530249934427,0.5832547632909133,6,US,Mobile
1912,22.68357280801831,10.221395198202206,0.5304604133138049,20,US,Desktop
1913,26.6328098391946,13.942404223596984,0.4789845730277047,0,Japan,Mobile
1914,38.24226866746686,3.8718737016249047,0.5896628687382195,17,UK,Desktop
1915,5.9173247906750746,8.422976519801125,0.5738829668590391,22,Germany,Tablet
1916,42.465386408635524,12.63650549921789,0.5310737051807171,9,UK,Tablet
1917,35.613047735842265,15.475604364554476,0.7462529121404781,8,India,Desktop
1918,26.062616821292377,13.01274566309245,0.5938946601434544,21,UK,Tablet
1919,45.38339498547614,8.05352161728185,0.4671387358713352,8,Japan,Tablet
1920,37.85507450169539,12.913065497272406,0.42450132997889073,21,Germany,Tablet
1921,22.87636158631961,14.610925534490963,0.4859918893646111,21,Germany,Tablet
1922,14.098514719841779,8.566193584297443,0.5649100481114884,4,Germany,Tablet
1923,35.64982523746315,12.22810868612343,0.41355416128743155,19,Japan,Mobile
1924,23.928569961015988,8.429412692711143,0.47867011412432414,2,UK,Desktop
1925,18.541271204111013,2.294394692902303,0.40857418243914334,0,India,Desktop
1926,27.611836877772888,8.031990875102096,0.35657673184334415,9,UK,Mobile
1927,37.962093552498615,15.192216225407702,0.46491378296187713,13,Germany,Mobile
1928,29.375168926540407,11.461736365985885,0.5740935329727156,6,India,Tablet
1929,33.41193892830386,12.089491596791444,0.5704297605170808,14,Germany,Desktop
1930,38.032371595011675,6.512968217500328,0.4963486996837392,7,US,Tablet
1931,17.177481572378603,7.465706991745302,0.6099547273173284,19,India,Tablet
1932,31.48980024791714,12.875228885782311,0.399666018033855,12,India,Desktop
1933,31.09927203958929,6.850080342379375,0.47504438598611437,16,UK,Desktop
1934,27.069689942508454,10.435091620595427,0.6579343542705066,13,UK,Tablet
1935,26.711863362773517,7.342842443118757,0.45893172347788924,22,Germany,Desktop
1936,17.694126741298938,9.543588465368373,0.5082197080024907,16,Germany,Desktop
1937,47.47172683877893,9.302939094244392,0.48955900636647887,3,Germany,Tablet
1938,38.821415173755966,12.042722262478307,0.5133281625276761,7,UK,Tablet
1939,27.391611574455236,3.9910577752555785,0.41847148927844874,18,India,Desktop
1940,23.903819478792414,9.244532062918212,0.6478816271558852,13,US,Desktop
1941,33.0046930192902,6.028869164003903,0.3194364748536498,7,India,Tablet
1942,30.02866972007842,14.822670927954377,0.5545320866857891,11,Germany,Mobile
1943,40.38825064818383,9.102574030152804,0.8368992248282779,0,US,Desktop
1944,15.678970912155707,11.145392749931638,0.50779561272846,13,Germany,Desktop
1945,26.555708184274867,8.09242765154092,0.5379510836849427,16,US,Desktop
1946,194.9351909457656,11.542536411979485,1.315165944860268,16,Germany,Tablet
1947,31.004495094190894,5.991618060650105,0.6560416365788566,13,India,Tablet
1948,13.394227398909234,8.322794858854069,0.41304904656226804,12,Japan,Mobile
1949,42.78376123200089,5.9055153678885315,0.501200459105755,19,Japan,Desktop
1950,26.107124188286928,10.79538229096762,0.348382334385482,12,UK,Mobile
1951,24.723292728427964,13.47035371627142,0.48367701308457917,17,US,Mobile
1952,39.428854975301135,7.492673500444187,0.628249992771309,18,India,Tablet
1953,26.56435885092663,7.814721286304055,0.5301089526640484,11,Japan,Tablet
1954,35.28615511449334,7.456185540794296,0.39505051252158296,15,US,Desktop
1955,33.976963445913114,12.755141298462293,0.47717829078540674,7,Japan,Tablet
1956,16.35836277583045,10.691791477664236,0.421195314683306,17,UK,Tablet
1957,24.472614119323538,14.639582167314611,0.4843917146757594,0,Japan,Desktop
1958,29.0592314752148,12.052561483726155,0.5688598438058043,5,US,Desktop
1959,30.92461815881702,7.6650127665168375,0.5784674380296209,23,Japan,Desktop
1960,39.964647232639656,8.76765813291179,0.4253134917091552,7,India,Tablet
1961,28.89184022207134,10.351934126166338,0.49416311522061934,6,UK,Desktop
1962,28.0973675269994,3.118415993797088,0.533322766518407,4,US,Desktop
1963,208.63701353268945,11.353651036455625,2.7575830883001995,0,US,Desktop
1964,32.932240782014354,7.950789970814657,0.5939088916700384,10,US,Tablet
1965,34.43145347718049,9.236316089997244,0.4535564893488144,20,Japan,Mobile
1966,19.510120853223214,9.227709596629461,0.4574849410807562,6,US,Tablet
1967,40.65848255089687,9.894165861615708,0.4335132321242085,21,India,Mobile
1968,34.11795012254764,6.784623779923012,0.42797163181504483,7,US,Desktop
1969,22.600264528759553,11.086321263587378,0.4670080973805221,5,India,Mobile
1970,26.46621217516981,12.562471495347525,0.4091491242000219,22,UK,Desktop
1971,21.785394771826283,12.736486877660479,0.4834617981688495,7,Japan,Desktop
1972,52.69270213223045,5.6164561384130876,0.42865466381647405,15,Germany,Mobile
1973,-1.0394565309472945,6.124368206203133,0.5445039999974376,9,Japan,Mobile
1974,28.579838957849045,16.94992337968571,0.4101849108772954,22,India,Tablet
1975,39.77302439122286,9.278316134375995,0.4536567774029552,17,US,Desktop
1976,32.46168707697546,4.8493574266452875,0.7066224851994114,12,Japan,Desktop
1977,20.755300538491085,6.967522899887273,0.6404776201480922,0,India,Tablet
1978,27.0543888341329,11.848621463504267,0.5479937453972533,19,US,Desktop
1979,20.40604812019688,8.569243087434584,0.4643619188705321,9,India,Mobile
1980,39.71969209013514,9.85350644626586,0.434092763711994,14,Japan,Mobile
1981,35.474923841359164,8.150272640640978,0.5218454744555441,21,Japan,Desktop
1982,27.01799185457709,8.96806144595161,0.4916617281957902,15,India,Desktop
1983,34.848081429689444,10.36133785002835,0.46283400686526605,10,US,Mobile
1984,37.993336399269936,12.41398327239671,0.530623661596762,4,Germany,Desktop
1985,27.767342180133497,6.660960719891804,0.5904152159469505,14,US,Mobile
1986,26.602894015955727,11.033350293375506,0.5069490046865186,6,UK,Mobile
1987,32.187619177531374,13.998137374058023,0.5645311409998495,16,India,Tablet
1988,48.73962157077611,10.251768823672359,0.5641963496097606,21,India,Tablet
1989,25.044453076680046,13.925334582788999,0.545312617191626,21,Germany,Mobile
1990,55.01275855986135,11.770838113484094,1.6055591848388215,19,Japan,Tablet
1991,32.455007391332494,9.10943190429251,0.4312269523754944,16,Germany,Tablet
1992,191.25759228404652,11.817143070657014,1.3854970444716215,6,India,Desktop
1993,30.760205795555482,7.230405255762152,0.5731184128739567,21,India,Desktop
1994,18.95186671697726,13.501511536222452,0.563598281579114,23,Germany,Mobile
1995,21.70369614515198,10.220249133086346,0.42388070928810523,21,UK,Desktop
1996,33.66607577742115,11.475804712499835,0.4604458500285803,16,Germany,Mobile
1997,35.48019873333542,9.536932876542288,0.5372580510176072,10,US,Mobile
1998,36.811945354865436,9.662729016360919,0.4359223979060219,19,India,Tablet
1999,26.49564781287587,8.810915733529795,0.5271654046153389,23,UK,Desktop
2000,33.70780494287534,14.695583148821441,0.49236316297819693,16,India,Tablet
2001,29.861937822833006,8.290478930475365,0.4830248999228111,4,UK,Tablet
2002,27.019714033054427,4.558970933044348,0.32324434045233347,12,Japan,Mobile
2003,35.764312350868664,10.364280166204026,0.35203237235928964,10,India,Tablet
2004,20.236778770925415,10.780603720185614,0.3954407365756079,10,Germany,Mobile
2005,24.355477597135216,9.45627731782317,0.4363315413612221,14,US,Mobile
2006,17.19504780123706,10.84334030501775,0.6442310521812178,16,UK,Tablet
2007,45.19163129539583,11.46315077508487,0.26789569901522514,2,Germany,Desktop
2008,21.472483862678107,6.77388542465863,0.49425187192627607,19,US,Mobile
2009,-4.8060320861712,11.478950909059265,0.5655474935377574,14,UK,Desktop
2010,39.23264177965683,8.21361765280567,0.4695528053660958,11,Germany,Mobile
2011,17.153408499271066,5.178553046403156,0.3962048950083582,7,Japan,Tablet
2012,48.266017680005525,5.402768118226584,0.44528124272118436,0,US,Tablet
2013,15.40981664149598,6.523987005035251,0.44728770716396615,7,Germany,Tablet
2014,22.213395233807304,13.03497581531094,0.7464320383687645,12,US,Tablet
2015,32.153580628271044,8.094817328069794,0.7070861055989578,17,UK,Mobile
2016,25.41105170150083,8.696065421680863,0.5552203308011926,23,Japan,Tablet
2017,31.56102456366362,11.44934788259576,0.48346148150784013,17,UK,Mobile
2018,16.863790715267832,9.41294193417815,0.6654011013945252,7,US,Mobile
2019,37.73217609580954,5.940502557907258,0.5364121417623589,3,UK,Tablet
2020,39.10303283891057,7.732975568472259,0.5774159493575073,4,Japan,Tablet
2021,25.46738867316122,8.39228379419478,0.5065055204883776,0,Japan,Tablet
2022,18.149016020118,12.35056190320929,0.4984398955077735,16,Germany,Mobile
2023,17.61151387044754,14.843427675694988,0.4879462215615635,4,UK,Tablet
2024,43.768690558048824,7.5095699077992215,0.5383836546528894,16,Germany,Desktop
2025,36.716260254539506,9.483548861326067,0.5071548707048905,6,India,Mobile
2026,15.91624771895621,4.954811898905537,0.3832089010308445,20,US,Mobile
2027,24.825997953514864,10.770473341535748,0.6154989486803233,20,UK,Mobile
2028,22.69610058187592,11.340596593824582,0.5561143626318715,8,US,Desktop
2029,226.6997356910724,8.189244726753135,1.6982178640798262,13,US,Tablet
2030,19.187569071361793,7.632506466992223,0.44765052096174224,23,Japan,Desktop
2031,35.47186316647391,12.549497563155548,0.49713405959048756,6,US,Tablet
2032,17.701263966372665,6.8965086391642645,0.6701669104118884,12,Germany,Desktop
2033,21.84441159668117,14.352335884592888,0.585780877162701,17,Japan,Tablet
2034,50.03180666354412,10.729220954469891,0.5302653258283545,1,India,Desktop
2035,45.75467539049207,9.856602993676752,0.5929609696653266,22,Germany,Tablet
2036,30.652549606383804,12.67695975969674,0.3044541357163498,8,US,Tablet
2037,34.1448018133005,9.070199816587651,0.41263441397962863,7,Germany,Desktop
2038,25.951458275556014,6.3951351109149615,0.5506659493390829,13,UK,Tablet
2039,5.025529968188604,17.24118797714242,0.47668626771931505,0,US,Tablet
2040,32.968609853234184,13.672007845923098,0.33675382174221025,18,India,Tablet
2041,24.826090061486656,13.195853346006302,0.4410734309063104,21,Japan,Mobile
2042,12.169124597079591,6.121160521307226,0.5106332153304561,5,Japan,Desktop
2043,191.8412178377253,7.797392722706737,1.8306921654664576,2,UK,Mobile
2044,60.12771554295246,7.843987857069359,0.5266258075825148,22,UK,Tablet
2045,34.44887559526502,16.994069403584376,0.28850254941959586,20,UK,Desktop
2046,24.447464330305934,9.261773413967347,0.694786075808204,7,India,Desktop
2047,25.687401976328427,10.949843350183235,0.5003393828341629,16,Germany,Desktop
2048,30.178254826257128,13.968359911365612,0.3199408821108951,7,Japan,Mobile
2049,39.030139229557186,10.13092726093974,0.33705799951139626,3,UK,Tablet
2050,35.214448688537495,9.668846980942153,0.5892026124707972,12,US,Desktop
2051,32.48877457362129,14.479427562188725,0.40843970519401007,4,Japan,Desktop
2052,25.828573821042998,9.7102951647521,0.6620686274922019,11,Germany,Mobile
2053,31.2859671168684,10.265948868574185,0.4901204825010672,14,UK,Tablet
2054,26.35680477343906,13.180098135759032,0.4655286188989093,5,Japan,Tablet
2055,21.504686803445622,11.833495002213754,0.6321554007715344,12,UK,Tablet
2056,19.6306890841239,9.848066314518466,0.4805606128695468,15,US,Tablet
2057,20.295467716872224,5.58839360690854,0.578395741619276,11,US,Tablet
2058,46.64094076735515,1.9279684991588617,0.48641455673605205,0,Germany,Desktop
2059,14.613936178035448,14.18529518006114,0.5565337992293279,17,Japan,Mobile
2060,34.857080048606115,10.992288127717151,0.7723960938455529,21,Japan,Mobile
2061,39.9569396169414,8.844076114923375,0.53428418415459,14,Germany,Desktop
2062,26.76196299178679,10.63866901345859,0.45746400910317464,7,Japan,Desktop
2063,24.119465700467067,9.03822425380705,0.4331081517329688,11,UK,Tablet
2064,37.32925100953871,9.82861430725305,0.6186819025943922,23,US,Mobile
2065,23.05198732854237,13.909689088373286,0.5028585662683184,3,UK,Tablet
2066,48.69568059381628,7.01564278022944,0.43075152032630354,17,India,Tablet
2067,90.25323384757309,6.753379828045109,2.7645323168508233,14,UK,Mobile
2068,32.08552225430525,12.694263418710866,0.5240325918075538,1,US,Tablet
2069,11.957326423611086,11.428345706569353,0.45034806447337417,9,US,Desktop
2070,34.34618426036095,13.970136455975606,0.6126482145431067,20,US,Desktop
2071,35.81191212569223,6.845608593305843,0.45325625736173336,14,UK,Desktop
2072,46.26708965201348,10.453034146551026,0.5774127780769124,7,Germany,Desktop
2073,36.30235644545138,18.231916083240527,0.31642607503444103,3,India,Desktop
2074,14.223350619424451,14.92048625995956,0.4092937549207523,10,Germany,Mobile
2075,37.55280153697312,9.375404671310754,0.47431920315683346,14,Germany,Tablet
2076,31.376536462398295,14.235452514642434,0.5350045938798786,17,UK,Desktop
2077,43.45440515636467,12.863523750756052,0.5046542061123179,13,India,Mobile
2078,38.99514492515996,9.686070435402161,0.5289405877371196,8,Japan,Mobile
2079,27.92262446611621,5.5644936229597075,0.46259662924242906,22,India,Tablet
2080,28.93450579648983,7.14314558198338,0.675902620087623,10,US,Tablet
2081,244.39837191956073,10.571129433651997,2.634734467540933,1,US,Tablet
2082,28.311959662078433,10.71830635730637,0.6014710235418775,10,US,Tablet
2083,41.834821514811345,8.404166088374385,0.3276521668990876,7,India,Tablet
2084,41.41905102288756,9.752094548640343,0.5533249232735794,10,US,Mobile
2085,32.433860838242744,7.226646733430262,0.5303553423601287,15,India,Desktop
2086,37.43695771103922,10.439785886991661,0.5138084204361254,16,US,Desktop
2087,30.582366582248873,5.097541444015599,0.4695492751743304,14,Germany,Desktop
2088,45.88129647113382,10.531432182681556,0.4441031206952188,10,India,Desktop
2089,23.109163834650204,12.048563662160847,0.493386964316187,18,US,Tablet
2090,20.900640853526944,10.154857752682389,0.5388198642833948,19,Japan,Desktop
2091,25.79140554544604,8.453568858520454,0.5771866371741636,12,India,Tablet
2092,35.624410007410745,9.60578391981319,0.5897465218459841,8,UK,Desktop
2093,16.347907697256225,12.793323119780819,0.41520569173579513,11,Japan,Mobile
2094,27.576361951105767,7.823782597623253,0.5200574970872337,4,India,Desktop
2095,25.99181474267629,10.331102976959968,0.2925847615510004,20,Germany,Mobile
2096,13.010539194166622,4.27636641688725,0.6459437061423731,1,Japan,Mobile
2097,119.35883192680146,16.052724342446584,0.8000611339438984,7,Germany,Tablet
2098,23.276564670506332,6.509494117419899,0.5899446677732385,7,Germany,Desktop
2099,20.228821072621038,6.023684501399976,0.43658519193602935,2,Germany,Mobile
2100,43.45465570496889,17.53418222859413,0.5503790329846742,12,Japan,Tablet
2101,34.95299083410555,7.793641577703939,0.5425353927863112,14,India,Tablet
2102,29.943792957249077,7.056262603947407,0.5349990902504462,20,Germany,Desktop
2103,21.5527556261288,12.509625773366928,0.6762510213856652,0,India,Mobile
2104,21.380360658324904,4.326714008846938,0.5892119171153192,19,Germany,Mobile
2105,25.520191517247138,11.021409165940396,0.528985054871687,22,UK,Desktop
2106,26.003357576174494,8.52551473972391,0.45567955884512024,0,UK,Mobile
2107,-1.4385851965131522,7.555338331057204,0.3501306570796183,15,India,Tablet
2108,14.001430068775605,11.057915312240938,0.41673675759465656,1,UK,Tablet
2109,34.3465520778648,6.776089391931761,0.43897126714225065,21,Japan,Tablet
2110,38.04524930442608,11.340183251783627,0.5453041685208105,12,UK,Mobile
2111,10.372999301891856,9.085652208386827,0.5633509271687639,17,US,Tablet
2112,20.83931004276584,4.345901814898959,0.6004756454396449,8,UK,Tablet
2113,29.53727175928158,3.684601927812219,0.619154833469871,15,Japan,Tablet
2114,15.850437440423216,13.106190875223604,0.4468531763804191,6,India,Tablet
2115,32.74504569502519,11.911631479573387,0.43698546722915727,12,Japan,Desktop
2116,5.604859147130163,10.706250345204763,0.5027469806919819,11,Japan,Desktop
2117,45.97171405741077,11.431579562407597,0.6683213656674919,22,Japan,Desktop
2118,33.906876484746554,8.767485555364448,0.4846915927193544,20,Japan,Desktop
2119,24.20057100620217,6.864116560310545,0.48675183277781897,3,Japan,Mobile
2120,26.95496810873962,11.328109789919234,0.42299560129121955,2,UK,Desktop
2121,12.989810323781246,15.918168859173758,0.5400853196872785,2,UK,Desktop
2122,21.565187338277667,10.658687665551074,0.6978210907989457,9,US,Desktop
2123,232.8747263671814,4.84924118119297,1.244692737619784,21,UK,Mobile
2124,30.54844044215508,12.584482310252644,0.4785154980104014,5,Germany,Desktop
2125,37.54136591212427,7.960517545690986,0.5343263072244163,0,UK,Mobile
2126,38.019280865844344,12.222984509237937,0.47736540786534337,9,US,Mobile
2127,35.76959917825745,13.418480454946447,0.6227121126637315,3,Japan,Desktop
2128,31.34281148883591,12.648293701816387,0.3267344251977308,10,India,Tablet
2129,23.408893384495034,13.484317409447435,0.38682033742806643,9,Japan,Desktop
2130,47.572425134655646,13.11354174864433,0.5185563301862317,23,Japan,Tablet
2131,28.876840555664675,16.577356305956616,0.5273694279099351,16,Germany,Tablet
2132,26.602614600530053,8.16411046882597,0.6938416289079318,19,UK,Mobile
2133,20.51134833159093,10.81502770873956,0.5862594098914975,10,US,Desktop
2134,38.235073898475804,12.982183903273793,0.5607429724363403,2,UK,Mobile
2135,36.32636071539968,14.911554477676788,0.5414234133151501,19,Japan,Desktop
2136,31.598826064157134,7.24493328592982,0.5920665380236326,21,Germany,Desktop
2137,42.31717169103398,8.66894197868103,0.49407314752542014,4,India,Desktop
2138,-1.2807252967495621,11.176822955170927,0.5085814312012195,20,UK,Desktop
2139,41.67679434580263,15.583388731889995,0.5599467620633714,13,US,Tablet
2140,23.112702060079993,10.073398906106599,0.40542844673484324,20,Germany,Tablet
2141,55.212727091746494,11.941118732352686,0.532329756036427,13,Germany,Mobile
2142,18.215128047937778,11.160150036882479,0.39068778966596407,8,India,Tablet
2143,37.143372891281935,9.099415238104008,0.39176487191553777,14,UK,Tablet
2144,28.58521419268974,8.761905229316001,0.37054890571221255,23,UK,Desktop
2145,31.3023814159046,6.967483286790175,0.5227799061074978,6,Germany,Desktop
2146,192.60959680351158,9.736576548723596,1.9351131708094689,11,UK,Tablet
2147,28.560972902712038,16.431312864734323,0.43205089374836847,22,UK,Mobile
2148,14.261180245052959,10.132738001419863,0.4106962081871347,22,US,Desktop
2149,36.74204398454981,11.522842197620312,0.42668330934657783,2,Japan,Tablet
2150,39.75411616246039,9.177336991573648,0.40980028965877185,5,Germany,Desktop
2151,27.22964176673559,9.260627677194899,0.5358394492244376,21,UK,Tablet
2152,35.29160736081514,10.287486108616465,0.5616770890908321,8,Germany,Mobile
2153,28.60917003926022,10.284902442597385,0.29739979925994375,10,US,Desktop
2154,25.049564204236393,11.270603466383093,0.5254734425399784,6,Japan,Tablet
2155,41.50141332300739,10.70249417669045,0.5511090543190371,10,Japan,Mobile
2156,35.27481447348864,9.092561389570406,0.5139337791828577,11,UK,Desktop
2157,22.14294227510601,13.78786069746619,0.5078318778504005,14,Germany,Mobile
2158,29.0925190923864,12.912986022249804,0.5538953808907752,12,US,Desktop
2159,26.149907389093645,10.636040396127408,0.5419574328666186,0,US,Desktop
2160,28.56851784093837,8.142204873215807,0.4974463830783617,20,US,Desktop
2161,20.136962025288582,7.7515479306817445,0.5037855073171021,8,US,Tablet
2162,47.543594909731894,9.739055748851213,0.5929978674741174,12,Germany,Tablet
2163,19.420795062497376,13.618453051808057,0.2561264052047677,1,US,Desktop
2164,31.77644171336421,9.969152930944883,0.5100178884970326,15,US,Mobile
2165,27.17057100176212,6.883209312432275,0.36765348161801736,12,US,Tablet
2166,44.17352603292447,16.05266121691587,0.39865499410659805,9,India,Mobile
2167,21.51058921915635,8.642425071506906,0.44823589256978447,10,Germany,Desktop
2168,44.603513802467745,12.346036434176249,0.5093538367420478,5,UK,Desktop
2169,34.035131484722086,11.662752798222089,0.32780137897316575,9,India,Desktop
2170,21.768910136776853,7.057726762871451,0.4844706418847046,16,UK,Desktop
2171,28.57798039270355,12.209284611812128,0.5716140508018932,19,Germany,Tablet
2172,25.73761264053922,5.872682254080439,0.5393442616697056,5,UK,Desktop
2173,22.532713334877293,12.500952500120679,0.6555742663494365,14,UK,Tablet
2174,26.650529557724226,5.371261130528348,0.6570558214792593,8,Japan,Mobile
2175,31.16968396669978,6.976391669036371,0.555337754363134,17,Germany,Mobile
2176,9.923145075009433,8.61604903941931,0.548822612635261,22,UK,Tablet
2177,27.371726156988768,8.751527907302824,0.48344503679624123,13,UK,Mobile
2178,27.378658010939063,8.860464163334935,0.41534496194662957,18,India,Tablet
2179,38.64938143541226,14.344627523568462,0.49353904831957046,23,Japan,Tablet
2180,32.62617742575901,7.970519997311016,0.3380432787605596,12,UK,Tablet
2181,39.0013586415659,11.367348777308635,0.4611596966382077,6,India,Desktop
2182,35.41154944143007,11.041544306887873,0.44410664964394253,11,UK,Mobile
2183,29.549387493823172,11.669708078996015,0.31036675188860074,5,Japan,Mobile
2184,46.97655697486311,11.751516220882557,0.5463068654116718,0,India,Desktop
2185,26.94934132171091,5.169952933634038,0.6385549169915513,19,UK,Mobile
2186,23.55462621268986,14.15250215667561,0.5246849616498719,14,Germany,Tablet
2187,27.896661858973484,6.585208703866828,0.6347684370215901,3,UK,Tablet
2188,24.006352627117753,12.482071311029614,0.5593062867259593,3,US,Desktop
2189,33.53444087695835,8.741806949565278,0.42781612130495134,13,US,Desktop
2190,26.48948835525839,6.234840214460488,0.436498481770876,3,Germany,Desktop
2191,28.487552867850457,7.973666286628521,0.5539246364581243,4,UK,Desktop
2192,27.49249803854074,9.905070709017705,0.6605853755781184,17,US,Desktop
2193,30.282438935614955,11.87107855366765,0.32443788373713844,22,US,Tablet
2194,33.284462298642204,13.21441886896087,0.6546501904307417,0,India,Desktop
2195,36.832545355049575,11.76466912286498,0.4954271585634319,13,UK,Desktop
2196,36.513498200789904,11.959731539077998,0.5313235468564034,19,India,Desktop
2197,16.064605893906062,10.878843824772694,0.45948966774891536,8,Germany,Desktop
2198,22.024552219061135,12.432147598153843,0.4502062081382762,3,UK,Tablet
2199,352.09809989546227,5.377489548158039,1.8069581418520537,9,US,Desktop
2200,25.04343831829607,7.402974007387255,0.44436204072572955,18,Germany,Desktop
2201,30.334301321506228,7.919062476466829,0.5773851236590937,16,UK,Mobile
2202,35.592497073162555,7.008497613268564,0.58282913532952,0,India,Mobile
2203,32.68846467078919,11.222331451771087,0.44353117570717976,5,India,Tablet
2204,41.076354153167614,11.84424060226209,0.6778263706711681,6,India,Mobile
2205,32.23070850911358,6.574507126337311,0.5879585677468304,16,UK,Mobile
2206,38.42242053196097,11.432845916613,0.5687256740688348,9,India,Tablet
2207,156.8930251173257,3.89649952272896,2.2092040346230917,21,UK,Tablet
2208,23.40907151296775,14.38299353355277,0.6130230302307971,19,Japan,Mobile
2209,44.65195009380446,12.951796913390377,0.49232723133016143,20,Germany,Tablet
2210,16.998706942739567,10.061262377295428,0.3181014005776527,23,India,Desktop
2211,40.456058486378296,10.569350028215403,0.443112536481821,21,India,Mobile
2212,34.417970170339274,12.266087856217581,0.5491248911458175,2,Germany,Desktop
2213,18.360060026373382,8.126038268734357,0.5175120979331503,11,Japan,Desktop
2214,30.31917064163553,10.490504554017045,0.49142519024561443,23,Japan,Mobile
2215,28.543674543496195,12.04402969773377,0.5029221164756477,3,India,Desktop
2216,36.50031990030459,12.654030850283787,0.3888172671184827,16,UK,Tablet
2217,27.300761754201215,14.177379372240727,0.6914327401487027,8,Germany,Tablet
2218,26.31927293248423,9.595556462391944,0.5944696134308771,6,India,Mobile
2219,36.92573186467348,2.4760589299470084,0.608166113962023,15,US,Mobile
2220,47.20813439345437,12.4786426664718,0.5971352606199103,1,Japan,Mobile
2221,38.981074861662236,14.003100985455045,0.5132111520168692,18,US,Tablet
2222,19.570305385150867,16.889124003220967,0.5765415911552143,8,India,Mobile
2223,35.46538745729626,4.599433233395844,0.4276976784127506,4,Germany,Desktop
2224,14.755507992402976,12.679946615084264,0.5299626790360565,22,US,Mobile
2225,34.75890930395227,9.440735678907338,0.4074982608660812,21,India,Tablet
2226,33.32565182479348,3.60563657408464,0.2463099417558537,18,Japan,Desktop
2227,17.595072241801475,13.623953950809769,0.7075714641251556,17,Japan,Tablet
2228,15.27909932192992,12.370393134229388,0.34251753055746215,15,India,Mobile
2229,39.04082093064214,8.9732180125552,0.390887801695307,0,US,Tablet
2230,26.852589701256324,3.757885288923408,0.5217182588326122,1,US,Desktop
2231,31.122979094451235,12.9389011179064,0.529868963324289,22,UK,Tablet
2232,31.13803786873855,9.376757872836237,0.5161617816585323,18,India,Tablet
2233,30.899646389678455,7.771109259946184,0.3560735728235841,21,India,Tablet
2234,16.941037467077535,11.361858933472195,0.6125234387908928,18,US,Mobile
2235,35.588418006779264,14.849276881597156,0.5052533962003198,19,India,Tablet
2236,39.9391721098098,15.141689924843398,0.5993576733542617,7,Germany,Mobile
2237,31.477782149276187,7.549319651857187,0.49310584963750986,10,US,Desktop
2238,22.708937048850522,7.353557697460637,0.3792476704603834,22,UK,Tablet
2239,22.14925537905624,3.6656735747605964,0.40069902503525506,6,UK,Tablet
2240,28.36758958361821,11.34616889950718,0.43095081367567356,21,US,Mobile
2241,37.414613984848174,14.765121538665428,0.365324420156907,9,UK,Tablet
2242,35.59084169258578,12.809012265550558,0.49650538305058806,17,US,Tablet
2243,36.81914539968209,10.037034424455317,0.6600723396581838,16,Japan,Tablet
2244,60.0821214586834,17.608120176540353,0.49497550022306425,11,Germany,Desktop
2245,25.02358283256931,9.727605748125576,0.4954365724371731,3,Japan,Desktop
2246,47.613350221662444,11.902661678991679,0.4559216810147521,18,Germany,Desktop
2247,35.49511064123671,5.733217357495933,0.5392812795103377,4,India,Mobile
2248,22.717278768575113,9.728100094709983,0.5477461670751193,4,US,Mobile
2249,16.942776693964465,10.343349784659722,0.6086664323383495,5,US,Tablet
2250,35.751881862124634,12.817549496800693,0.5040440975756119,20,Japan,Desktop
2251,37.32362301055545,8.675443686988624,0.5057296009168275,4,India,Desktop
2252,95.96216927896064,13.119852601738575,1.647012978985503,23,UK,Mobile
2253,27.333553168197128,13.054962368264384,0.42877047536538765,2,US,Desktop
2254,26.92194924651475,11.067952949661688,0.538361233504357,6,UK,Desktop
2255,25.95528357720556,7.121797428210943,0.3580240024691258,2,UK,Mobile
2256,13.904108296969994,7.558799009168569,0.6201790404827117,14,Germany,Mobile
2257,29.716476551487666,2.578493265818982,0.5397756003512695,6,Germany,Tablet
2258,31.074242394171083,10.402100756519335,0.64361359747821,9,Japan,Desktop
2259,27.895859951694934,9.934723809116718,0.6479021072898756,9,Germany,Desktop
2260,45.34211682473653,7.35115589787973,0.5710449540184472,16,Japan,Mobile
2261,57.42206017081472,9.504141772236544,0.43536569523288343,11,US,Desktop
2262,38.307403647750014,3.5190448090430095,0.657184838811333,8,Japan,Mobile
2263,30.854082256016365,9.229181132225609,0.41891523775496287,4,Germany,Desktop
2264,35.04687630015074,16.16721619937937,0.543525324119436,18,Japan,Desktop
2265,16.081188415842853,3.737969991697402,0.4525207417423434,6,Germany,Desktop
2266,33.87681201277845,10.67154705651867,0.4559365370516002,11,India,Mobile
2267,34.974691824137444,7.307455763996397,0.5109022953315928,0,Japan,Tablet
2268,28.94884888931593,6.218136629295058,0.6538964209163478,12,UK,Desktop
2269,32.30469970579792,10.870621921160529,0.4552834841209474,12,Germany,Desktop
2270,7.974269063436104,8.732265741888027,0.5084660036980406,17,US,Desktop
2271,25.160960362833883,13.268450098170096,0.5804902286233171,16,India,Desktop
2272,110.79928529546325,10.215498608504019,1.123816143061998,23,UK,Mobile
2273,17.082790613691273,10.68535818341993,0.6078075269039249,11,UK,Desktop
2274,18.91785864067018,8.362540301206002,0.3863436165431706,23,US,Tablet
2275,23.766852865747122,9.873287606730415,0.5526921680661155,7,UK,Tablet
2276,20.281259143207855,9.131680386981596,0.5968322594426829,5,Japan,Tablet
2277,30.008322347804658,7.717879601620197,0.4760445569960908,23,US,Desktop
2278,36.2403345770215,8.456464552932196,0.560413882563221,17,Germany,Mobile
2279,6.977163888233765,7.1386058511757255,0.5505209801563278,14,India,Desktop
2280,16.20808726909098,8.03313974574314,0.5144448566109231,0,India,Mobile
2281,26.68745056849727,14.506464661290803,0.5806930241514239,9,US,Mobile
2282,32.24480797993611,9.366158628053443,0.6443532405633075,20,India,Tablet
2283,43.30389090827513,11.786150885665252,0.5763757285245461,12,Germany,Mobile
2284,39.492701671506154,9.503560477729653,0.46838559618380476,20,Germany,Tablet
2285,23.581042850480905,6.989539476256665,0.42383285499625456,12,UK,Tablet
2286,36.578926192259445,10.498615476457834,0.6537919286528852,16,India,Mobile
2287,28.84774953483946,15.101524144306854,0.5325661297934304,7,US,Desktop
2288,31.39430216398661,11.619690769356199,0.3497212374008294,16,India,Mobile
2289,34.091508297054816,7.750266865490795,0.5801006866895884,23,India,Tablet
2290,35.730517460133576,10.846738866321328,0.49187936772170526,21,US,Desktop
2291,16.41161741698832,11.379023854027999,0.5061465398353302,17,US,Tablet
2292,42.205568927693925,7.6843333284717055,0.6121520597691527,20,Germany,Desktop
2293,30.760028160548536,7.277728454406449,0.47103793935369825,18,India,Desktop
2294,32.734464428978534,10.519273314163158,0.6276354686349369,19,Germany,Desktop
2295,32.451623060842955,10.088232458541354,0.5563319580227185,13,India,Mobile
2296,15.8484341164584,10.506509187353242,0.5239798728894638,23,UK,Desktop
2297,146.4730353816069,17.823299344327232,1.2189319746069354,5,Germany,Tablet
2298,-7.6508305191037635,17.153217001381318,0.3740217205464471,16,Germany,Desktop
2299,13.082866556801946,9.628873036701897,0.5468600793837112,20,UK,Mobile
2300,24.844505399289833,8.125612425524396,0.5435898443995532,17,UK,Mobile
2301,20.32241305707075,9.735958793089502,0.5866761294630372,23,US,Desktop
2302,35.11605651201445,10.656861261787775,0.5627755776666453,3,India,Tablet
2303,31.36505691011792,7.444302829715411,0.5611648074592013,11,Germany,Desktop
2304,18.972407900496453,8.865705672502106,0.5520781679554574,11,UK,Desktop
2305,30.03594579693299,12.494075583324276,0.35529899041683577,19,Germany,Mobile
2306,22.444246650309694,7.442298717176454,0.38482828388039597,4,US,Tablet
2307,37.1406918368778,9.492321415868632,0.5155829355822795,5,Japan,Tablet
2308,27.959104444029254,8.21561775635314,0.5875060166688626,20,US,Desktop
2309,38.285242603605795,9.660609867439135,0.5042664486973244,2,India,Tablet
2310,33.048115088689926,7.977291368625615,0.6422773754767077,16,India,Mobile
2311,46.97449695274112,9.923281644859369,0.6009074464221229,8,India,Mobile
2312,2.4473687496430827,7.321127430896304,0.5006097252856379,23,US,Tablet
2313,49.917964875886305,8.39571546221608,0.5323691912021402,14,India,Desktop
2314,5.314822048709551,16.420149673187737,0.5521494675873412,23,US,Desktop
2315,15.55334735726766,11.143635373288031,0.40768578818085277,0,US,Desktop
2316,30.015344830656268,12.745552618821357,0.483679901848327,21,Japan,Tablet
2317,28.093773201025478,6.255880285797154,0.6147695757862103,10,Germany,Mobile
2318,15.60577679003164,7.387369514959925,0.5331067933700059,23,US,Mobile
2319,26.02520351492138,17.492456668508964,0.5063613317715754,9,Germany,Desktop
2320,40.181455514564924,11.122710553031702,0.45327236720621117,7,Japan,Desktop
2321,31.560847634685768,9.220621218111827,0.3950265416832672,16,US,Tablet
2322,26.329931278926423,9.49198137742038,0.26621700829297723,10,Germany,Tablet
2323,18.61964738546406,10.78039839304692,0.449845940471174,17,US,Tablet
2324,38.388745055750576,11.539549055485713,0.5821274824422601,2,US,Mobile
2325,39.88277809465074,8.649908511826132,0.6450636031436305,14,US,Tablet
2326,26.994616801169496,10.047836520600766,0.48462456862041053,13,US,Tablet
2327,26.649501959866797,5.8529513462127305,0.5371472142435435,0,Japan,Mobile
2328,24.69813499301818,8.513701584331487,0.42418057247929053,14,UK,Tablet
2329,38.24547545898155,14.525482903439556,0.5801273998728786,6,US,Tablet
2330,36.913004665747565,5.38677511563123,0.6121212569699562,20,India,Tablet
2331,31.913414085943344,13.18811952962281,0.5228760628797399,19,Germany,Tablet
2332,23.26151729822591,13.23417445653506,0.5254795700819702,4,India,Mobile
2333,38.795052984924865,10.398414518035286,0.7245967503105959,20,Japan,Tablet
2334,16.304024343941407,12.431030733005407,0.5741598216692096,18,Japan,Desktop
2335,28.981403212424645,3.453842174288126,0.5164454014275136,12,India,Mobile
2336,40.098533989263316,15.55182189028771,0.4475714589844294,0,Germany,Desktop
2337,15.12669004227478,14.134324479202562,0.4529684451831947,21,India,Desktop
2338,90.8178273073972,6.923185012445958,1.2710549479961386,21,UK,Mobile
2339,32.9117315183795,8.987785672979637,0.5580855106537399,18,Germany,Desktop
2340,32.7805137894799,11.954885839342872,0.593514248978787,19,UK,Tablet
2341,27.341183340631247,7.41240918470562,0.4724815532705425,3,Japan,Desktop
2342,42.2600361420389,12.772377300472366,0.4224219231433779,11,UK,Mobile
2343,34.4911971929289,10.023977085392493,0.4414174246371671,12,India,Tablet
2344,41.17537854351925,13.985241475789197,0.4305490224887633,1,US,Tablet
2345,12.789274483783018,10.36739491722396,0.5365211839849471,22,US,Tablet
2346,23.87293746894776,13.678786509346716,0.463194878067228,17,UK,Desktop
2347,25.632233227261665,12.028296235898445,0.6717780898690289,1,US,Desktop
2348,29.36134852251759,12.48048766340493,0.43491682488053957,17,UK,Tablet
2349,32.90841258956796,12.626513668314585,0.5616589775638821,17,Germany,Desktop
2350,34.837664575000154,9.71971897301169,0.5203705990122458,22,US,Mobile
2351,19.549767603672507,15.604686706216565,0.525986100629982,10,UK,Desktop
2352,34.315225629451604,12.799966735399657,0.45179659645537723,2,Germany,Desktop
2353,30.46057699552194,8.920138836647302,0.38181351633291194,23,UK,Mobile
2354,36.04733136369137,10.115596727461314,0.6565754015256162,2,Germany,Tablet
2355,30.645941264573004,12.19495020066681,0.5241081222532252,10,Germany,Desktop
2356,36.60122691962192,12.320887248538039,0.6608550786970653,3,Germany,Tablet
2357,37.206772793144886,8.001368027269036,0.5119118970428601,20,US,Tablet
2358,31.109075838745515,6.400252601939519,0.5148149071878758,3,Germany,Mobile
2359,26.620622342430433,12.588198628349053,0.6205863405959908,3,Japan,Tablet
2360,33.165102202565755,8.625574675776997,0.4790331797216387,5,UK,Tablet
2361,43.68753907504547,10.745619540238016,0.41702255832573154,10,India,Desktop
2362,21.29466644831453,5.212798060381558,0.5393878350178469,2,US,Mobile
2363,30.032101390982742,4.635026840154819,0.38164330959402826,14,Japan,Tablet
2364,33.033259014399896,5.436491845312349,0.4036552214422173,17,UK,Mobile
2365,34.694574904485684,14.086820708994084,0.6676949533508947,18,UK,Tablet
2366,28.942067566068115,6.420241726476017,0.7422532764633729,3,UK,Mobile
2367,22.647605598581517,13.52336902630161,0.4391621742893429,1,US,Mobile
2368,26.68714191262025,14.664501637020916,0.5643828203411239,9,India,Desktop
2369,6.4662308248689655,9.249104354032415,0.7464239023050705,2,UK,Tablet
2370,24.749935333072663,8.624049914898594,0.5836514890753298,19,UK,Tablet
2371,25.51372149006444,9.585575841248291,0.49256401150888585,16,US,Tablet
2372,29.63828025038628,13.649831286308704,0.4871189015650875,17,India,Mobile
2373,34.81250305763944,9.634796824245026,0.5837193547516454,8,UK,Desktop
2374,39.900441661031095,8.91175329903866,0.5429549385753257,13,Japan,Mobile
2375,33.93455205254606,12.856707349817984,0.5539230419717075,5,Germany,Tablet
2376,25.74740498382761,8.812307167292051,0.48037622838919114,0,Germany,Mobile
2377,57.81162068330153,12.981674524708364,1.5297468516370003,3,India,Desktop
2378,31.65189895412978,7.161315623180065,0.6430304105835289,15,US,Tablet
2379,36.03376055501727,8.643494820809465,0.5007669063698824,9,UK,Desktop
2380,12.049175533310159,10.721202598689288,0.49032531709236954,7,US,Mobile
2381,28.013413100636367,10.247079759556073,0.5999882824879017,13,UK,Mobile
2382,34.14861804665686,15.01985218960986,0.39507820261740845,21,Germany,Desktop
2383,35.31482299251942,16.57639907234804,0.6668334011502868,19,US,Desktop
2384,28.568123602851813,6.4273811264292,0.6359979870784593,22,Japan,Mobile
2385,31.148140442253915,10.323274680604227,0.4287901181127768,15,Germany,Tablet
2386,27.44238919896214,11.590691315783323,0.4285223398190116,18,Japan,Desktop
2387,20.377492007356246,11.957489147855389,0.47515090464106624,4,Germany,Desktop
2388,8.483576608681382,10.521830953576972,0.46502416032272254,22,UK,Mobile
2389,34.15230747910762,12.776222078921661,0.4553389707297019,7,India,Desktop
2390,32.105642795273255,8.3943031690574,0.3840228374520569,2,India,Tablet
2391,46.417555655609824,12.846417591434058,0.3582877213380399,17,Germany,Mobile
2392,266.79733748638404,3.292408569283287,1.7515837310401585,2,Japan,Tablet
2393,31.973207263075743,12.516675520800764,0.608746142223153,8,Japan,Desktop
2394,33.171006862400766,13.277879571454086,0.44529321317854764,18,US,Desktop
2395,26.80627033462821,10.430210010994802,0.6714805485247035,21,India,Tablet
2396,39.46776014163145,9.615308049717957,0.5793040093701358,18,US,Desktop
2397,36.00531932331045,10.562743044010224,0.5391623403028798,21,India,Mobile
2398,101.47945691661349,8.855524010273024,1.6157501453616587,14,India,Tablet
2399,14.776962333626669,11.287588541101902,0.5758360756793979,0,US,Tablet
2400,32.510572218425864,4.846407173460297,0.4720981781505917,4,UK,Tablet
2401,15.842743673094837,9.703483724493154,0.4416645733437459,7,US,Tablet
2402,31.28991257023997,12.515144641486149,0.516987783802711,0,Japan,Desktop
2403,35.276777673948004,8.812621258559616,0.5623237572368067,22,US,Mobile
2404,47.07365171948818,10.74625133448539,0.5710301067631501,10,US,Tablet
2405,30.374300018844785,8.378191501501405,0.619051280876042,17,Japan,Desktop
2406,40.601863980262394,9.098822191188122,0.491647906601991,22,Japan,Tablet
2407,4.263892108805262,8.414797061612164,0.5331687119956576,15,US,Desktop
2408,51.92732329767897,12.102977718939782,0.5406203316643946,7,India,Mobile
2409,20.291785084450964,10.26496146829236,0.42862832974713877,22,US,Mobile
2410,16.031749239899373,13.935817351690325,0.3906567119790857,15,US,Mobile
2411,15.097038700402273,10.56564983360568,0.5740395417198398,4,Germany,Mobile
2412,28.602749229433478,7.742053561720575,0.46375372574796553,4,Germany,Desktop
2413,31.62936829034677,6.8115359034862175,0.662912477082958,13,Germany,Tablet
2414,30.119016998617177,10.34645313190743,0.3630440465480097,12,Germany,Mobile
2415,43.838596268990955,12.016867782325352,0.5645358838547427,8,UK,Tablet
2416,27.856784415047223,6.408822086286239,0.33933654916060796,13,US,Desktop
2417,39.63516100762623,8.434142115181738,0.6878842266396954,7,UK,Desktop
2418,40.18636158322001,10.110515894229207,0.47825612505258674,18,Germany,Mobile
2419,34.264260923195714,5.020120524117704,0.4807688540742691,19,UK,Mobile
2420,28.933426957309166,12.715684553544538,0.6195439866753155,11,US,Desktop
2421,22.73293408962971,9.498580372843174,0.3446923622964637,9,Germany,Mobile
2422,36.10413321580369,11.78082116768796,0.46824228543923146,5,Japan,Mobile
2423,33.73508893868096,5.338793762407052,0.5403355435559639,1,Japan,Tablet
2424,23.09629855384486,14.37834620555016,0.6450607629473261,11,Japan,Desktop
2425,46.739523389773616,12.488903537810017,0.6208232246726103,20,US,Desktop
2426,12.981850032700727,8.61813122952163,0.4247197290782057,12,India,Desktop
2427,30.684641323798868,7.724282462955859,0.5358872366398354,14,Japan,Desktop
2428,4.008843082279551,14.085020266019878,0.567040806424987,1,India,Mobile
2429,36.03500319214645,11.204810025670112,0.5596733677897412,2,Japan,Desktop
2430,41.97290250468542,8.7192914085079,0.4823884758545984,3,UK,Mobile
2431,36.63198764398332,12.558859887680933,0.49216222096056644,5,Japan,Desktop
2432,22.342507949334365,3.5642497199548027,0.6741642745509566,12,India,Mobile
2433,36.56217085441294,7.354201107089205,0.5552830867602774,5,Japan,Tablet
2434,42.588140301704655,10.083479882534458,0.3719479430282639,6,Germany,Mobile
2435,26.440168704369068,7.531000847523938,0.5081367711566853,11,US,Tablet
2436,31.138101440634568,5.604909330547698,0.47486951522162874,6,India,Desktop
2437,26.45664510484448,11.452201539582179,0.3207440164639416,14,Japan,Mobile
2438,36.97795976339577,12.1695710806665,0.456194360814157,10,US,Tablet
2439,19.233096870150536,12.686651333983258,0.3134331498701569,12,Germany,Tablet
2440,39.356916856737236,7.084806797115517,0.4693952574827891,23,UK,Tablet
2441,20.422911943657425,10.65311212789985,0.6597790423038076,3,Germany,Mobile
2442,40.6922890000403,12.77102935064139,0.5036955415385548,13,US,Mobile
2443,27.362162677115723,7.4454115875700255,0.6378168282127229,18,Japan,Mobile
2444,43.37017535970362,11.26382946891677,0.420732499228414,19,Germany,Tablet
2445,93.13341723081693,11.045617330148682,1.5051490588988583,13,Japan,Mobile
2446,116.24314700361799,7.7488914238433315,2.706564719782943,20,India,Mobile
2447,14.470361810332955,7.339310912313225,0.49692597599408456,4,US,Mobile
2448,42.08605829866695,10.914051800218267,0.4083996628970843,2,US,Desktop
2449,27.600907655504457,2.934835404165714,0.49258904965800543,3,US,Tablet
2450,11.35239541458444,13.282419994900096,0.4668203583368202,9,UK,Mobile
2451,25.668354998247032,11.62387395038236,0.6377436216493397,13,UK,Mobile
2452,29.07233067681814,11.291179866845342,0.4510849066911533,11,India,Desktop
2453,13.498778402461475,5.914831226249321,0.5028963657614426,5,UK,Mobile
2454,32.04919975509373,11.366716542788403,0.44638065784084924,20,Japan,Tablet
2455,32.69868410599054,11.777314147884677,0.4037356825135914,8,UK,Mobile
2456,32.86223413946507,1.330724780584152,0.6186861698926547,16,Germany,Tablet
2457,29.08311148541634,13.611111042728417,0.5156969014657676,15,Germany,Desktop
2458,39.61116940734313,9.574413676971076,0.6594959354372139,23,Germany,Tablet
2459,41.55928391964861,12.94891720009413,0.5704591617337214,22,UK,Desktop
2460,22.379498111163414,12.642562237959655,0.3366860982068933,9,Germany,Tablet
2461,26.397070141208253,5.239223258829265,0.468938850202327,13,Germany,Mobile
2462,4.170365039142972,8.70938052269476,0.5072445350314101,13,India,Desktop
2463,16.93964365325047,13.651520640835567,0.25775784774841226,19,UK,Mobile
2464,38.91984201859218,10.753608201094108,0.4438595366308879,9,Japan,Mobile
2465,24.374171314276506,10.005309628460502,0.4720261100139553,19,India,Tablet
2466,33.32151089861019,8.323781204780419,0.5183636653680651,7,Japan,Tablet
2467,32.484148816396726,8.683243505626555,0.4177164489510498,7,Germany,Tablet
2468,27.668437482656067,10.821608404173556,0.5222970378342412,9,Japan,Desktop
2469,17.72895056285607,6.719512395158198,0.5247334615084462,20,US,Mobile
2470,47.505641851229925,10.098520735280768,0.5533710008704051,14,India,Tablet
2471,49.42176179975553,13.332494204310507,0.42370524529756626,17,India,Tablet
2472,28.4212870144112,10.04850359080431,0.5446667887068193,11,Japan,Mobile
2473,34.75010680771525,4.254240979694993,0.4628921003562583,7,India,Desktop
2474,33.93473605911012,8.854957823986878,0.3665077817196195,20,Japan,Desktop
2475,28.10089554113407,9.90565695660875,0.4905520498022095,11,UK,Desktop
2476,18.535828419867897,7.838563052111578,0.5130542108041559,20,India,Tablet
2477,20.95789821710953,11.861317538351766,0.5545844850187686,7,India,Mobile
2478,31.544336592266703,14.20028804339582,0.2954219500145877,10,US,Tablet
2479,23.01856470639866,14.897413327707863,0.4656480683934928,8,UK,Tablet
2480,10.074177510105969,9.480879836599463,0.46351751550642784,3,India,Tablet
2481,48.3345043763899,9.350642360964034,0.497641830562028,14,Japan,Mobile
2482,37.594003506669736,9.003657974026451,0.4594722754896893,6,US,Desktop
2483,22.2095174374671,10.990454695222617,0.4540824203614044,18,Germany,Mobile
2484,24.430032221228103,13.315152505206717,0.5268763000068647,9,US,Tablet
2485,33.6566828533146,11.58907550089119,0.7437346972225867,20,India,Mobile
2486,32.35801183585491,10.896886074347162,0.39136164030888093,12,US,Desktop
2487,38.130363208144296,12.878888151349184,0.4125339456319011,15,India,Mobile
2488,19.93121342020011,6.876603261531598,0.34878745085621216,9,Japan,Desktop
2489,44.95314936800683,12.805900204447779,0.4850271134709468,22,India,Desktop
2490,5.834166246013758,10.931394000768483,0.5930735839126831,15,Germany,Mobile
2491,21.156409372360386,17.252427648344565,0.48555463464997173,21,US,Desktop
2492,47.621708590700464,12.074506578779982,0.5541740331421562,18,India,Mobile
2493,36.38310819775808,11.149978838786577,0.5645953885842175,16,UK,Desktop
2494,33.595767684440744,7.349921501237757,0.526637951176502,6,UK,Tablet
2495,31.17583482405967,15.367187131962513,0.47320410754975,8,UK,Tablet
2496,27.96747033634147,6.904278718114176,0.48983909073576204,17,US,Tablet
2497,25.37330826300796,12.606994196358363,0.5247836080530721,13,US,Tablet
2498,38.55069170650522,7.215506842436696,0.4921594835408623,9,US,Mobile
2499,32.52565611032732,9.576752696214037,0.5197524317151965,22,UK,Mobile
2500,12.70266409845118,3.7883278379686978,0.5770493180290335,19,Germany,Mobile
2501,29.38314647717994,5.748132340458767,0.5126469297549601,22,India,Tablet
2502,7.707808341560014,9.554884801668077,0.48525674355400666,12,Japan,Mobile
2503,33.18635847551419,11.014760181972548,0.5420949502863353,8,India,Desktop
2504,26.453025478084644,11.878782522175921,0.6284735658917946,2,India,Tablet
2505,32.81887358542108,12.460113926366931,0.543815810923713,1,US,Tablet
2506,23.367560927586688,8.654860628346757,0.6268707678811399,4,UK,Tablet
2507,15.375303609240587,11.034645720655202,0.576417974554779,23,UK,Desktop
2508,29.850555916103296,9.63910135358645,0.35811518064176584,10,Japan,Tablet
2509,201.20921300455737,8.230415741708574,1.1858047645593721,19,Japan,Mobile
2510,10.005605085170771,4.859295901205058,0.49873763926368586,6,UK,Desktop
2511,33.363946589995955,8.28449097145386,0.4489782435464867,15,Japan,Tablet
2512,23.77904453100542,8.560536981406084,0.40355815963109615,5,UK,Mobile
2513,35.357756938269844,10.669859581985055,0.6315722272111157,20,Japan,Tablet
2514,22.30508966572574,7.2579476839045824,0.665554148124078,6,Germany,Desktop
2515,27.261382044691214,5.897994144977249,0.4728505867562787,2,Japan,Desktop
2516,20.28393728678494,14.254283932639845,0.48283768431827423,1,UK,Desktop
2517,19.139130358362955,3.730383522651449,0.44155288857539965,4,India,Tablet
2518,33.61929973016112,7.0620876636389225,0.37417128355824125,5,US,Tablet
2519,12.087568582533773,7.892527100286943,0.5235492061027501,10,UK,Mobile
2520,25.636100393192695,11.833631398588064,0.5523136157865731,20,India,Tablet
2521,51.52774610124808,16.4314412922307,0.4130293289896327,15,Japan,Desktop
2522,30.139126197654875,8.200426660568626,0.5992731015425784,16,Germany,Mobile
2523,22.571118586378688,11.22032653533277,0.7343762922047294,12,Germany,Mobile
2524,34.09342406080695,11.906062412709787,0.6150529252951059,23,India,Tablet
2525,35.31875377313936,13.56401080651183,0.45615465296504976,8,UK,Tablet
2526,13.79814927979043,6.249845062354635,0.44306498868907895,17,US,Desktop
2527,36.20152069260851,12.366383058549278,0.5471701046046704,20,Japan,Tablet
2528,17.63368069563253,13.741672859734027,0.401151355173759,13,UK,Mobile
2529,28.200683882884896,10.242995331435344,0.46977708424269626,8,UK,Desktop
2530,150.9513742768053,6.153488061742857,1.962771351512542,14,India,Tablet
2531,26.985986444549994,-0.02997435830542372,0.6027025437201134,18,India,Desktop
2532,27.999210100105664,11.802186333715964,0.6164017901006248,20,Japan,Mobile
2533,15.146155333358056,5.197516055122544,0.3744256248920117,0,Germany,Mobile
2534,18.408383618497112,8.045169939353617,0.4096476169806427,9,India,Tablet
2535,50.66797013997249,13.267656022191025,0.4746359692503151,19,US,Tablet
2536,20.93601143448717,11.54899934067126,0.464614496970448,12,Germany,Desktop
2537,18.783837753584113,11.510398746021766,0.49135731188607046,19,India,Tablet
2538,8.333540488085077,10.136076335966768,0.5212098205563895,15,UK,Tablet
2539,23.294421504551934,7.0197107543936745,0.5167527266444879,18,UK,Mobile
2540,10.458942003061718,7.359450311217044,0.5538874754700663,10,US,Mobile
2541,36.780780646372136,10.660898670603162,0.5179983875858979,1,India,Mobile
2542,50.616368658867465,6.943690769381362,0.46784455687315973,15,India,Desktop
2543,39.894494448638,4.1851146767552025,0.3263461562535627,15,Japan,Tablet
2544,25.675991815329517,11.766713904872022,0.48986139184796107,1,US,Tablet
2545,28.36147173441081,10.185427553325992,0.47659402736955053,12,India,Mobile
2546,30.16517204175628,12.64048215762206,0.6472867154636264,7,Japan,Desktop
2547,15.35240762106281,13.673070116878629,0.5558846752124651,4,UK,Desktop
2548,24.792380610452653,7.8804473427995285,0.37278828520127194,19,Japan,Mobile
2549,42.76993631379139,15.942862757316355,0.5564874033810429,1,UK,Tablet
2550,21.716058463131738,3.8270050737164913,0.4112696966120148,21,Japan,Tablet
2551,25.415920128359282,8.717359368114002,0.5469186501188783,14,Japan,Tablet
2552,38.147247812114436,7.042324736102199,0.730277625114334,6,US,Mobile
2553,38.60887186225994,15.113413600359856,0.6034224189941595,11,UK,Desktop
2554,31.416912570684087,6.80718647185774,0.531158494361742,12,India,Tablet
2555,29.034598936312303,9.602297312409634,0.5775094589758446,17,Germany,Tablet
2556,28.969388332574457,9.641174254826355,0.5130270720748269,9,UK,Tablet
2557,32.43016216108948,7.435111453572189,0.43194515987313675,16,US,Desktop
2558,32.455785748657895,14.483369366675511,0.5803818926871908,4,US,Mobile
2559,31.786378265430585,9.133582276703844,0.5635887251109437,8,Germany,Desktop
2560,22.264455006431294,6.927342321474391,0.5449909871975216,18,Germany,Mobile
2561,28.431458359752163,6.514388201257061,0.43695243574096243,5,Germany,Mobile
2562,25.384898715502842,10.575557704056369,0.5583858182569591,13,US,Mobile
2563,36.115987252020254,10.67996591353988,0.4036621163172457,14,Germany,Mobile
2564,21.70112800135672,16.659001026831568,0.28418877409878207,19,US,Desktop
2565,22.11422236212644,8.300005099996214,0.6680736399233083,13,US,Desktop
2566,25.65535674326891,9.95741545075075,0.2997207966375929,2,Japan,Tablet
2567,42.42224936943296,5.366244317763229,0.7102620532786297,23,Japan,Desktop
2568,31.79651233793914,10.622989612944245,0.5487485376557538,19,US,Mobile
2569,20.674881774451507,5.678496323759524,0.4889688594890381,9,India,Desktop
2570,13.576370942147772,8.007225010644982,0.5599181757113539,2,US,Mobile
2571,5.110802692662347,7.479834549878964,0.6982643992596514,6,India,Tablet
2572,18.838006469372637,11.352926015893889,0.7938974581033953,10,UK,Desktop
2573,32.13614344349876,13.044035973294742,0.41303727105384697,12,Germany,Desktop
2574,25.26430540804811,12.057786140400317,0.5993282595623673,23,India,Tablet
2575,27.553998647336513,8.4428739713364,0.35859491636967566,9,India,Desktop
2576,30.070293751161824,8.75740520520722,0.549708104417114,16,US,Mobile
2577,31.834658773482587,6.88774304607363,0.4553575365310823,4,UK,Tablet
2578,29.060968369542206,11.30702055401765,0.5290940596287597,10,Japan,Desktop
2579,7.282252178390678,12.516321637470831,0.6990357697874044,23,UK,Tablet
2580,33.63689253812237,9.400834480111335,0.4885768994267639,5,India,Tablet
2581,39.784786007196075,9.719706413918376,0.42398952296608494,15,India,Tablet
2582,40.43404889713594,9.277080976081747,0.5760031878497738,1,Germany,Mobile
2583,31.942136758301807,13.051400863108357,0.7222504726991011,16,UK,Desktop
2584,26.466103766159073,10.94793724495874,0.447749410640562,19,India,Mobile
2585,33.53730268947973,10.419213575587262,0.6662257917214334,19,Germany,Desktop
2586,25.483246837504133,5.842897160244984,0.6726967459071189,3,Japan,Tablet
2587,25.396823966818353,11.966245919289603,0.49841952188693367,3,US,Mobile
2588,39.91164322788483,6.9915243193570955,0.46332825874057354,20,Germany,Mobile
2589,31.502740633480943,11.375024546854108,0.5483254889214451,8,US,Mobile
2590,25.61902272835037,16.88721894260855,0.5898323198600991,4,US,Tablet
2591,34.48421216137636,4.084049948099837,0.4204148709257825,10,Germany,Mobile
2592,17.306364930001948,13.981867612225084,0.5624828063081662,23,UK,Desktop
2593,26.25761055028397,12.772999362885875,0.5113622192412921,15,UK,Desktop
2594,42.58492808703629,10.170771115819017,0.5367498586188014,21,India,Mobile
2595,25.38448173527272,15.356848934439252,0.3705188405069466,8,Japan,Desktop
2596,31.564901044952435,10.11305713275639,0.5338395304164192,21,Japan,Tablet
2597,21.71118368249749,13.986077742546009,0.31527964874661824,12,Germany,Desktop
2598,30.71296839846555,8.755841504559804,0.5480028883981144,13,Japan,Mobile
2599,30.5189712151664,8.531479182014404,0.4660501639113941,1,Japan,Tablet
2600,37.0815720257587,8.54268684648378,0.4266895840410697,3,UK,Desktop
2601,30.904057342453942,7.533426715912135,0.419399916752245,15,Japan,Desktop
2602,31.086758670594815,12.374025541716634,0.41743543943080264,22,Germany,Desktop
2603,52.56160210206305,17.565561072313418,0.4154247834652419,4,Japan,Tablet
2604,34.182880668076834,12.1806267044539,0.53070958224091,16,US,Desktop
2605,19.77681995537585,8.129173181394854,0.60005418951937,23,US,Mobile
2606,23.915501083110442,12.761603377692916,0.4205157038740879,1,US,Tablet
2607,17.41555763207619,10.363535652227576,0.5415569983066246,17,US,Mobile
2608,21.121027784111874,14.758453050407368,0.5567386928363548,10,UK,Mobile
2609,21.033632489861404,13.142908000042215,0.5303371548865287,19,Germany,Tablet
2610,30.149377436304867,4.7397667932356855,0.5012665388449213,8,India,Tablet
2611,54.93199908252514,15.738017839539006,0.5410388404141109,5,Japan,Desktop
2612,16.621673890482853,14.116778739816068,0.6488639913600662,17,US,Desktop
2613,27.31970678898274,14.350977489728514,0.49158721325567645,8,India,Desktop
2614,28.07585814021391,10.090688640108905,0.413007266911368,22,Germany,Mobile
2615,28.8670051440863,13.118095202199811,0.6537212443967494,20,Germany,Tablet
2616,27.351386004864583,9.856873323358531,0.5148549123514041,10,US,Tablet
2617,30.99320747344867,11.34444073773857,0.39813891231658355,2,UK,Tablet
2618,20.762833902906095,7.7504747446259366,0.6289180302466881,10,US,Mobile
2619,52.00305557011666,7.830305546077142,0.5239674155750588,20,US,Mobile
2620,40.48434311203303,10.937881931075124,0.5462729544119891,7,US,Tablet
2621,20.570804656336275,11.064210836331322,0.3314630670053117,22,US,Tablet
2622,31.21702856907747,13.335726556913098,0.6664455135194374,9,UK,Desktop
2623,15.28913204833919,6.485751769977707,0.327070595007523,4,India,Mobile
2624,42.31025587226296,7.565502684120199,0.36814804978992444,10,UK,Desktop
2625,27.44019823942414,8.446837557148777,0.35654738876273606,2,US,Desktop
2626,27.613351381203415,2.5919248948952536,0.5339797836029032,18,US,Tablet
2627,38.225199120810494,13.058539474888118,0.4986695820259097,8,UK,Tablet
2628,28.06210714663917,11.747582980762962,0.45324448939452117,10,Japan,Tablet
2629,31.46631831809668,7.708787264849496,0.6103535818110217,23,India,Mobile
2630,20.706620455292303,8.912133588159264,0.447874116688071,8,UK,Tablet
2631,26.706674501075472,14.722947861495983,0.6184213582614904,7,Germany,Desktop
2632,54.22453570712941,10.60298621726897,0.6826141480409239,16,UK,Tablet
2633,30.262899580998116,8.691113889666019,0.5465006430018128,7,India,Mobile
2634,40.551520743785616,7.306464750758241,0.7188032957299233,11,Japan,Mobile
2635,36.662527443069585,7.775877870394876,0.45369925508555575,10,US,Mobile
2636,25.09565428037346,8.975045855131595,0.666371950676366,1,UK,Tablet
2637,20.942079382532405,9.238460138580201,0.5504766435495159,14,US,Mobile
2638,14.278013743648987,7.7896156930934985,0.4911546418449577,20,Japan,Tablet
2639,38.73806498299655,10.584138068089581,0.4454462822075864,11,UK,Desktop
2640,26.220604896086456,16.85506654494123,0.46942119218126965,11,Germany,Desktop
2641,32.86925900480768,21.600777254050023,0.4858009457409482,16,Germany,Tablet
2642,37.559659336917655,9.18555478712622,0.6714072319171118,21,US,Mobile
2643,40.50551496548792,11.396696288352544,0.34443549566335985,14,Japan,Mobile
2644,30.154949412877798,8.600843942137988,0.6871697944132564,13,India,Mobile
2645,34.59235852800846,4.8868743688358816,0.5142845706882696,5,US,Tablet
2646,38.08014748592096,7.223317646850185,0.5349700505835319,16,Germany,Desktop
2647,28.27070925927292,9.316062602027591,0.6509216537283586,21,UK,Mobile
2648,44.02337765119984,13.509158330046017,0.38030633828089666,0,Germany,Mobile
2649,33.9487787806968,12.69846743748179,0.6552827983991358,17,UK,Mobile
2650,28.5106021755609,10.061647576541803,0.5114393486943902,22,India,Mobile
2651,23.975279771864475,6.974237764342727,0.23040320312539114,12,Germany,Mobile
2652,12.711413244994525,10.953665181644894,0.4369391638715029,8,US,Mobile
2653,30.546321935455623,7.808151074434445,0.6205554734195698,1,Japan,Desktop
2654,21.139161353413535,10.110027677710177,0.47657469588859064,9,US,Desktop
2655,27.303233129390037,7.03723990170862,0.6863216088937771,23,Japan,Mobile
2656,24.782458591974027,13.184215322855355,0.6237645723507055,22,India,Tablet
2657,22.85133857192213,5.062115658190118,0.4877939362451194,0,UK,Desktop
2658,22.846402182144146,9.654612646223848,0.2004706371979677,17,Germany,Desktop
2659,35.85372910582244,4.022621609255031,0.5600295180197757,3,UK,Tablet
2660,27.93395162020171,16.68784601687556,0.46515929283580887,18,Germany,Tablet
2661,31.427608322684474,8.496857684469077,0.7259551969068592,16,US,Mobile
2662,45.2144303908409,6.152402607219912,0.5234794119820457,0,India,Tablet
2663,28.18283695267407,7.547749875797707,0.5074324594217359,14,India,Mobile
2664,25.116512103670026,11.270924348545961,0.6136695902717981,6,Germany,Tablet
2665,48.9486390897772,13.208061000465946,0.4671465155603976,17,US,Mobile
2666,34.37570657331156,4.7139359242676235,0.6604460611811188,7,Germany,Desktop
2667,32.980920511904706,15.161952396607498,0.5904520684493881,15,Germany,Mobile
2668,18.862063588951422,9.235462412361308,0.48707750895652935,21,UK,Tablet
2669,33.029958979143515,14.535520888026083,0.5450246740889907,21,UK,Desktop
2670,30.714213590133582,8.523716607271233,0.49817135362621506,8,US,Desktop
2671,17.133955211677666,12.844354814253702,0.6519771590065222,22,Japan,Mobile
2672,35.95981130287401,14.76711286501928,0.37417644994700416,6,Germany,Tablet
2673,38.32226100703729,8.705056465453644,0.5805376784758226,6,UK,Desktop
2674,29.97224709838519,9.555015469111403,0.501264558421052,18,Japan,Desktop
2675,34.77804945205848,11.814561741477315,0.4817705951524454,7,US,Mobile
2676,33.68524679758216,9.853448829727625,0.5818125727799989,11,India,Desktop
2677,26.001901088176858,8.312884926602592,0.58326225055947,9,Japan,Tablet
2678,42.713875318652626,10.224118817632675,0.6357880054422573,13,UK,Desktop
2679,31.546377677982537,12.58961516046519,0.6505405888874476,19,UK,Mobile
2680,32.80445354797405,8.205905502975043,0.44577420834349735,0,UK,Mobile
2681,39.73427173213069,7.963517373302035,0.4419503995100979,22,US,Tablet
2682,32.94511636029603,10.629672298732503,0.4740343936324349,21,US,Mobile
2683,11.86670936093429,6.5292299381918,0.47665004268655353,17,Japan,Tablet
2684,23.043688237343467,8.201635465822342,0.43007250492662735,23,Germany,Tablet
2685,17.06094036082361,6.905651056453795,0.40280847706756306,15,US,Desktop
2686,10.087125586987309,10.240139664699175,0.44880171254111567,1,UK,Tablet
2687,40.73371782642873,7.018466611795543,0.3962233263959827,12,US,Mobile
2688,52.31376474897488,8.170840871180179,0.41551703977832055,6,Japan,Tablet
2689,41.194110996000866,13.773794961997174,0.4454236900536841,10,Japan,Tablet
2690,17.445601464947593,13.588858145720334,0.41587871153057343,7,India,Mobile
2691,29.364464898046958,12.848545086243115,0.598683929369461,21,Germany,Tablet
2692,17.72291820808952,5.41062404876142,0.3409258493219718,19,UK,Mobile
2693,44.201781891014896,4.282355951267264,0.239360719146827,16,US,Tablet
2694,24.22580200048575,2.270700689443281,0.46886438233927047,5,Japan,Tablet
2695,80.2350800171243,12.36828955238494,2.2544459056311177,13,Germany,Tablet
2696,41.35055158517774,10.665455667266405,0.30670003420259473,16,Japan,Tablet
2697,40.22586779306302,10.652553535941973,0.40280636914207457,7,US,Mobile
2698,23.915518194576798,9.229600274490423,0.4284321842808042,2,Germany,Desktop
2699,37.61283902621827,16.09554892784291,0.5617718513332023,21,Japan,Desktop
2700,34.68533251241707,8.336304759907044,0.4127454685023158,22,US,Desktop
2701,39.94632151446293,4.86665417995271,0.5302912492050564,23,Japan,Desktop
2702,19.365361133370044,13.317099531188054,0.6349858726802607,23,Germany,Desktop
2703,28.22575068263409,6.224818124326123,0.48481527208782677,20,US,Mobile
2704,29.986813592375437,15.555322756487438,0.5375112315805017,12,US,Mobile
2705,24.066906667682044,9.622858958482992,0.4378240314583599,9,India,Mobile
2706,25.660281044369246,13.438744884531635,0.4881626859459599,19,US,Desktop
2707,25.74930511201785,7.648040967200046,0.39012787770148305,20,India,Tablet
2708,37.842867686790036,5.8373928707032166,0.5445435464273809,22,Japan,Mobile
2709,16.087664352875866,8.95296944958919,0.6017761500233992,2,Germany,Mobile
2710,18.34278805809531,11.042792878533632,0.41441406746921183,3,UK,Mobile
2711,22.863876031906116,11.290260577814482,0.5266844504042287,18,US,Desktop
2712,40.68294704662909,10.660411095287042,0.45985677878411363,13,Japan,Mobile
2713,43.08829942077786,14.49088445432297,0.5875598889610456,12,UK,Mobile
2714,42.89452423471482,14.159712194498187,0.45424113427914087,18,US,Mobile
2715,32.81984204584486,13.76250541281825,0.5480491211886015,16,US,Mobile
2716,48.85005793028996,8.815763877971305,0.4799479396534237,4,Germany,Mobile
2717,35.09364191236436,10.37439621843756,0.46549437992000275,18,India,Mobile
2718,32.35894038179435,15.041900899952157,0.6188177325707881,19,India,Desktop
2719,10.330020367230897,8.217115735548541,0.36193834438526873,19,Germany,Desktop
2720,11.714688733176459,3.367537525017714,0.45345968948769905,11,US,Desktop
2721,27.19193428457423,8.283331620812184,0.4537473294554334,18,Germany,Tablet
2722,35.311161186687976,8.17122064805264,0.47790125577358344,13,India,Desktop
2723,40.48842949625828,19.850668907219013,0.47512893548374324,2,India,Desktop
2724,25.576376403880758,7.005160907580205,0.3901178900009044,0,Germany,Mobile
2725,20.26247949598808,12.972596937035583,0.5443700575570012,21,UK,Desktop
2726,13.014772864093697,12.136268787423095,0.464132173811448,19,UK,Tablet
2727,18.240375314784472,5.444822941754471,0.5375388412782938,2,Japan,Desktop
2728,35.77289922319381,12.877409429249532,0.5644365821592454,0,Japan,Mobile
2729,16.896432455627448,12.424774174855092,0.45844470167334084,12,Japan,Mobile
2730,29.052553640382406,9.383348310524795,0.5273575307234675,9,UK,Mobile
2731,28.269178743976017,11.36288700776638,0.5535080629823618,20,US,Tablet
2732,43.538876646458746,11.189361291331323,0.5310024080166947,16,UK,Mobile
2733,6.104675335636017,10.18219696369365,0.37015168030280265,20,UK,Tablet
2734,16.440620628198015,14.04996431061625,0.5883487078178105,1,India,Tablet
2735,16.039611404385084,9.454542232099856,0.4702347607340721,8,US,Tablet
2736,38.00618598086916,9.817272895451369,0.7426503458320174,1,UK,Desktop
2737,29.701766341371457,10.60356462133085,0.5397758546310721,19,UK,Desktop
2738,36.80659895279411,13.627737783760542,0.44630096114840145,4,US,Desktop
2739,28.98571658314834,10.385533131124587,0.3734281820161711,16,Japan,Mobile
2740,33.44987909961457,5.841329323396395,0.3872973158897409,0,India,Desktop
2741,33.50157853263997,11.508486276721223,0.5661830297899643,8,UK,Desktop
2742,51.74768549528673,8.681097336942809,0.3753199062576662,22,India,Tablet
2743,29.394715523785358,4.330478937902122,0.437712778806718,1,Japan,Tablet
2744,30.33786764629191,10.58244419431687,0.5079790258226202,11,UK,Tablet
2745,17.116079218712315,7.792946898089833,0.6003771721147098,14,India,Mobile
2746,27.219670581279786,9.011650668172715,0.690490216631293,14,Japan,Tablet
2747,43.68542136202599,7.245025183607373,0.48324159845577597,18,Japan,Mobile
2748,27.48906449701334,12.500377345238844,0.5783652060458508,6,India,Mobile
2749,34.39084564289872,10.805965258174766,0.4636627869316214,2,Japan,Mobile
2750,44.265717190866596,10.856303373258138,0.5042027867651873,6,US,Desktop
2751,25.02871721195794,7.656578310733577,0.3607779593384177,8,US,Tablet
2752,43.58166015521441,10.965575179377693,0.36622374481894515,17,Japan,Mobile
2753,26.77861764161814,11.903041489640371,0.5596507238461441,9,Germany,Desktop
2754,28.164734224787967,16.464624714557555,0.39687731806075777,4,Germany,Tablet
2755,29.64854429234361,12.563205415936174,0.31393318111532237,17,Germany,Mobile
2756,28.693380032513723,8.1686712384783,0.5681969195942453,12,Japan,Desktop
2757,26.695865268453755,11.653158471197548,0.3974132465383993,4,India,Desktop
2758,41.149608080832024,11.344498894264902,0.4260915904321329,16,Japan,Desktop
2759,25.291265219513505,10.007807654420924,0.48602337421688874,12,Japan,Tablet
2760,35.845277852289705,5.511783255233274,0.4766405728685274,22,Japan,Tablet
2761,23.49021362139032,10.837892863401626,0.5669753417972353,3,US,Desktop
2762,37.83582537488969,8.573550151438543,0.2791643603711216,13,UK,Desktop
2763,14.605055591943284,14.014965066307916,0.5243738412353574,21,US,Tablet
2764,29.80447563607733,9.447825041744418,0.6339578862432882,21,Germany,Desktop
2765,32.43335233667133,16.317097600768466,0.29452734116718193,14,UK,Desktop
2766,24.869160507762558,14.369175000320917,0.4263631062438006,5,Germany,Desktop
2767,20.85980818300289,11.253255683804614,0.39635767246492615,23,India,Tablet
2768,34.882219971040875,8.208553624394384,0.3826964657832762,13,Japan,Tablet
2769,32.08172204618549,10.74195606786871,0.5682273729530536,21,India,Desktop
2770,28.805182599247093,9.587826883627406,0.6390970067565314,4,Japan,Desktop
2771,15.718988189835517,16.893472761084833,0.6168777583726883,16,Germany,Tablet
2772,36.62212766848176,8.386888160697001,0.47967762964506716,15,US,Tablet
2773,34.67682819892792,13.14568765462402,0.3851174996160372,0,India,Tablet
2774,21.668754020618813,13.329939248533353,0.4370757306947269,13,Japan,Desktop
2775,19.601983500383092,11.961708315620875,0.4344260476016397,12,India,Desktop
2776,11.09728214383765,8.156278699502282,0.4427869304956864,18,Germany,Mobile
2777,35.381280530147194,9.204221468439668,0.33882956323632707,0,Japan,Tablet
2778,19.22466924604319,10.335948897214243,0.5088866111048806,7,Japan,Tablet
2779,142.46844229449133,6.914697149976762,0.9952731223305537,0,US,Tablet
2780,51.002713695422486,12.812283144361214,0.5742087089489589,2,UK,Mobile
2781,27.132050872523333,13.556475273908232,0.3995371640050711,12,Germany,Mobile
2782,38.1216958779772,5.206111742228487,0.5150547625024562,17,India,Mobile
2783,18.93840994764838,8.399760777105236,0.6223390818439135,18,Germany,Tablet
2784,15.830903813022537,15.319371554982773,0.5452186766324888,1,US,Desktop
2785,30.97232785156866,8.921931753238102,0.5115086295502962,22,Germany,Mobile
2786,41.44670905648356,13.22213225420607,0.3413288357624789,18,Germany,Mobile
2787,20.02477360048269,11.217560615473706,0.5278155524925241,9,India,Mobile
2788,32.02891974636963,12.275386680187971,0.6405652176112697,17,US,Mobile
2789,19.995500424432663,7.114521794135045,0.6175738044543735,8,Germany,Mobile
2790,18.431139810988704,10.503018442541453,0.49158654424536535,12,US,Desktop
2791,37.11019972661968,11.802037845055324,0.6343889194707065,20,India,Tablet
2792,22.20147688341218,12.486440766631965,0.40894227297898555,8,Germany,Desktop
2793,38.877715153043525,11.103163295545565,0.5523383173494655,21,US,Desktop
2794,31.835777654473834,7.547639562836448,0.5625875465835738,9,Germany,Desktop
2795,22.22326033812662,13.155404925795523,0.5634078185308395,7,India,Tablet
2796,40.34969147041441,13.480704999617222,0.5811742402272446,14,Japan,Desktop
2797,23.876361197826604,4.318618740409546,0.6400158967319781,9,Japan,Mobile
2798,28.07798423877158,13.02987912177797,0.3688123918526859,3,UK,Tablet
2799,21.739582184055678,14.326325798011787,0.553930823069521,11,US,Mobile
2800,26.11813218925382,13.510787032944581,0.4730971747476313,6,Germany,Desktop
2801,18.587494903641236,9.516026501401265,0.4076596767639671,22,US,Mobile
2802,24.494463613290105,8.591409685713202,0.5646792526220107,12,India,Tablet
2803,32.87136879526709,13.312361143498588,0.4259758565499524,2,Germany,Desktop
2804,33.985528119471255,8.001190668467197,0.4864857908040141,14,UK,Tablet
2805,30.114165038588794,9.405816731202545,0.42277473409983374,8,India,Tablet
2806,18.619917731094517,8.91465581166545,0.40491094372019987,18,Germany,Mobile
2807,32.64622403853948,14.63318817788782,0.6019075351767198,7,Japan,Tablet
2808,47.03632833781408,11.859717819669285,0.2709686680576674,9,UK,Mobile
2809,33.89426624844161,13.594995237487561,0.5221490719534886,15,India,Tablet
2810,43.16027370266633,12.806199702418164,0.5622197989638728,16,US,Desktop
2811,30.138025380766692,11.703070934005835,0.427598304016191,6,India,Mobile
2812,30.562230446087206,6.7229542566805485,0.5398752088699927,5,Germany,Desktop
2813,24.37075650193526,6.479153620011113,0.5094614879539001,11,India,Desktop
2814,34.337108119044984,5.5139214283829565,0.553526905003727,12,India,Mobile
2815,35.46394908113382,7.345758907690199,0.5635453349770284,14,Germany,Desktop
2816,33.85610159290027,5.3357682467902245,0.6069950831753037,6,Germany,Mobile
2817,28.550458343766635,14.856816813838238,0.5152785649152002,12,Japan,Desktop
2818,39.30139824364921,4.615847101233832,0.5110434491698593,12,Japan,Tablet
2819,16.34808874212851,12.991509179264863,0.5120847249685996,0,Japan,Desktop
2820,29.474863991294352,8.220908814377518,0.3945351212492355,9,India,Tablet
2821,29.028854209069504,6.1137209215730275,0.6811900612582528,9,US,Tablet
2822,24.651296194062517,10.749736853201858,0.47520413468960027,20,India,Tablet
2823,37.06312212200722,9.896403718554934,0.4792693650168021,10,UK,Desktop
2824,23.546028946535912,2.77870572768051,0.6894382450285416,2,India,Mobile
2825,47.04029496508841,5.718121433810888,0.5833032357908565,0,US,Desktop
2826,32.355178285689796,11.993940197634464,0.5141567585924754,22,UK,Mobile
2827,15.814889066817683,8.396264648974784,0.5095348892621463,13,Japan,Mobile
2828,20.12348503871322,1.353730911416486,0.5793127412546193,9,UK,Tablet
2829,41.86173621595395,9.946480233431434,0.4477302370441191,19,India,Tablet
2830,99.10921331357518,12.785306441787391,2.076624262922911,6,Germany,Desktop
2831,29.847295816522692,10.230329761758329,0.5708453097389727,21,India,Mobile
2832,30.50397864344174,8.937586626229326,0.4594397940381007,22,Germany,Tablet
2833,37.265565403776975,7.960516979103835,0.5235785297815023,1,Japan,Desktop
2834,45.04660198423894,14.073317849254437,0.46107161366790994,19,US,Desktop
2835,33.157967319707275,5.871013157628942,0.6482308771629609,9,Japan,Tablet
2836,25.38053824783992,7.3070073309998085,0.5702683639937439,17,Germany,Mobile
2837,44.72441211104148,13.065234430647457,0.5354150698104669,0,India,Tablet
2838,38.41142623089525,13.954408044951025,0.37065865171874524,11,Germany,Desktop
2839,26.925933457420193,15.861571615414801,0.40664017699836735,17,US,Desktop
2840,31.164632219455477,9.877108971978613,0.33064166447797466,14,India,Tablet
2841,49.13405737682706,10.038083926176743,0.4918759370585625,2,UK,Mobile
2842,49.58572354684169,12.817277018973314,0.4864757801973727,15,India,Mobile
2843,4.406561891277786,5.209870948762671,0.3917978188633828,16,Japan,Tablet
2844,32.1675939419799,12.439468586209518,0.6041087413450861,16,UK,Tablet
2845,19.22852810266214,10.229784930723506,0.6355215509893362,17,India,Desktop
2846,25.478138014595622,8.966682134191334,0.5300491924390688,8,India,Desktop
2847,39.651476135178484,3.909771744324753,0.4251237058437768,10,Germany,Mobile
2848,38.91763295978762,13.586374568398842,0.3865608655202184,5,UK,Mobile
2849,35.84433265535924,9.623604809276257,0.5089737785442463,13,UK,Desktop
2850,-0.6829969894882097,10.899983109084273,0.6178662587289749,4,India,Mobile
2851,14.895673370972855,12.141822789975974,0.7552967400206729,21,US,Mobile
2852,53.730458781482014,8.763813328262469,0.4895429061497665,5,Germany,Tablet
2853,35.62986452867559,3.354292079380498,0.5023981391156093,3,UK,Desktop
2854,43.567589783821575,11.486601916674834,0.5832733665780685,4,Japan,Tablet
2855,28.84343838103642,6.608062308151285,0.4887831534393649,10,India,Desktop
2856,30.752524302832278,12.755436331201022,0.4983295022627468,15,Japan,Desktop
2857,31.51447751249506,8.439318949323235,0.6385749876063187,15,Japan,Mobile
2858,27.049578667405683,7.6453609901051784,0.5017152068742227,6,US,Mobile
2859,43.9431479552743,4.956998466473436,0.6014505260021233,23,US,Desktop
2860,28.37203557203772,12.942697935785976,0.5433089992758746,13,India,Mobile
2861,41.345877061097475,5.4908503841157845,0.5590443736904929,3,Germany,Desktop
2862,32.22278318370677,12.47963287579789,0.5428079082084739,23,UK,Tablet
2863,31.515499284269836,16.141747868243723,0.6604831614888926,20,US,Desktop
2864,28.524278888429553,10.802687373736028,0.3426963490564142,15,Germany,Mobile
2865,36.092196923608064,10.475163538272271,0.44015446744055475,22,US,Tablet
2866,32.84056150780654,12.310999191528396,0.6569754776917606,7,Japan,Mobile
2867,32.725282852393896,8.08677138741174,0.5259381894220304,21,UK,Desktop
2868,105.10644138506964,12.106197746794415,2.0481639677206,9,Japan,Tablet
2869,28.926298664053572,11.34340806283603,0.5065938357382739,2,US,Mobile
2870,35.722226344724085,9.418333131805522,0.663293411670052,9,US,Desktop
2871,34.29683204518402,17.393004442155082,0.4541480210620953,7,US,Desktop
2872,31.87731808957506,11.8503285881057,0.40362987130238837,9,Germany,Mobile
2873,33.86562592642904,10.181186271583577,0.5441659366237022,17,Japan,Tablet
2874,41.1309366015255,11.19038321873648,0.6639628836081687,17,India,Tablet
2875,28.2307189427606,11.168610850602455,0.46021978908207994,9,UK,Desktop
2876,16.226599301905843,13.951877110208478,0.4787140334733504,23,US,Tablet
2877,16.227377394690958,9.14605041809504,0.5298850031254932,3,Germany,Desktop
2878,16.676800807367634,7.779107107289791,0.44919602848081014,11,Germany,Desktop
2879,15.728519763481682,10.080948841087537,0.5207732926485235,17,India,Mobile
2880,45.69567441309951,14.776394687390802,0.45322803508648324,15,US,Tablet
2881,28.509664066565705,11.754802931251646,0.4466276217349515,13,US,Desktop
2882,29.24744967691784,11.881188353489172,0.3213628288633853,21,India,Mobile
2883,54.48191677605335,11.370998237626084,0.47642073234889687,9,Germany,Tablet
2884,22.633978632793017,11.679094695572974,0.6586567943339319,20,Germany,Mobile
2885,32.48820613138179,6.629947880503544,0.4296130797496754,16,US,Desktop
2886,32.083840713635595,10.207849491144845,0.46283828504436875,23,US,Mobile
2887,45.09280140024916,10.961278989650072,0.3590033291319087,16,India,Tablet
2888,16.93569544522773,11.691692070264633,0.36647754573749036,16,US,Tablet
2889,30.357106973372975,13.033066047655154,0.43036372790425625,17,Japan,Mobile
2890,17.87433510414984,13.413914272798467,0.55713112509795,5,Germany,Tablet
2891,4.4876939304531405,5.399490639254101,0.5233975385469066,6,Japan,Desktop
2892,12.107456441515197,13.892373173275441,0.4408528036834381,2,US,Desktop
2893,21.37006980193253,5.915335560161589,0.4771712046195044,23,Germany,Mobile
2894,30.190203577592534,12.425565023869503,0.48865675527554636,22,US,Mobile
2895,32.749781256491154,5.618669691659156,0.49727498081826776,4,Japan,Mobile
2896,34.81021849092649,10.367284036985073,0.42480900084751594,6,India,Mobile
2897,34.69134480286783,9.680144954174375,0.35998811329763325,4,Japan,Desktop
2898,30.87356781206022,9.895506640610606,0.5130406115852523,7,India,Tablet
2899,27.631737198954955,7.869306038026123,0.6058270857681078,11,Japan,Desktop
2900,31.474435088270234,10.29698027292455,0.5505856643512526,20,US,Mobile
2901,24.30982022370987,9.013928704126354,0.5153522489122992,22,Japan,Desktop
2902,45.87486264190835,11.288447360540339,0.4325026007695818,3,Germany,Tablet
2903,30.602924863903453,11.865438770978338,0.4199636713917598,5,India,Desktop
2904,29.99212720879337,14.212862317121765,0.626982640674407,14,US,Mobile
2905,34.67391644896249,8.233323761595626,0.5201608959044796,7,Japan,Mobile
2906,26.407335128203727,12.003090394145984,0.5774609196990027,2,UK,Tablet
2907,21.836818408168618,6.587367514652033,0.5181646365348304,17,US,Mobile
2908,46.92780048957137,11.518038143261926,0.48813448323632547,12,UK,Tablet
2909,208.647592385495,3.58448777179761,1.228296619185622,8,Japan,Tablet
2910,31.70376828443431,11.823312289501974,0.37614700683426244,13,Japan,Tablet
2911,25.947504289629254,15.018066096200508,0.6018462067118933,9,Japan,Desktop
2912,27.70085031792202,11.437265086153424,0.5607808859861578,0,UK,Mobile
2913,33.64111059785622,10.573627721261321,0.5935456230667197,22,UK,Tablet
2914,23.66178540423704,15.446198439507375,0.38901296891927595,5,India,Mobile
2915,35.15542719299244,8.55310061253158,0.4810859659110998,4,UK,Mobile
2916,52.85146684933025,13.871442603258844,0.39257460834526087,15,UK,Mobile
2917,29.011033863841394,11.093392097194272,0.6235305019454043,11,US,Mobile
2918,48.96486779162298,12.422733020638077,0.2733268064872069,6,US,Tablet
2919,26.005770575117417,9.336263100650795,0.4817233459415032,4,US,Mobile
2920,19.837462122901037,14.639909665303762,0.43327260070664586,17,US,Mobile
2921,291.17832488872614,11.923921060319744,1.7248446490930607,13,US,Mobile
2922,49.743068808123894,8.624687429299868,0.539633093775595,3,India,Mobile
2923,16.555693438537297,12.328546068802403,0.534729770903224,8,India,Mobile
2924,49.27306456254993,11.396877351571625,0.4692002145155301,11,UK,Mobile
2925,29.948467032382535,4.112532483376882,0.49756808809516073,8,Germany,Mobile
2926,50.92329194787466,14.744016378900849,0.36485678588741643,11,India,Desktop
2927,7.233728396796156,4.355508128300308,0.6475696880122368,1,UK,Desktop
2928,28.09117070339768,12.153141810794237,0.5482394123438861,6,Japan,Tablet
2929,29.83010862433635,8.23349646459712,0.4352200743760744,7,US,Desktop
2930,17.13058397369698,9.415900952853331,0.6716324258933059,8,Japan,Mobile
2931,27.7657834905419,7.053807896960546,0.42873410285652547,20,India,Mobile
2932,22.178160152914344,5.255421435356716,0.5798394890261452,3,Japan,Mobile
2933,27.999236412308754,8.035633211846301,0.5668738709588429,19,India,Desktop
2934,38.19411604716566,9.111731043683477,0.47096785013316517,2,Germany,Mobile
2935,28.584944965537325,11.015555932419224,0.6542675095656657,23,UK,Desktop
2936,21.8018973079459,13.6248015837249,0.5144711991025175,9,Germany,Tablet
2937,37.04734306180207,14.340088868505717,0.47809117047330035,20,India,Desktop
2938,42.45466979303694,9.909681946048623,0.4641604344609594,21,UK,Desktop
2939,28.84873538175454,9.498100024746275,0.3613644550601953,9,Japan,Mobile
2940,45.209937992099576,14.177380444460486,0.5246669538840542,8,US,Tablet
2941,29.252783511740844,7.924530294657453,0.478002889269733,19,UK,Tablet
2942,12.337893588423302,10.459917047060165,0.40574379704918695,0,India,Tablet
2943,43.584311538223766,8.697662192613372,0.6376975944640961,13,Japan,Mobile
2944,30.757453734787745,11.592087241853129,0.5601950099346189,8,Japan,Desktop
2945,33.06723528039376,12.48906178781085,0.3544790656477065,2,Germany,Mobile
2946,27.405025415457207,11.392211494265519,0.5976485192555411,12,UK,Mobile
2947,48.73543249889879,11.27680909109434,0.6405911985953399,0,Japan,Desktop
2948,31.547475721950143,7.190481781035133,0.541733282445712,8,Japan,Desktop
2949,28.207118677348475,11.903983107657892,0.5446721041933933,23,Germany,Mobile
2950,27.268720502239628,3.3528312402297145,0.4346919987331672,21,US,Desktop
2951,20.06357740991739,8.007856949402997,0.4135208349155705,9,India,Mobile
2952,18.849701879333153,6.090403605150561,0.527355828940981,8,US,Desktop
2953,15.62638836711896,11.091759363037605,0.34365711286079803,6,UK,Desktop
2954,32.765441716800154,9.398736624534283,0.5025206950347957,12,India,Tablet
2955,21.29273622041486,3.0740832575965404,0.48802249969099154,4,India,Tablet
2956,26.143918510398166,8.697394783920066,0.36874136754174325,4,India,Mobile
2957,35.75489959320622,12.073623312699329,0.4157425479428677,12,UK,Tablet
2958,34.949340803748704,8.894408585651245,0.5892587824151848,13,India,Tablet
2959,13.131664438329452,5.911888488729417,0.4793810307099254,11,Japan,Mobile
2960,36.19948319605129,8.161405116243273,0.5011340042450131,2,UK,Tablet
2961,55.54285400907207,6.484384763445103,0.5924458550976938,22,Japan,Tablet
2962,31.589622984713472,11.354089230293251,0.42859408085068107,3,US,Tablet
2963,28.990981897919,9.363378385750753,0.5462560656161383,21,UK,Mobile
2964,30.714764862496693,13.094881106866474,0.44201799660947017,15,India,Tablet
2965,26.589329928309958,11.220774871756507,0.5445275856354669,12,UK,Desktop
2966,25.27500566192315,10.21055785307958,0.4266168855922329,9,UK,Mobile
2967,45.32751993861222,6.1140059688927755,0.5684653919484405,14,India,Desktop
2968,26.32873660838118,9.93584535934758,0.5314379771887578,4,US,Tablet
2969,21.132103394678698,9.384196445644031,0.42219209258398027,11,UK,Mobile
2970,32.57776658198501,9.129906483820694,0.518536751070881,17,India,Mobile
2971,39.42768836771846,5.158079417114031,0.3407940765829884,10,Japan,Mobile
2972,32.79079910555622,7.201505969148144,0.4136938256527354,3,UK,Tablet
2973,20.896297664313323,14.82370742212282,0.6465569468991487,20,US,Desktop
2974,7.0806535507439925,10.284122377469242,0.5223200543453578,18,Japan,Desktop
2975,33.43354390016374,15.423816171434305,0.5180300087820469,18,India,Tablet
2976,24.236987209057048,11.12148579978319,0.5982222014107741,14,UK,Mobile
2977,22.72120040967215,9.742523450704981,0.41748836408515855,1,UK,Mobile
2978,12.023575384632888,13.531067346321901,0.5032400222813997,23,US,Desktop
2979,36.50549437732815,10.671467669001647,0.5369816848664996,23,India,Desktop
2980,9.163149277369826,10.304620139925811,0.4164084147081398,10,US,Desktop
2981,28.344195640501145,15.246651356732889,0.5662812017153661,5,India,Tablet
2982,35.19227681788226,9.221188140932165,0.5378721941869166,15,Germany,Mobile
2983,31.625114997699182,7.585627195484439,0.6973195030994848,4,India,Desktop
2984,16.860172625073737,4.941467129372198,0.4410848485749495,16,UK,Desktop
2985,83.71973450251667,14.154798114131697,1.1462807618648088,10,UK,Tablet
2986,30.406288558789846,11.278049220590033,0.3880122040168333,9,UK,Desktop
2987,28.447887908339855,10.963060401765281,0.36339725203362017,17,US,Mobile
2988,37.166184788534224,9.63449270164775,0.6012091686111307,13,India,Tablet
2989,23.623292661185953,8.709620250990106,0.3773233083994013,13,Japan,Mobile
2990,41.53538191902583,8.697965254174584,0.550210681542493,11,US,Tablet
2991,21.995505265814963,10.950081815974919,0.4783342417919516,22,Germany,Tablet
2992,41.303179549024016,4.717134815711288,0.5060400000126007,12,Japan,Desktop
2993,6.244844789485214,12.736060276849686,0.45275933650393957,22,India,Tablet
2994,27.328729140585704,11.874030210987033,0.4985107629301618,13,US,Tablet
2995,43.51060730535828,4.772844563696577,0.5718887733078996,12,Japan,Desktop
2996,35.731959175053326,14.355258425695322,0.46504696904464127,1,UK,Tablet
2997,23.817175076769388,12.611470555149534,0.38817425735137523,18,UK,Desktop
2998,24.099030033423578,10.989339354227454,0.5112914300188557,9,UK,Mobile
2999,39.32045567163166,8.265355885937902,0.5085336556462252,23,India,Mobile
3000,22.975717788353293,14.077561602145979,0.49166586380349897,3,UK,Mobile
3001,32.61181287984977,14.165072461828244,0.41803224265579014,12,US,Desktop
3002,17.81431711003156,4.258136223286778,0.5126255330918228,18,India,Mobile
3003,30.127208373044116,10.814246651551604,0.3447455118372867,12,Germany,Mobile
3004,17.168316056281878,9.215737453992244,0.5844257481578413,1,US,Desktop
3005,22.31553512015482,13.687614992301372,0.41473629064157475,4,US,Mobile
3006,9.946618340854698,13.153807903176048,0.5386290092629032,8,India,Mobile
3007,165.2036654049044,7.158888960662031,1.7466097963015563,9,UK,Desktop
3008,40.39202198727763,13.07642412104525,0.48827141245434286,23,US,Desktop
3009,34.8479623365661,4.30095453045694,0.4870770352533529,23,UK,Tablet
3010,28.085928257520123,14.009438791133764,0.6325685633112905,2,UK,Mobile
3011,29.905802524729076,8.978525780470028,0.5201124588768782,3,India,Mobile
3012,28.230789429644286,12.200085545586274,0.4592276659432085,5,Japan,Mobile
3013,43.89136028395679,6.882636690844728,0.49203125918401397,16,India,Desktop
3014,39.16941826101531,10.809889483069584,0.4768678083100718,11,Germany,Desktop
3015,43.51842205824059,9.018291158957918,0.48078509384756024,16,India,Desktop
3016,19.700681845748598,11.11404975262342,0.6548109741565207,23,Germany,Tablet
3017,40.468448059323556,1.6476528793325436,0.42636310823587303,23,UK,Mobile
3018,28.84501228990958,9.506807884576801,0.47954972443345995,16,US,Desktop
3019,25.998534146340134,13.478542171015324,0.5239410923925619,12,UK,Tablet
3020,30.387733271382956,10.515841955541372,0.5962912136631382,20,Germany,Desktop
3021,39.68878187023083,6.342900765975347,0.2733385485059947,14,UK,Tablet
3022,34.40138725034385,13.617952321249389,0.5744603027166314,2,India,Tablet
3023,20.10658669686254,11.350346828214198,0.25038047224843396,11,UK,Tablet
3024,40.52605496217229,9.925031706749637,0.49452288263701816,1,US,Mobile
3025,11.42367403530113,9.222121414778703,0.5699357270735504,6,Japan,Tablet
3026,38.14282333542125,11.737531556170294,0.47837252311874795,17,Japan,Desktop
3027,32.50208259772456,12.688790601764145,0.6889077217550911,17,Japan,Mobile
3028,38.907722784002345,8.884777913267943,0.45959966209437575,21,Germany,Tablet
3029,43.528279171402794,8.537640488131217,0.5175778614428679,12,Germany,Mobile
3030,33.714041604901965,10.297506638902158,0.33656169990731044,4,Japan,Desktop
3031,11.350431746894337,8.76651498696416,0.5813902849718834,7,UK,Desktop
3032,27.25790334663678,5.9281956161477165,0.38836347623448453,10,UK,Tablet
3033,36.44070821233554,12.092978337792507,0.5144443264676787,13,India,Mobile
3034,30.952258751239473,10.314093007425038,0.6822502679200187,21,UK,Mobile
3035,34.13882409225466,6.959756399883039,0.5974532994084487,4,US,Mobile
3036,18.40854661059833,8.354908585222399,0.623998405144115,4,UK,Mobile
3037,33.16135023618253,10.013114418368634,0.496713043182318,4,India,Desktop
3038,17.494245703686275,14.537330619626143,0.656665610852952,10,UK,Mobile
3039,36.820426970892186,11.505561810793658,0.4236095388634966,7,US,Mobile
3040,21.129035761054702,8.534284088235937,0.30036073891471693,6,India,Desktop
3041,38.023475005041504,8.000856812679356,0.5083118222360739,20,India,Mobile
3042,29.620789747285716,14.79494783712651,0.5701461269472237,4,Germany,Desktop
3043,20.395705852213595,16.37132163075072,0.666459368542977,9,India,Mobile
3044,29.4036428418816,9.06739848814042,0.6026832149637513,18,UK,Tablet
3045,33.98939397971093,5.545589472427788,0.6099786747119497,22,Japan,Desktop
3046,28.258820520766204,8.059185659844953,0.40202286071629845,15,US,Tablet
3047,49.742578962159186,13.91633857322946,0.5372471731626814,22,US,Desktop
3048,34.076520978516726,10.895327501852618,0.6045549839543618,5,US,Desktop
3049,43.51990625496952,7.532778162947288,0.4032708678231716,13,Germany,Mobile
3050,22.26246373311823,2.687836593149872,0.42299333456578325,11,UK,Desktop
3051,36.32271866459508,12.757408671665319,0.5872125418119973,16,UK,Desktop
3052,25.07725428912162,6.323043923872858,0.5604390977721592,7,Germany,Mobile
3053,28.207637437065664,10.059945399879005,0.6078214463100333,14,US,Mobile
3054,39.55017240345417,9.689745590512977,0.5197210741547886,3,UK,Tablet
3055,25.144360408911457,13.320510994179859,0.5646582642453845,16,India,Desktop
3056,13.48444160125764,12.665813324634234,0.5864905222858815,1,Japan,Tablet
3057,30.609931147645707,11.925700792452968,0.47398972594036054,18,US,Desktop
3058,21.79958646980368,11.482217370909895,0.4992156956476686,0,India,Mobile
3059,29.544467870158627,6.291388708927446,0.6970413233481089,13,US,Mobile
3060,38.00914678650017,9.150387961773653,0.29002858875424326,11,Germany,Mobile
3061,34.20658659412905,16.263110946810123,0.4521026758527162,2,Japan,Mobile
3062,117.99580612964942,11.342331645025707,0.8568282557640815,20,UK,Desktop
3063,26.308671665609893,9.252602727380578,0.24801160541252076,17,US,Mobile
3064,20.231086239219973,10.504912336126235,0.6738197097865422,21,Germany,Desktop
3065,22.94941366564478,6.212076057031564,0.45671972060678934,15,UK,Mobile
3066,35.7073671969681,8.110350736574087,0.5374685616430606,18,India,Mobile
3067,33.038104957300156,10.329595561077756,0.447832949911358,0,Germany,Mobile
3068,18.14377665062341,12.776954427715648,0.6483896076312103,4,UK,Mobile
3069,35.53896241076557,14.986592179833686,0.6253374729038343,17,Germany,Desktop
3070,33.133732483460335,8.821640836416517,0.7340603961456567,11,US,Mobile
3071,26.65272381541176,7.047649786927368,0.5964570633011214,12,Germany,Mobile
3072,40.099486555739,11.328350560264582,0.5366065871786807,23,Japan,Mobile
3073,31.92831941776789,10.289321118272237,0.5249118283333362,6,Japan,Mobile
3074,-3.5543815761787627,3.0887251613663214,0.4945680919787592,7,UK,Desktop
3075,22.347699263418384,10.229687770600208,0.5609052130400951,20,Japan,Tablet
3076,28.60830300194643,9.280976441099432,0.48958785313707476,19,India,Mobile
3077,17.21770007090851,9.694618188476763,0.6244316471602785,0,UK,Mobile
3078,17.394993606693728,13.99036201377047,0.5779109599063675,21,Germany,Desktop
3079,25.273241628333572,8.47946911058863,0.4183107519003971,12,US,Tablet
3080,25.05018655896105,11.43412601937388,0.4097784403877093,2,Germany,Desktop
3081,43.27751905371921,11.083843538644986,0.390832006388989,18,US,Tablet
3082,34.08715138580918,9.164473680164559,0.5720075523639375,19,US,Desktop
3083,30.448860774654843,11.158730030028282,0.8308225228187143,5,Germany,Tablet
3084,27.99650296171562,8.067300808565626,0.6208927907342546,11,UK,Desktop
3085,30.267766421801614,10.256760481711364,0.6381229016520912,19,Japan,Desktop
3086,36.96523293081411,5.118230264857453,0.5239247032410268,13,US,Tablet
3087,33.021347786974054,3.929134009312369,0.4876554675141175,1,US,Mobile
3088,40.034505702480736,8.37185644584332,0.5460719669691039,3,Japan,Tablet
3089,18.72599302679296,7.73749426471424,0.5291270181114839,6,India,Tablet
3090,213.71427807686595,14.416096546166838,1.8955319082038553,6,India,Mobile
3091,45.620395777947635,12.428687541293332,0.5168145335977038,4,US,Tablet
3092,34.71101752803511,5.278239679172806,0.41717561324081454,16,Germany,Desktop
3093,31.342400194368643,13.591787748863286,0.47655430726099235,1,India,Mobile
3094,37.6600707770882,7.361561691678016,0.48379789705184395,17,India,Tablet
3095,26.43147949423789,6.246978872718685,0.5180580609377429,9,India,Tablet
3096,34.56621153415213,9.036106425624402,0.5375730287627503,5,Germany,Desktop
3097,19.77533186026546,12.205886764289687,0.4639785673587781,9,UK,Mobile
3098,37.449904029157295,15.513491717634857,0.5863204725068576,14,Germany,Tablet
3099,36.932552225933414,9.248967895140485,0.4438533535777802,0,Japan,Mobile
3100,33.32940268391058,8.122351750848225,0.6170332580262857,1,US,Desktop
3101,39.986291955845765,9.252945996153516,0.3979967152587615,19,Germany,Tablet
3102,29.317648530572786,5.074415442847735,0.4661546425731119,8,Germany,Desktop
3103,28.966111229925502,8.754043903549684,0.5718628553978582,14,UK,Desktop
3104,24.276553767659152,12.528877726141804,0.4663508328994703,1,UK,Desktop
3105,35.15125814315746,11.75417311041762,0.3501452067860862,12,Japan,Mobile
3106,39.9738548050742,5.972299754487133,0.5855127505739962,4,UK,Desktop
3107,22.863321345535347,15.202044038970229,0.5193818757131545,23,UK,Tablet
3108,34.0001970194766,12.078749988700778,0.3880869427369409,17,US,Tablet
3109,22.04539404008577,6.032461706495044,0.37542158982434914,0,Germany,Mobile
3110,23.103125518189422,12.695262449796214,0.536538633498397,5,India,Tablet
3111,3.8538893605109514,10.562078215618438,0.3298998210648578,18,Japan,Tablet
3112,22.85540722496558,7.532932884027456,0.5338904207884876,23,India,Desktop
3113,27.794476108264977,11.125824737533764,0.3317048015329822,23,UK,Mobile
3114,39.15845912733603,14.12367299589159,0.5540341073922581,14,US,Mobile
3115,38.071947163733086,2.667559909889971,0.5105307930907043,1,India,Mobile
3116,45.73074568443341,9.79295179189179,0.39327774562332596,21,Japan,Tablet
3117,39.247908081281,11.06448994873505,0.43892386298348307,17,India,Desktop
3118,19.421791719398257,10.641278635321575,0.395888560666585,2,Germany,Desktop
3119,14.860653210453725,9.56122892492376,0.5149874942237654,9,UK,Tablet
3120,15.501899713723226,7.3763235666566125,0.2971124782142378,16,UK,Desktop
3121,15.29562280212756,11.646856581852177,0.5068165745200635,9,Germany,Desktop
3122,28.0200146572245,11.475241693825575,0.6035762115515004,5,India,Tablet
3123,23.334405674396557,8.959535199300493,0.5212973424750501,13,India,Desktop
3124,29.33821268462196,11.368150809920559,0.4030511515321278,15,India,Desktop
3125,37.979927781878295,4.878935421370503,0.46374318173591383,23,India,Mobile
3126,13.234293233264221,5.262546889035411,0.3911450556752998,19,UK,Tablet
3127,19.518185098156152,11.386627554810625,0.5532652214026301,4,Japan,Mobile
3128,25.694470000390876,14.309197346342355,0.6886293049131836,14,Germany,Desktop
3129,27.4287989459898,7.4818159708367755,0.6243286148603878,9,US,Tablet
3130,27.425299497942753,10.889506779858102,0.3558980031340604,5,US,Mobile
3131,25.24837774534234,9.293539923281315,0.3579525615931609,0,UK,Tablet
3132,-5.2592743614991875,14.91793507268725,0.3553169524143709,18,Japan,Desktop
3133,34.6002766252306,12.9194788933576,0.529534762529563,23,Germany,Tablet
3134,43.21874211800701,10.352693147438611,0.36294945324489436,6,UK,Desktop
3135,18.433330073962622,12.323738795846255,0.4679857422871989,8,India,Mobile
3136,36.221484740157806,7.414472840620782,0.3732463490359054,5,UK,Desktop
3137,172.74380569548535,11.593042814000976,2.4637997567958614,4,Japan,Mobile
3138,22.50125276659417,7.440394216227591,0.5298170514826827,12,Germany,Mobile
3139,32.63320276256712,10.171259292289157,0.5882299632000032,15,Germany,Desktop
3140,-2.904505205946897,5.173513186280425,0.5059290088860245,22,US,Desktop
3141,26.076333626990003,7.782095234088981,0.5295961649551156,3,Germany,Desktop
3142,23.309073800871346,12.860503783829156,0.7954383301630505,9,US,Desktop
3143,51.328466160877895,12.920549941265318,0.5692239101083835,3,UK,Mobile
3144,38.253399558644034,9.994137174553817,0.5384828003863881,9,India,Desktop
3145,13.285672937190178,9.241358340213178,0.49248149696764015,19,India,Desktop
3146,19.43050971233641,10.480794226642105,0.5852703517545009,1,Germany,Desktop
3147,28.33628475864787,14.101226606951593,0.44698231040401487,18,Japan,Desktop
3148,31.505403295179622,10.654452728260111,0.4696091975492978,3,UK,Desktop
3149,36.348419902125755,14.090583255123587,0.4862334549269237,19,Japan,Mobile
3150,38.967850766803934,11.802363587126171,0.6674022664856777,10,Japan,Desktop
3151,29.16822602700359,5.439109514172287,0.5348583035122224,3,Japan,Desktop
3152,31.42155281901453,11.960742965723973,0.5625395954860452,12,US,Mobile
3153,20.422376006197272,12.179068307050487,0.5999580902551589,19,India,Tablet
3154,37.07919869577233,13.726727351613043,0.40278500464781497,8,UK,Mobile
3155,34.015818981999544,11.830368041577753,0.4738144740574185,12,Japan,Desktop
3156,22.99054679711165,11.072240959852891,0.4027933265420559,7,India,Tablet
3157,32.02126587674494,10.793960967543482,0.6845639089463847,12,India,Tablet
3158,40.7906049009517,8.773767006729154,0.3993727335875015,5,Germany,Tablet
3159,46.597990236050634,15.137129423506446,0.4047351685556508,14,India,Desktop
3160,17.709692648380887,14.397412375463222,0.5618735561901207,10,Japan,Desktop
3161,38.48426343777094,9.659835494558983,0.5282433555605787,8,UK,Tablet
3162,41.83601014705298,14.570156733953656,0.37799162504546646,8,India,Tablet
3163,44.11296845217896,13.389659453528779,0.5137427450334913,1,Japan,Tablet
3164,23.159713874967263,11.986538902197672,0.5067013447790869,1,India,Mobile
3165,42.484099798003136,9.65372268039267,0.6576532151387797,12,US,Tablet
3166,29.361331785948096,5.851859749417181,0.5356084183346,14,Germany,Mobile
3167,55.1221518604269,8.96315047062971,0.5427879181463555,21,India,Tablet
3168,22.80496811925019,5.916086120581217,0.36850750293006673,20,UK,Desktop
3169,30.2064971238465,11.835169220501275,0.5099039080805582,7,US,Mobile
3170,10.50478559367183,9.615253382057057,0.5675874177181852,1,US,Desktop
3171,23.38616601354545,17.116459558686152,0.5732549509586483,22,US,Mobile
3172,40.628798679125104,9.757312235922498,0.5332193929861796,5,UK,Mobile
3173,20.420554379829955,10.317290194407077,0.6494789384395243,19,Germany,Mobile
3174,46.385112611826145,9.074777730732887,0.3558310733546951,16,India,Desktop
3175,34.26191644559535,12.086911922613467,0.3960920530506478,20,Japan,Tablet
3176,33.58198591055785,8.20528236858231,0.5729694240221855,5,India,Desktop
3177,23.171942194776545,15.275660464062458,0.6308864722692148,19,India,Desktop
3178,32.59453602236986,5.15924308059325,0.456256881371242,8,India,Tablet
3179,36.05532113780933,10.233208395586477,0.5602820864636638,8,Japan,Desktop
3180,39.99925119706595,9.997209963136987,0.4362891633180229,8,UK,Tablet
3181,24.994887553476204,9.083609954792173,0.40456526822430106,7,UK,Mobile
3182,25.85264315764055,6.549952624308381,0.34479132742342955,1,US,Tablet
3183,42.649204819641284,19.38378832930617,0.5530964998881925,16,US,Tablet
3184,24.318685639792243,6.561753289561493,0.46747725324979295,11,UK,Mobile
3185,17.18690831353289,7.796765553369205,0.3230018795879924,8,Germany,Mobile
3186,24.386185841122668,8.133795786536862,0.2907163371741343,9,India,Mobile
3187,42.713771940344614,9.725301945445798,0.3834508875812462,8,Germany,Desktop
3188,21.353466198973017,11.681742822457702,0.4941341655455054,1,UK,Tablet
3189,36.27816740439801,7.288388990430628,0.568494565646608,0,Japan,Desktop
3190,37.783089572067624,8.691672894550099,0.4715855276374285,9,India,Tablet
3191,19.37919912447989,7.635279290203323,0.6254538885882993,16,India,Tablet
3192,19.662456984737418,5.706130395970396,0.5524565677614409,17,Japan,Tablet
3193,36.30335479985579,11.44193440324718,0.6544746854350506,7,Japan,Desktop
3194,20.096364823024278,12.000551766829451,0.37445346085345277,19,UK,Mobile
3195,21.0993896381503,11.218242773486002,0.6966527299176406,17,Japan,Desktop
3196,34.4143991901277,11.758146227851803,0.47382730991583144,9,UK,Desktop
3197,37.84634278290814,10.950426134021566,0.3566309643033148,6,US,Desktop
3198,23.086600804612445,6.953226318762232,0.6390126816824453,1,US,Mobile
3199,32.649688291391875,7.89439168620839,0.4409266356870074,12,UK,Mobile
3200,18.25321806330718,12.613994587996824,0.6087631769111977,1,Germany,Desktop
3201,36.87989517831309,7.996427255122989,0.5753420237955443,12,US,Tablet
3202,19.00836202388952,7.367647194104551,0.5557471391671629,2,Japan,Tablet
3203,44.5756149664288,7.616161962272842,0.44041518193648166,17,Germany,Mobile
3204,28.595577379947173,11.992690786129973,0.41900321215696457,7,UK,Mobile
3205,21.63431853326354,4.880690999906262,0.6427186627596104,23,UK,Tablet
3206,36.448951791768295,13.474840178921246,0.5423687993533708,21,India,Tablet
3207,38.96745924747901,12.303927570066104,0.44149866217032846,19,US,Desktop
3208,38.91546171447463,9.298571080070957,0.6067514455834412,15,US,Mobile
3209,3.6839123765096318,8.70685655952125,0.5899141558893906,20,India,Mobile
3210,52.99561335914716,7.40788014300084,0.47465555811076465,7,India,Mobile
3211,23.391342525393092,11.849277432786367,0.5428082700071751,19,US,Tablet
3212,41.94512224899221,9.057301862764362,0.5710021948972817,8,US,Desktop
3213,18.592656964559616,7.689668530549364,0.4491152576790827,10,US,Desktop
3214,38.260035693897,8.795902807216109,0.5155734550228831,22,Germany,Desktop
3215,31.135504262893136,11.017183684442895,0.4647766977149772,14,Japan,Tablet
3216,30.495794651392714,11.11881302333151,0.5060933085812677,7,UK,Mobile
3217,58.64841157785835,10.677971674151639,0.49836280718286696,6,India,Tablet
3218,33.34654923908348,16.38449164845922,0.5215870714077739,9,India,Desktop
3219,26.28665188230552,13.187401130193694,0.45855646382267434,8,Germany,Tablet
3220,16.23423024476002,14.952651779759782,0.5652842345791156,1,US,Tablet
3221,32.25777195130087,9.786428111858816,0.2549346326483048,6,Japan,Desktop
3222,27.842441854981132,10.678295204362136,0.5994994871800288,7,UK,Desktop
3223,22.347147552950496,12.221913989452922,0.44036953940518947,15,India,Mobile
3224,23.275755210950116,16.90636691979101,0.6155733337539846,16,US,Tablet
3225,47.26509487040592,7.117441949394133,0.6449038023797838,1,Japan,Desktop
3226,23.6092434592424,12.51622572231772,0.5074664245216287,3,US,Desktop
3227,300.55541150646343,9.37095671051644,1.518258480390318,3,US,Mobile
3228,41.05180126430122,6.988910329874598,0.4252927529840902,8,Japan,Desktop
3229,28.6890905459873,8.051800532679623,0.6427937294162207,4,US,Mobile
3230,25.619857781545385,6.254835196219452,0.6377091922343995,11,US,Desktop
3231,48.854072672131636,8.400385264618718,0.5118887089689291,21,UK,Tablet
3232,24.140130913665757,11.965821723022865,0.6476985515425568,10,US,Tablet
3233,17.54937550279159,8.924582825499531,0.47920979192980284,9,Japan,Mobile
3234,31.429360367250357,6.021489035835222,0.36159439240392677,15,Germany,Mobile
3235,44.148997642108554,15.372619486054269,0.5480530552367066,17,Germany,Tablet
3236,30.41493765184467,10.482274019481382,0.4226997378766112,8,Japan,Tablet
3237,43.21728486140122,9.967446345118882,0.6460888207425702,16,US,Tablet
3238,34.67038532875958,4.9122311931846045,0.5261186196376385,20,UK,Tablet
3239,41.81028824359393,5.537256545231022,0.4287084430116797,7,Germany,Desktop
3240,33.18896172592772,9.698238997778704,0.5927025811887847,11,India,Desktop
3241,37.292433919394455,8.78128760214365,0.4815358141026078,12,US,Mobile
3242,31.04863097875391,6.724610813791964,0.44484687711215326,17,UK,Mobile
3243,26.821876044193875,15.938209692215196,0.3704727255409692,17,Japan,Desktop
3244,29.689057631289614,10.955603545470794,0.4887307536023524,13,Germany,Mobile
3245,219.28860280580074,6.08697294741243,2.036686852459627,5,India,Tablet
3246,19.804797720429548,10.340424254080895,0.5623800534111322,6,UK,Tablet
3247,30.298649172422184,10.52482302374057,0.42639800251364757,17,UK,Desktop
3248,34.47027624020922,10.906103990895605,0.406903267735387,6,US,Desktop
3249,47.579739302308745,6.798976688733587,0.6003065900872485,16,US,Tablet
3250,10.884097393985517,15.583803221293554,0.4643289732388961,2,India,Mobile
3251,34.053121910278456,10.852913529385232,0.4585155339497359,15,US,Tablet
3252,6.4072498055491245,14.380623171797273,0.6619790297473767,13,UK,Tablet
3253,43.84107242658288,9.49865864190923,0.6581316886705305,22,Germany,Desktop
3254,35.52840714735255,14.568658697021753,0.5581166469994585,20,Japan,Tablet
3255,36.52312912342806,13.036934020714995,0.5135609211034122,6,India,Tablet
3256,46.53635025865297,6.785790619274653,0.5673570096149885,15,India,Desktop
3257,48.93229613509739,9.198662696308961,0.4405952563063038,0,India,Tablet
3258,27.190929348396246,6.007939452223406,0.5273786500678377,6,Germany,Mobile
3259,42.79660802879671,17.108343067140897,0.6389442451411382,13,US,Desktop
3260,33.289886472568945,13.87449964675984,0.6159357929933358,16,Japan,Tablet
3261,24.38059151914816,12.764891658939591,0.4813404433041479,17,US,Mobile
3262,34.625072536223065,14.926950618294331,0.467138318876675,20,India,Desktop
3263,26.389996359106274,11.62764089677591,0.6383777244631537,0,Japan,Tablet
3264,33.538690463784484,9.271465378031515,0.3905802379330403,9,UK,Desktop
3265,20.2314044548012,11.774733437394564,0.623349776994915,8,UK,Desktop
3266,42.38431169455803,8.94877237850452,0.5398800241996011,12,India,Desktop
3267,49.733366587376665,10.418754558226492,0.4999847287793962,10,US,Mobile
3268,46.119923989052495,10.856988199910841,0.40344448987253334,10,US,Mobile
3269,10.623471934447284,11.731346679184906,0.5692275421688122,2,Germany,Desktop
3270,28.635691605984263,5.703073112201631,0.5744064051480472,22,UK,Tablet
3271,23.894552265122616,7.542446088120166,0.3451291916844237,19,UK,Desktop
3272,51.23864777044719,11.422030517354331,0.4951024096539821,3,US,Tablet
3273,41.46735303331572,10.100564256475216,0.4153116677534836,19,Germany,Mobile
3274,29.943268132303043,9.444730886221105,0.3447432204958335,8,Germany,Tablet
3275,6.348534926305906,10.206683371298148,0.3876298686627987,23,US,Tablet
3276,20.098562801701213,14.795154078680929,0.5041219848694447,10,US,Desktop
3277,34.17920021283447,12.981029097805994,0.5263960683497177,17,US,Tablet
3278,40.67566737259426,11.212362154295757,0.6084302968413529,9,UK,Desktop
3279,29.82285378882775,12.292762858383782,0.45129837494366565,18,US,Mobile
3280,19.496179713532538,12.798330097078296,0.6598495584177928,5,Japan,Mobile
3281,65.40086925312059,10.594175066427809,1.5937638767646292,22,India,Desktop
3282,31.48526268554392,10.617011403833498,0.44636675060532005,11,Germany,Tablet
3283,28.442781400615083,6.103298819916965,0.6695252525724332,21,UK,Desktop
3284,38.7635064036278,2.7126858466678057,0.6237226659386812,17,Japan,Desktop
3285,12.730353040996782,12.421861672553188,0.43853604653920925,13,Japan,Desktop
3286,36.00078668015199,9.571664162241532,0.6250888228789174,7,Germany,Desktop
3287,38.242285571028425,7.645628500870385,0.3973160522817655,17,UK,Desktop
3288,24.252425770090873,9.376611724673534,0.5518354669442509,14,Germany,Tablet
3289,32.14480750161738,8.43071306325498,0.46271002048337967,9,US,Desktop
3290,37.91841352252983,10.59314519918818,0.7426470483223495,13,US,Desktop
3291,28.78267929024777,5.410481368503638,0.38919619578290454,9,UK,Mobile
3292,36.600086706110076,9.581634913624464,0.566732968543373,6,US,Mobile
3293,24.111158218991925,7.735932408240549,0.5405936005818422,12,India,Mobile
3294,36.53818202354243,13.420058624741253,0.48830972992334765,1,India,Desktop
3295,12.416179760985482,9.516799755008844,0.591654593325347,21,Japan,Mobile
3296,25.72760200554933,14.484921333349218,0.48771795881520097,3,UK,Tablet
3297,43.22161499407084,12.676048416830897,0.478061498095461,0,India,Mobile
3298,34.90175015885434,8.032429898155657,0.689783213986906,19,US,Tablet
3299,24.77068478454533,11.006863771713343,0.5162034714813051,12,India,Desktop
3300,27.69208730702869,11.07317223158899,0.41519961756548357,4,US,Mobile
3301,27.520512923349933,13.09335133221725,0.5538036118770598,20,India,Tablet
3302,26.761764622599756,14.0661939090012,0.4346884464575052,12,UK,Mobile
3303,22.461933138248504,10.632715159468239,0.36592422126311125,16,India,Desktop
3304,26.357136386015704,8.958665237597767,0.5069207956905565,7,India,Mobile
3305,34.5712836646615,12.110302442104267,0.4794550324036961,8,India,Desktop
3306,34.754108875034646,10.070510018672095,0.5143759603713786,3,Germany,Mobile
3307,29.028478736302105,5.542317589970901,0.5600307619005489,14,UK,Mobile
3308,36.47548164815503,9.47452086317898,0.47968494144006163,13,US,Desktop
3309,31.12098417290149,13.788816152523802,0.566520586875418,16,India,Desktop
3310,27.968409065614175,8.800278185224384,0.3404042025409576,14,India,Mobile
3311,18.480590032310822,15.748443593162532,0.5271049359806192,13,Japan,Mobile
3312,13.361681081648658,15.165288744852585,0.4277065979009389,6,India,Mobile
3313,14.48942645221389,9.037716970370846,0.48377742872310686,21,India,Tablet
3314,21.58560603654543,4.818089058314664,0.4732590691998823,9,Japan,Tablet
3315,29.801302029761672,15.12972028455765,0.5498432818497304,12,US,Tablet
3316,25.34554420524855,8.284212419596775,0.5022460589193554,3,India,Tablet
3317,26.855709599953368,10.415032507781536,0.4946909808460662,11,Japan,Mobile
3318,18.101008047610563,9.488142947903178,0.5235494703866551,14,UK,Tablet
3319,28.141932776035137,9.283876487354984,0.48562762005316057,16,UK,Tablet
3320,21.258251248244882,5.319414466240846,0.49790499455139103,4,UK,Tablet
3321,6.804860344488613,8.028445648917343,0.6301362998872582,3,India,Mobile
3322,12.989665656473239,5.248414369810758,0.4101298485810835,22,US,Mobile
3323,19.21439823612353,7.95785869476097,0.4582585617332534,18,Germany,Desktop
3324,29.99744700457885,16.34389426979529,0.3766581071093039,11,US,Mobile
3325,36.75033973742013,9.204798572474948,0.3709952411981842,14,UK,Mobile
3326,47.64171818196948,11.562201205883069,0.48932459054530936,6,US,Mobile
3327,33.86740540988216,9.241838412597216,0.4532862067354262,14,UK,Desktop
3328,17.836121818962443,9.629112998713339,0.482423824686394,5,US,Desktop
3329,18.090023762710292,8.505322553042825,0.6498995532783323,7,Japan,Mobile
3330,35.10605406907064,8.676202204552066,0.5656919874733061,16,US,Desktop
3331,30.70040894597724,6.104925480917226,0.4378441617799736,10,UK,Desktop
3332,17.343478834162443,13.4587936526659,0.5843568405088577,6,US,Mobile
3333,33.23510952544786,13.743534333713328,0.45343081121574147,0,Japan,Mobile
3334,41.62621439784033,12.52782486846037,0.49769418320936437,7,UK,Desktop
3335,42.111111974028546,10.10106289090799,0.7031765345729803,12,US,Mobile
3336,32.93490639543249,6.217578035247504,0.4546574175425503,4,UK,Mobile
3337,29.96129608690176,10.372598860525567,0.6217575876118003,9,Germany,Desktop
3338,176.37230059495448,7.846726729198288,1.7881649437740295,20,US,Desktop
3339,37.38990077023621,11.772414395018945,0.5968498952207615,13,Germany,Desktop
3340,50.583855344337636,12.917320171736328,0.45184623412604785,9,Japan,Desktop
3341,48.93880531825873,7.247110908684918,0.5496683017052678,4,US,Tablet
3342,30.252623833865844,13.562748976933117,0.6691535091125475,1,UK,Tablet
3343,17.003324163544544,11.799375150247377,0.3657521958798328,5,Japan,Desktop
3344,22.329181691851023,12.582469246378983,0.38036035518128447,8,US,Tablet
3345,27.23188347732903,9.764969657449425,0.4761948961486047,18,India,Mobile
3346,21.297399383313703,8.79692820249473,0.5551582267397761,14,UK,Desktop
3347,25.244513246094463,10.456907822202027,0.42081893229500944,4,UK,Mobile
3348,14.396078027756039,14.038470806182948,0.6012485921631823,15,India,Mobile
3349,20.859257126056292,10.3380565542744,0.5457754681021696,23,Germany,Tablet
3350,27.548090884139594,10.747267926066796,0.7054447548281583,17,India,Tablet
3351,28.093713630801712,10.975329530598371,0.5808307727986523,2,Japan,Desktop
3352,28.551213010942238,12.003312579457694,0.38890914747773125,18,India,Desktop
3353,19.10648133156009,12.75677742509441,0.48197591425697434,17,India,Desktop
3354,26.447422650435005,6.862987130728408,0.551211305614538,1,UK,Desktop
3355,46.16218165399246,5.352574405149755,0.546458904900354,21,UK,Desktop
3356,40.9798850370276,5.464802343563056,0.5406354540323542,3,India,Desktop
3357,23.547514791816575,3.152319906635811,0.42769926796570007,11,Japan,Mobile
3358,13.087644435544611,12.102640147089542,0.5381299452885786,8,Germany,Desktop
3359,29.26265925425051,10.298674783992979,0.6111383870671784,2,Japan,Mobile
3360,15.571622223060418,10.166880418230836,0.5116728698131917,17,Germany,Tablet
3361,173.9328736318078,11.210304739894873,2.332313865078014,19,Germany,Tablet
3362,25.78825729380536,11.541485580633054,0.4104982868066694,1,India,Desktop
3363,38.64867883885972,5.94760352947003,0.4963216043230148,1,India,Desktop
3364,29.778924444241568,14.388717999833506,0.49589824053189463,13,Germany,Tablet
3365,24.8399923976304,4.746211779953987,0.3068790972132271,23,Germany,Desktop
3366,32.06124515299331,16.6521239234212,0.7518756045136882,8,UK,Mobile
3367,45.85971057942301,10.290374797222414,0.3363684397775033,14,US,Tablet
3368,21.503455668383296,9.123204704221044,0.6095101173886166,3,Germany,Desktop
3369,48.64715951182525,4.610913237408662,0.37896059955293454,2,Japan,Tablet
3370,18.503001968508375,15.021203999655775,0.36071208379051733,12,Germany,Desktop
3371,16.633217198074675,11.708050051725248,0.47682072115701557,7,UK,Mobile
3372,36.040495063056454,6.624898844894805,0.48132733556782403,22,India,Tablet
3373,5.4293162998662226,13.099821058224894,0.48564802382753286,17,Japan,Mobile
3374,23.796208454372348,11.525686290103009,0.7642858890519258,10,India,Tablet
3375,36.58297114446602,9.191713534878819,0.672279355859658,1,UK,Tablet
3376,20.65239223388788,8.85375085124011,0.43570861724019716,8,US,Mobile
3377,23.14672411762949,6.201836044736382,0.5023304859831743,14,Japan,Desktop
3378,32.86169620954387,8.08571056982668,0.48512698179661007,3,Germany,Mobile
3379,38.7555641511257,6.434912302042698,0.36041575371265555,8,UK,Desktop
3380,18.28787478480816,13.542018995497319,0.528324784320769,12,Germany,Desktop
3381,12.234292286648515,11.981631998323202,0.519010663926233,22,Japan,Desktop
3382,21.52908488563168,8.236059836288877,0.3914996877747795,4,Japan,Tablet
3383,34.899205748194746,9.40022953852299,0.46941072135298645,22,India,Mobile
3384,20.408830989893637,10.865850798192639,0.4930675594054572,12,UK,Desktop
3385,50.824552011439216,5.711378375827821,0.44916275403500516,2,India,Mobile
3386,17.59307057878261,15.34218152020355,0.44517240682750076,19,UK,Mobile
3387,30.160354457025594,9.861534024412562,0.47203519597815025,15,US,Tablet
3388,37.44742055308866,12.615394746988631,0.5951512564803425,13,US,Desktop
3389,32.303794981611375,10.04664930347003,0.6190886267196287,22,Germany,Tablet
3390,171.6418893111873,12.532247146663188,1.448537560628989,17,US,Desktop
3391,45.88284900913016,17.10345693941128,0.5466854830133271,22,Germany,Mobile
3392,32.68195625544541,11.552638244173036,0.49212928177153403,8,US,Mobile
3393,28.15605189398772,13.509130281368309,0.4443922876077213,5,Japan,Desktop
3394,29.56312598391926,9.221199911687739,0.6549586973936173,16,UK,Tablet
3395,35.042501224154535,13.985652546777736,0.5654498916763732,14,US,Desktop
3396,32.43831734784122,9.099425117708032,0.47986194459681764,4,UK,Tablet
3397,40.60742814707009,7.45323909467393,0.5342357562394829,2,Japan,Mobile
3398,21.545037202768313,12.214859451424644,0.4392572114538197,3,UK,Tablet
3399,62.894276690771285,12.507857037220507,0.2785886237559542,19,UK,Mobile
3400,50.70623844954396,6.214572346313865,0.42210831630962686,21,India,Tablet
3401,14.918936144526851,8.747394963406116,0.7717364323173486,1,Germany,Desktop
3402,33.55004644222833,10.779622843430602,0.49873166313236317,11,Japan,Tablet
3403,53.61186319605501,14.986901897040035,0.4280854432803746,21,US,Tablet
3404,52.360034762005256,13.841583605970428,0.4362286253338977,14,UK,Mobile
3405,21.40476375085325,9.353013477096455,0.5360291935323891,5,India,Desktop
3406,21.0303061461037,6.568378747235926,0.5631709887787145,7,UK,Tablet
3407,39.29442326538927,8.8283804062329,0.44509237645857763,5,Japan,Tablet
3408,36.67098483365751,13.14986274173607,0.42031007078634613,14,Japan,Tablet
3409,33.14135218867182,5.395130413194643,0.440245891310701,23,Germany,Tablet
3410,28.237645480002275,7.632645250420367,0.506456435614216,3,US,Desktop
3411,22.840898492792206,11.071357245641789,0.6219367707206542,0,India,Mobile
3412,22.108968852240075,15.168373224743885,0.5153409968104525,14,Germany,Mobile
3413,46.56977212928648,10.744516622388247,0.4893370710518981,13,India,Mobile
3414,82.74056117459523,5.6931483067643285,0.8712574357574736,19,Japan,Mobile
3415,34.16562662308612,11.796650232663936,0.6680109251026866,8,US,Mobile
3416,32.78119678180038,6.2441269710390985,0.45638082188825463,3,India,Tablet
3417,44.05393021118049,12.878887744037694,0.5092388407233482,14,UK,Desktop
3418,47.81899773926811,8.580717908979718,0.5361764565044852,5,India,Desktop
3419,22.812005558577678,10.946487313176961,0.6665049398713456,1,UK,Mobile
3420,51.472411434869684,8.139027357749148,0.42285219948762864,19,US,Mobile
3421,29.620648981840112,9.419969980791102,0.4046720505154474,6,Germany,Desktop
3422,37.88346439435319,9.69558938486548,0.7408814254647295,10,Germany,Tablet
3423,35.90369803254577,11.879333949943781,0.6217608088122794,2,US,Tablet
3424,41.63438513394087,6.92723641699994,0.6024887626808468,20,UK,Desktop
3425,15.676150429155403,5.87827853749449,0.434600430914853,10,US,Desktop
3426,12.042032069247963,7.5407243450911885,0.5545458112041257,10,Germany,Tablet
3427,36.513504269983805,7.944816262011855,0.411110404404622,14,Germany,Tablet
3428,35.791134183561276,5.226886385010732,0.5327588517074685,18,UK,Tablet
3429,34.00795947075679,10.197393252023142,0.3812367738631578,11,UK,Mobile
3430,32.208248866938725,9.40210281152822,0.5429669023126243,18,UK,Desktop
3431,34.084309654201505,10.096382168102707,0.3371222054464871,23,Japan,Tablet
3432,28.279634854620614,8.188242311291674,0.6209811464386052,13,India,Tablet
3433,32.82116612942902,7.661259030629848,0.5685305981214106,21,Germany,Mobile
3434,22.177130382038488,9.81093381608214,0.5188254473763293,1,Germany,Tablet
3435,39.566246334137276,2.745058496666257,0.5885237709100982,15,India,Mobile
3436,12.851361080167706,14.678024491301858,0.47865545180594804,2,UK,Mobile
3437,97.79713608331068,11.584002544243877,0.826504781416648,9,India,Desktop
3438,31.76286473450732,5.676133157548911,0.5250171241860104,11,US,Tablet
3439,37.61799586615284,10.639995284837365,0.48452683703769445,9,US,Desktop
3440,5.46362278784126,6.505049752851763,0.47252764658054713,4,US,Mobile
3441,45.69182801799634,10.157175457284874,0.6679033916831107,14,US,Tablet
3442,26.06476837756614,11.200909430727343,0.5264017403727104,10,UK,Mobile
3443,40.08697793743926,12.358957228755248,0.46680751454952624,18,India,Tablet
3444,29.84039254640699,13.697232489719909,0.5241209902292057,14,Germany,Tablet
3445,11.1699447538236,6.877653336777373,0.4741885653985143,18,Japan,Tablet
3446,19.323265943664545,7.4673342946295485,0.6396622164848818,9,Japan,Desktop
3447,27.674113996854874,11.780759276873777,0.47366702809906064,7,UK,Mobile
3448,20.46281420522385,12.758863654615038,0.6365750578418723,4,India,Desktop
3449,29.635752154628317,6.993783036735844,0.4475618493823537,4,Japan,Desktop
3450,27.60064798077046,14.542968526970522,0.48873014152465066,3,Japan,Mobile
3451,34.38837115870167,10.61003439984681,0.4358330242699813,2,Germany,Tablet
3452,45.7717521529334,12.4753895371182,0.42309683992139235,23,US,Mobile
3453,40.83528198234537,5.405446790421879,0.4456212164108425,5,UK,Mobile
3454,28.549585585364625,6.043984435731318,0.6987515464700623,20,Japan,Tablet
3455,37.97579186099567,11.067054516036883,0.44486613847074896,23,Japan,Desktop
3456,37.66177836245342,7.3032985847330805,0.4548595633499953,22,Germany,Tablet
3457,31.318086463255703,14.346572316961915,0.29007784818476157,19,UK,Desktop
3458,44.68610421906985,6.954580807671459,0.5877626811676286,9,Japan,Mobile
3459,37.74036387389145,11.4181574844207,0.4433029333876643,10,India,Desktop
3460,33.91935301219765,11.349754114398138,0.5020608794964442,22,Japan,Mobile
3461,27.961109889805627,13.902696536916418,0.4974651334817819,21,UK,Mobile
3462,39.612608719769035,9.832635022923082,0.4616372413219641,11,Germany,Tablet
3463,37.72286513045264,15.892901379111859,0.3980972520266929,17,US,Mobile
3464,43.315135623096666,13.933917438790683,0.5882120586305822,21,Japan,Desktop
3465,23.395768432846587,11.220487278815284,0.42647749365898824,8,UK,Tablet
3466,33.38994314033205,7.716027570628157,0.4677918639344339,23,India,Desktop
3467,34.70564913742133,11.25113681201283,0.29231668272434236,20,Japan,Mobile
3468,24.230452647163084,12.524011576663089,0.5442654740496389,5,UK,Mobile
3469,22.98524658655931,9.85404994668677,0.37225725624866124,22,Germany,Tablet
3470,22.541365125477828,10.57943891658997,0.3188817723801036,19,Japan,Desktop
3471,32.812823274960266,14.514503188142543,0.49877121805119984,9,UK,Mobile
3472,32.97891820040654,9.715731226783486,0.617874861423389,8,Japan,Desktop
3473,40.38686724535985,10.83255232273491,0.5790115408083094,2,Japan,Desktop
3474,32.535486302179635,8.655476191116511,0.5455927262617555,3,UK,Desktop
3475,19.67815658366262,14.825996601443503,0.48637488353835934,7,UK,Tablet
3476,38.76386276956466,7.851922267878052,0.5618585117319573,1,Germany,Mobile
3477,34.11884809369661,11.909530343527905,0.5049803296203371,15,US,Desktop
3478,21.318480218140643,6.204266730267143,0.5110645751954471,6,US,Tablet
3479,37.396951499699796,9.577211127100018,0.48475259890969563,4,US,Tablet
3480,22.510092238660874,10.21624569579649,0.6803513976256725,20,India,Desktop
3481,19.25163501998629,4.5379208812340615,0.52482823623752,13,US,Desktop
3482,29.849615331955793,11.355740254197976,0.7224121573052958,2,Japan,Desktop
3483,24.4286527452262,8.91645981046989,0.2645596218823343,16,India,Desktop
3484,32.34061990019609,9.99439578966457,0.5199592113470549,19,India,Desktop
3485,34.02026461756106,12.028619575893533,0.4140757583013953,8,Japan,Tablet
3486,38.83812416191387,4.703607889811556,0.5132576214037032,21,Japan,Mobile
3487,35.524587329308616,10.322614364386213,0.6075159966850012,8,Japan,Tablet
3488,32.153062227956696,3.747673924360001,0.5542404185162638,9,Japan,Desktop
3489,29.904918862455965,11.615843206388645,0.2785879703868237,16,India,Desktop
3490,26.95868671969341,9.295235877888022,0.6579969841162979,1,Japan,Mobile
3491,39.834852966481286,9.251539840908436,0.6611812330400223,19,Japan,Mobile
3492,15.223581216564746,14.582263353351525,0.38094370658328436,19,India,Tablet
3493,58.12668006736665,9.99667712425321,0.6053732858050072,8,Japan,Tablet
3494,19.54855794136649,14.831893033644567,0.7213701074134506,3,Japan,Desktop
3495,11.99827122896276,7.630196749508606,0.47247760127944716,16,Germany,Mobile
3496,24.292045007139052,9.340379387921615,0.6863717197391308,7,Japan,Desktop
3497,32.84522441977118,10.244453196993351,0.6091146472337783,0,US,Desktop
3498,29.938950320461778,11.811677485577281,0.4878828125730881,1,UK,Desktop
3499,24.99471170411708,7.936892789444299,0.4235713224939993,19,UK,Mobile
3500,38.31777140506404,15.62024414600818,0.22319350893297524,9,UK,Mobile
3501,39.311797069092556,6.3159352248741865,0.6076076747452314,20,Germany,Desktop
3502,20.338944238643087,10.205824014174869,0.5975067361916742,17,Germany,Desktop
3503,36.15770705488559,13.72717973471406,0.38270754601776563,15,India,Tablet
3504,32.74449366834807,11.930585917440842,0.5508815202039445,2,Germany,Desktop
3505,32.492050420781574,10.905996939443229,0.4322177813850837,18,US,Tablet
3506,30.200496235187998,9.090703616817715,0.686299054051827,14,UK,Mobile
3507,24.35785371670391,9.035886078289275,0.6769765574888026,0,Germany,Desktop
3508,36.52278213600333,11.044640638786797,0.5943596083878795,1,UK,Tablet
3509,29.837753097162334,15.745584130475088,0.4868646412637371,16,India,Desktop
3510,32.95098147115285,9.021527002968789,0.4993892673374054,8,India,Desktop
3511,19.89240046536265,7.589946106798715,0.4315434416085282,8,India,Tablet
3512,26.196722121955965,9.064292474304203,0.5338742762176631,18,UK,Mobile
3513,21.004956827925145,10.933886037089513,0.38483932100119145,11,US,Desktop
3514,42.150387277692715,7.360888352028694,0.601118301951092,14,UK,Desktop
3515,30.72576189542113,12.99268143886563,0.5469163574556443,8,US,Mobile
3516,236.54801811427936,6.694889706466461,1.6316757595582234,7,US,Mobile
3517,53.17260374678585,5.249210536783874,0.6299755335544714,15,India,Desktop
3518,16.959312629230887,9.516866984099746,0.5028638783613694,19,Japan,Desktop
3519,34.135819511206876,9.68999457652564,0.48077625300240073,4,Japan,Mobile
3520,15.16930810375592,10.77444171354374,0.5554007459262305,2,Japan,Desktop
3521,13.082109492934698,12.440526925822928,0.6184849968831042,13,Japan,Desktop
3522,51.21351636026944,8.268544340564624,0.432017803080975,19,Japan,Mobile
3523,31.468687777973585,9.579370336588378,0.5282019351716655,19,Germany,Tablet
3524,18.287950420480623,14.094544268681394,0.4714948990698219,0,India,Mobile
3525,17.944155418491505,12.932996864551791,0.6111893918676988,9,US,Tablet
3526,42.27896796291076,16.533816097003367,0.6170205103033162,14,UK,Mobile
3527,21.6750160657922,11.737760135396789,0.44719512919574395,14,US,Tablet
3528,20.502594464605693,7.988871239378743,0.4400685096921202,4,India,Desktop
3529,35.089846028251294,11.584944639551079,0.4267278761749377,3,India,Desktop
3530,43.59040357219139,9.89353079582322,0.4650214442952148,12,UK,Tablet
3531,15.319339877165639,14.48505793122899,0.5178999551713916,1,Germany,Tablet
3532,33.91688287138463,11.125069635998505,0.6111834462344635,23,UK,Desktop
3533,32.6003074651461,10.329018361455407,0.5055192043718553,19,US,Mobile
3534,146.08419594176104,11.36603887841848,2.1659104905600084,4,India,Desktop
3535,10.314661944835915,10.027692924380778,0.6812427512575785,22,US,Tablet
3536,41.29995528926841,13.701704222303452,0.4945978267277934,21,India,Mobile
3537,31.425113934716872,6.567520955123898,0.4243311475603325,18,Japan,Mobile
3538,13.913332326087989,11.061551344099172,0.43041732773802277,20,Japan,Tablet
3539,41.985190622762104,9.443222486313859,0.5147632265047739,16,US,Tablet
3540,29.515407846532014,8.940269449259503,0.5404578950572109,11,Japan,Desktop
3541,20.47750823116847,10.371530237801188,0.4239766848028012,11,Germany,Mobile
3542,60.79837250503677,11.006527222830378,0.4263608856160899,11,Japan,Tablet
3543,44.26334487036852,9.674062453788444,0.5160845661747063,14,Japan,Tablet
3544,34.476956001398634,11.497349593020319,0.4689206608335283,21,Japan,Tablet
3545,8.265939231807806,13.280574180388866,0.4779573517987625,5,India,Mobile
3546,19.691518042475145,10.54263534893667,0.3914012210532102,3,UK,Mobile
3547,191.833051525986,6.235451762137831,0.8524828038272741,1,Japan,Mobile
3548,32.44315506711343,9.107785760997707,0.6095193094547102,3,Germany,Tablet
3549,31.272657317192362,11.379464950602488,0.6171090359975899,11,UK,Desktop
3550,11.669962662855283,16.379827818844824,0.5754037530772875,20,Germany,Desktop
3551,53.12813122080852,12.411060090183389,0.5205727408392498,15,Japan,Desktop
3552,25.19479687039844,12.721668688212944,0.3381590752189938,8,US,Desktop
3553,34.67783953375331,8.883292911229132,0.3886400468682994,13,US,Desktop
3554,34.30806913334598,14.495241837148754,0.5951620386963348,11,Japan,Desktop
3555,40.042345453949714,12.10046221888788,0.5875900745906021,22,India,Mobile
3556,11.410754999979417,15.633628558466583,0.41584130432449096,21,Japan,Tablet
3557,38.55014486440534,9.868087683771174,0.30294266745925325,16,Germany,Tablet
3558,38.47306285017179,8.38289727530147,0.6666827471993493,23,Japan,Desktop
3559,22.788632559566636,10.192158110972297,0.43425543973029557,22,India,Mobile
3560,17.478088631663724,11.544020275955823,0.25576113183510274,12,Germany,Tablet
3561,23.21259781897837,9.265490634002218,0.4263642381612468,20,India,Tablet
3562,30.012611245238404,13.470237043308003,0.7130381466159422,20,India,Desktop
3563,18.697921143894263,10.243263251530934,0.5327613940663316,17,India,Tablet
3564,29.028169224923694,16.962927095384707,0.43463488725687227,12,India,Tablet
3565,36.40921712112069,9.103738941770478,0.34876498744221907,9,Japan,Tablet
3566,32.63120032699354,2.3835876865990153,0.2990515519065199,0,Japan,Mobile
3567,24.477657422583682,9.145935466005726,0.5574251335913879,17,India,Mobile
3568,38.8114059642876,8.39549621935851,0.696272819205289,2,US,Tablet
3569,25.441676153130885,8.384934277608044,0.49537100875440476,9,UK,Tablet
3570,6.139402424368889,15.970078142717988,0.4986210795385752,4,US,Tablet
3571,29.056820421151187,6.904290641646144,0.47705316926852986,19,Germany,Desktop
3572,31.505133393452443,13.045186550049529,0.4258134199051077,19,US,Desktop
3573,25.30731114263199,10.98030486963326,0.5364738484500923,7,US,Desktop
3574,18.038605450356677,15.201747371592948,0.4891383252174955,16,UK,Desktop
3575,14.502799059381978,9.676412418745091,0.5120358198968136,5,US,Desktop
3576,43.5742590458954,9.76175087557402,0.6148793661508386,10,India,Desktop
3577,39.48491670004968,9.685590978581251,0.5150598840616104,10,Germany,Mobile
3578,13.748536067887528,12.09144455534579,0.4196553760025706,19,Germany,Mobile
3579,22.96593454929788,10.041371926781258,0.48489831618433205,7,UK,Tablet
3580,27.78013937983298,10.56467744942875,0.4841026267819055,8,India,Desktop
3581,247.83742726406734,12.815777552657305,1.2337166360823253,19,Japan,Mobile
3582,38.659875758068054,9.862428955315028,0.44710751650589325,15,UK,Mobile
3583,19.010521587444426,13.09109389262527,0.5609811758288327,21,Germany,Desktop
3584,34.389147395014696,9.05176150484641,0.48923025754146765,18,UK,Tablet
3585,25.434154477518113,12.529332650538851,0.7165731191422682,4,Germany,Tablet
3586,43.45599225074608,11.208203633587853,0.611078904521086,22,India,Tablet
3587,21.032714592126233,10.181004013525742,0.4095068669428739,15,US,Tablet
3588,34.52514515455512,11.30834169646935,0.4471062037346014,4,Japan,Mobile
3589,40.34180977910434,6.919262533251281,0.6057390144217701,0,Japan,Desktop
3590,32.89651407756103,10.604153586508655,0.6115720795766206,16,US,Mobile
3591,32.026430899885725,9.79194520686556,0.48538413548446613,7,UK,Tablet
3592,28.607933804708853,12.384216033115386,0.5580132216533478,5,UK,Tablet
3593,32.86815171744367,7.443800263379177,0.5083279389220543,14,UK,Tablet
3594,26.157571314713067,11.25409438995064,0.35321734945315475,16,Japan,Tablet
3595,47.75058945954047,12.226400995243246,0.23927654683209476,11,UK,Tablet
3596,35.860512877104384,5.259251605418288,0.44127975656974106,1,Germany,Tablet
3597,42.17155683221307,13.130462483910655,0.37961500800050785,3,India,Desktop
3598,34.9893261938271,13.655275926717245,0.370470120720491,21,US,Mobile
3599,33.67643338719479,7.58573320331417,0.5351164311678931,7,UK,Desktop
3600,39.370343633412226,12.665266308013603,0.6048013254661594,8,India,Tablet
3601,35.39665964515407,6.525114377599308,0.3515748810263616,6,US,Mobile
3602,32.81886959377526,9.761872656022303,0.43913069013383316,17,Japan,Tablet
3603,25.429664620693483,17.08261903800952,0.5220002003040527,2,Japan,Tablet
3604,19.50104084591508,9.110293447073422,0.4751710436803711,13,India,Desktop
3605,10.259805533615541,4.106125696175285,0.46473561851359163,11,Japan,Tablet
3606,30.329801121610394,12.349728773224243,0.210379734518977,3,India,Desktop
3607,25.719615839795658,9.459021229023767,0.6365707614961054,11,US,Desktop
3608,35.567531960951605,2.698848937989643,0.5863113957163981,13,Japan,Mobile
3609,34.794346395443405,13.539175205501504,0.3599127490877072,21,US,Mobile
3610,33.98909064104168,12.708250990762524,0.5770674785671451,16,US,Mobile
3611,8.179336501092141,8.958119531477804,0.4913293939675042,21,Japan,Desktop
3612,32.52942527990765,14.575632901344333,0.5537860201440991,12,India,Desktop
3613,39.49292325371891,10.86548603502138,0.4129615299092781,17,India,Mobile
3614,25.910275303487126,10.433304302978158,0.4357488537943133,0,Germany,Tablet
3615,26.288914672588824,1.682400581509242,0.4183460155694525,0,US,Tablet
3616,21.054565485316797,9.538660344855677,0.5103568590091133,11,UK,Mobile
3617,18.705042726409005,13.584927558110941,0.41059013221333973,20,US,Tablet
3618,56.12487994765806,12.018232167232718,0.6643370155019006,16,UK,Tablet
3619,31.51279832058862,8.289427185957512,0.5171917486316534,23,US,Desktop
3620,31.125567175333757,5.254595889051143,0.5795912802411695,13,UK,Mobile
3621,26.82292880021854,9.296111634576748,0.5324826661249766,15,India,Mobile
3622,37.4962106818906,4.800725051896733,0.6255213421991066,7,Japan,Desktop
3623,29.14263557769507,7.667960337904891,0.5417574405904431,1,Japan,Mobile
3624,33.52464588205845,11.56020359514555,0.48162108890856065,4,India,Mobile
3625,28.993655126544965,11.509324280430366,0.6811056386046145,23,Japan,Mobile
3626,34.71620693709728,6.575795572127202,0.49928683838505944,0,Germany,Tablet
3627,23.215727191098303,11.054749130928387,0.6592718132264168,9,UK,Mobile
3628,25.28175940637518,8.904149470613973,0.49128821585122645,23,Japan,Desktop
3629,31.69287570480246,10.369897462979452,0.4817777554754551,12,UK,Desktop
3630,42.21311875766001,13.454399643637622,0.4299053222816268,13,India,Desktop
3631,39.58266495968104,12.941038337144905,0.6135594537093836,8,US,Desktop
3632,35.21539869726021,12.184465134388848,0.5130208686710017,10,Japan,Mobile
3633,23.567266258043986,12.421832021185761,0.5485255507453508,11,Germany,Tablet
3634,26.91169691744362,9.891299892498882,0.6910896888349594,13,India,Tablet
3635,41.89453020879979,8.294082571954053,0.3647409821675338,20,UK,Mobile
3636,31.07537184811983,6.573001777256062,0.4642797900330194,1,Japan,Tablet
3637,52.13429059339924,15.427489153169722,0.5044841121738414,22,Japan,Desktop
3638,20.531815007807396,8.281799686125225,0.5185454907593842,2,UK,Tablet
3639,46.04137751231849,8.335322119722193,0.39661652757268967,17,Germany,Desktop
3640,39.960898138109684,12.853881952417584,0.35342305344601854,22,UK,Desktop
3641,48.00692575057812,6.63883534050088,0.5835082242765727,14,Japan,Desktop
3642,206.9153102031679,12.069890359119503,1.3885295892914102,17,US,Mobile
3643,33.35948112784295,12.251329374123046,0.454836634383086,15,UK,Tablet
3644,30.03022987742655,15.279897814654351,0.6120555005828122,17,UK,Tablet
3645,26.26054107117441,7.7731306330245555,0.6616838078055437,23,Germany,Desktop
3646,30.008230150868023,12.114411376758952,0.5194058293028656,22,India,Tablet
3647,18.538427384524564,1.8650679958169096,0.4551833193845023,22,Japan,Mobile
3648,36.553346098397405,9.860944839941366,0.5030477499598006,22,Japan,Desktop
3649,35.198907843614265,6.753587036658609,0.5215405960808737,18,UK,Mobile
3650,30.982191337835147,4.086160747809374,0.4963002959246938,18,UK,Tablet
3651,45.733350240796234,8.606911549861964,0.5001257897430182,22,India,Desktop
3652,20.376356669593306,9.411346649697474,0.6198391445058876,18,Germany,Mobile
3653,17.000178626608474,4.824183456292383,0.6132022913667302,8,US,Desktop
3654,25.33902525653343,11.28725098661278,0.5121743484070186,9,Japan,Tablet
3655,28.851500201754174,9.728342396334508,0.6402783090834937,22,US,Tablet
3656,22.138527987431484,9.818241168076542,0.4937174691329922,10,Germany,Mobile
3657,36.34528492231434,8.142123769103746,0.5837438562675411,22,Germany,Mobile
3658,21.32356263991408,10.532316672858565,0.7269922182239351,5,Japan,Mobile
3659,26.59790151376609,10.329824287381122,0.6324596653082244,17,Germany,Desktop
3660,36.68253062774817,8.758461478500177,0.4734102929063546,4,Japan,Tablet
3661,24.51139214915201,7.251622216954258,0.5905031180277628,13,Germany,Tablet
3662,31.28918896688947,12.831734998171077,0.4187615079461497,5,India,Mobile
3663,24.04635000292145,10.624057903121795,0.5232143078377742,8,Japan,Mobile
3664,30.027676954456684,12.817209042923484,0.8277754818951772,3,UK,Tablet
3665,17.448303696221455,8.962329560772055,0.7138639759503393,1,UK,Tablet
3666,35.7212194920825,14.048624232159462,0.31607636342596723,8,UK,Desktop
3667,35.98177330461533,14.191841608680662,0.4592530267162243,10,Japan,Tablet
3668,22.71537939657697,8.192087546330043,0.6172468262446309,18,Japan,Desktop
3669,16.60618052215291,15.401359552305738,0.6189448932089376,8,Japan,Mobile
3670,26.0364692739072,13.597115940711085,0.605047503141424,10,US,Mobile
3671,35.59524572460078,12.546168148816257,0.488086381176363,6,UK,Tablet
3672,34.595970881572114,9.280293336143734,0.443521092582176,4,US,Tablet
3673,45.91182186835083,6.6528194089222925,0.5190466050327377,8,US,Desktop
3674,24.767397136103217,15.221108015876744,0.6074205722507802,3,UK,Desktop
3675,35.15005298914774,8.568609204101962,0.4098475484797674,2,UK,Desktop
3676,38.51847193771513,5.759821937705498,0.330957715755131,9,UK,Mobile
3677,38.14837140640954,16.435384847192495,0.6240152839224786,22,Germany,Desktop
3678,34.159321337096834,11.322704590315766,0.5383829624617869,0,UK,Desktop
3679,38.38690468646629,8.01334386335498,0.5285352016404055,10,US,Desktop
3680,24.37093757302775,6.947196745154804,0.5156207631272147,4,Germany,Tablet
3681,23.05065494161626,10.417000666840305,0.4337682998797192,0,UK,Desktop
3682,47.91840240531003,7.8228540777795725,0.4843330673455846,10,Germany,Desktop
3683,42.824697831134614,11.54253978836175,0.5285523950003698,14,Germany,Desktop
3684,27.13369364583035,7.619484436988598,0.48198896702523925,8,Japan,Desktop
3685,23.436627660480156,14.042682382332167,0.43143102705504743,21,Germany,Mobile
3686,24.084506208746667,10.108375123749493,0.606935356053818,11,India,Tablet
3687,16.87658752164241,10.186427319901549,0.5070677695403901,23,UK,Tablet
3688,28.884086647337323,2.190842091875032,0.5817189216581524,23,UK,Desktop
3689,15.636252118060035,10.583095447708667,0.47675841857602075,2,India,Mobile
3690,27.49232827131366,8.797286734340132,0.6296322740036747,9,Japan,Tablet
3691,42.34553615218641,9.287296998966422,0.5440255617394903,8,US,Tablet
3692,45.91490037736538,10.183887909791343,0.4657745525045932,15,Germany,Tablet
3693,30.800268200180906,7.595417788987375,0.3415384553290054,15,Germany,Tablet
3694,33.17963435642657,10.545033724688242,0.49794715773420417,1,US,Desktop
3695,27.949946642700027,10.72912075192736,0.6643749503363986,7,US,Mobile
3696,11.879401931501803,12.142444209897544,0.4981183651882897,17,Japan,Mobile
3697,20.54412749143906,13.615593155186613,0.39126901960317817,6,UK,Desktop
3698,26.128093588437004,9.815626195386217,0.5093430166204832,15,UK,Mobile
3699,16.413083171919787,7.037415347750286,0.5303510743415188,4,US,Tablet
3700,36.43605186071699,6.017981627057354,0.4950813329081594,18,US,Mobile
3701,4.908250011240291,16.222247065673784,0.4510165609767684,18,Japan,Desktop
3702,24.855891268723845,14.953302506025036,0.5135733030250129,9,US,Tablet
3703,18.063934436460354,10.462376002546721,0.476089532916046,19,Japan,Mobile
3704,17.6551038941327,10.544849188787934,0.4554830222102224,19,Japan,Tablet
3705,36.3644609696907,10.3742033048891,0.5691251735893414,4,Japan,Desktop
3706,23.307429724870193,10.80693989225566,0.6809330214139416,6,Germany,Desktop
3707,30.90961468787264,9.988081743133275,0.3833209512593138,12,Japan,Tablet
3708,23.156314713820027,13.67472333531693,0.5218854289122586,10,UK,Tablet
3709,27.89157515380716,6.243071974383312,0.324153569970144,8,Japan,Desktop
3710,19.226062268203314,7.678844667769585,0.5100520454906924,4,India,Tablet
3711,19.3710492503516,6.5334813640970975,0.49879455579012033,3,Germany,Desktop
3712,22.75741327263796,8.529814360619929,0.3965513680671743,5,Germany,Mobile
3713,30.527149565650575,7.804580723352002,0.2998136140385318,22,Germany,Desktop
3714,45.12215354230416,10.356648452205425,0.5779307552746651,2,US,Mobile
3715,27.033334899337287,9.158259566858979,0.44168853870335306,21,UK,Desktop
3716,25.79480099839532,11.003206523380792,0.4973501227515905,20,India,Mobile
3717,37.6341017477936,9.786966332189023,0.5012730756962466,6,Germany,Mobile
3718,27.650322611136424,9.151689138012665,0.4383369654164817,12,Germany,Mobile
3719,26.266944624626813,6.621046963511705,0.5458931388122275,3,Japan,Tablet
3720,33.20478980477052,12.77152714174251,0.4473817077721407,0,UK,Mobile
3721,102.9338546408108,6.615910630061395,2.1631257912122765,18,India,Tablet
3722,16.42324219881958,8.983460478427526,0.6011633649277572,7,India,Mobile
3723,30.7673674613189,15.647107171406756,0.3084869349475585,10,Germany,Tablet
3724,27.706148005950748,10.676618786870044,0.611609416629691,18,UK,Mobile
3725,16.65249462327445,15.414258564839466,0.5337096475967865,4,India,Tablet
3726,28.224480051210595,11.105154816543584,0.33963834995074205,10,Germany,Desktop
3727,44.129158885271366,7.505703874002018,0.4967404346504494,18,US,Tablet
3728,38.47141392039049,12.151724227159654,0.5301805958999325,7,UK,Desktop
3729,33.12003091505727,5.527485261589669,0.6817370942522144,16,US,Tablet
3730,53.14422021871829,13.642661090887694,0.535029207038363,19,Germany,Mobile
3731,17.900010470279497,7.486603041607084,0.423267197509463,21,US,Tablet
3732,22.77685648724316,11.949781796361377,0.3966479246760661,23,UK,Tablet
3733,36.966054232748995,10.39843825510623,0.4520457693647897,22,India,Mobile
3734,24.548550067298027,15.787762669697667,0.4926304125267774,2,India,Tablet
3735,34.4622939550043,9.674648765570767,0.6565758311739324,1,US,Desktop
3736,34.54497100346247,11.833188671392275,0.45973316870545977,22,India,Mobile
3737,26.849764024195494,9.910551702808684,0.44102688825077413,23,Germany,Tablet
3738,17.84164133838513,8.019834542599066,0.46929929887932353,18,India,Desktop
3739,29.310839402944236,6.401959672350223,0.7696402227780383,2,US,Desktop
3740,44.84404321711472,11.37369766294988,0.39239581809751867,15,US,Desktop
3741,38.796628032913866,9.77661832933028,0.4131267079184483,21,Japan,Tablet
3742,32.190775275070116,13.153442008320413,0.49864890014859853,11,India,Desktop
3743,36.28288201251497,13.547975693254697,0.46419710101021294,11,Japan,Tablet
3744,31.572521488175884,7.62513947328311,0.3774924384276104,12,Japan,Mobile
3745,17.76264282523809,10.362151901918624,0.4459304204203811,20,UK,Mobile
3746,44.19811646883605,14.439141985051384,0.43581089607705303,23,US,Desktop
3747,34.78653803464558,11.652453572380093,0.5039368596504346,19,India,Mobile
3748,13.724202404374424,8.603603420748291,0.4476687950479331,23,US,Desktop
3749,12.136569248890115,13.3156670907922,0.475047820373189,1,Germany,Tablet
3750,24.826227797868263,12.041006151776887,0.5733986048082098,10,UK,Tablet
3751,241.33484777262666,10.873290978280476,1.8024835958339507,1,US,Desktop
3752,33.11263264904935,9.903760546684174,0.5071293748457176,6,UK,Mobile
3753,38.18113652238493,12.7550647605637,0.48474781458072985,10,Germany,Tablet
3754,16.92677896401598,14.184621073898764,0.6247028141765413,15,Japan,Mobile
3755,31.67069088972842,9.446836677864937,0.47558700134250753,4,Germany,Mobile
3756,30.495316384342697,9.034607842230193,0.46877905904287415,0,UK,Mobile
3757,16.470253498593618,10.781411882611373,0.45577124620575044,1,India,Desktop
3758,21.449945685500808,7.7842215375871175,0.5428496244864018,11,UK,Desktop
3759,34.013087554497204,6.98203154321323,0.3017026560492443,5,Germany,Desktop
3760,13.883101117743724,7.389678392469616,0.40843030652965406,8,Japan,Tablet
3761,34.11098110874289,5.567982041737144,0.6479567051094077,22,India,Desktop
3762,53.29820777749367,8.817801500985112,0.37439697607699307,17,Germany,Tablet
3763,26.883700576973705,10.99616683832338,0.4157802323245161,8,India,Desktop
3764,32.02719072688401,8.479060328606458,0.6215552830027704,4,Japan,Tablet
3765,35.73184725726943,12.271658879090348,0.5896135034402996,19,Japan,Tablet
3766,37.08986542508738,9.594290304323822,0.5201652193028246,2,Germany,Tablet
3767,31.180314449796345,8.303544982583889,0.6289675278738629,14,India,Mobile
3768,31.110312792163267,12.698855298866732,0.5690615182786185,3,India,Desktop
3769,31.346766282135533,14.072655632531909,0.512005841613903,14,Japan,Tablet
3770,33.7690523102894,7.793610741054264,0.3667753553055946,13,US,Tablet
3771,32.38575789511793,7.559491177158152,0.4150384302415138,8,Japan,Tablet
3772,28.503425515485368,10.314702505194937,0.6909994715205735,11,UK,Mobile
3773,34.197833990878294,10.616745983002504,0.542895914068818,6,UK,Mobile
3774,25.926025563136445,7.523346733344208,0.5124618899035084,8,UK,Tablet
3775,53.77764060992375,6.037510302654278,0.48393144073314176,10,Japan,Tablet
3776,17.165494642930696,11.779429881752371,0.4463400993867218,22,Germany,Tablet
3777,17.152780939501397,16.7774402332521,0.40617357163252843,8,US,Desktop
3778,51.18079318453351,9.154991210459862,0.5185155915262903,17,UK,Tablet
3779,13.267962640436217,5.392238920568362,0.4403333863056417,5,Germany,Desktop
3780,30.81001787559903,10.142076581849501,0.46200816754860596,12,UK,Desktop
3781,55.89847163385936,12.74739139631384,0.42803360784743794,9,India,Mobile
3782,25.175913527118176,10.395582974011624,0.5221670839465276,7,Germany,Tablet
3783,22.464883960059723,7.616509451020185,0.5578640476416825,10,India,Mobile
3784,12.836328578246835,9.767732846356633,0.3880655643136131,2,India,Mobile
3785,35.07201713146538,10.077864980046579,0.31992380330749665,0,UK,Desktop
3786,23.476311214807577,8.046302934631775,0.6463909815195746,4,US,Tablet
3787,7.560055595273578,11.916329263874339,0.44815387305025534,22,UK,Tablet
3788,36.629988051254564,7.915399788064821,0.5244886559446581,5,Germany,Desktop
3789,38.48882069226002,12.22495045796123,0.45797075929506975,19,US,Tablet
3790,40.708369651651566,5.303128490588006,0.665105147863781,16,Japan,Tablet
3791,27.336329746702525,7.346439857700763,0.41699392576819017,20,India,Tablet
3792,28.065220258080124,5.11619768111013,0.5436412357889264,6,India,Desktop
3793,28.59974854498928,8.441451746397851,0.6311992323199744,8,India,Tablet
3794,32.141406910736386,11.694833832620317,0.4138841647790522,15,India,Tablet
3795,37.652545554048615,3.4400618144958024,0.5612155989380146,7,Japan,Mobile
3796,41.252613761001754,9.205738835477103,0.5797598461273785,21,Germany,Tablet
3797,26.77904950771579,8.778527166945489,0.4636236701707854,14,Japan,Tablet
3798,120.29747387804883,5.592192971068119,2.093277863883272,3,Germany,Mobile
3799,17.02598752071362,8.739740335484436,0.5461981540775998,2,UK,Tablet
3800,12.31211775086351,11.35584218450686,0.5703042458552542,11,UK,Desktop
3801,14.973598426724116,11.12276072065376,0.2276932204185747,23,India,Tablet
3802,27.832582030964602,12.172986912207127,0.2644024950317557,5,UK,Desktop
3803,25.418800461430756,6.528372747483209,0.44932738388928367,6,Japan,Tablet
3804,27.528473337830825,8.027395149215415,0.34927515228324024,20,Japan,Mobile
3805,12.231206871736667,5.517582868983526,0.44434887521738653,1,US,Tablet
3806,22.72987802885001,6.3515359469721995,0.5864656882345687,21,UK,Desktop
3807,20.159888838252385,11.696933723506008,0.6481865468374006,15,Germany,Tablet
3808,19.95919589629878,10.070364576993473,0.4118814640276626,11,Germany,Mobile
3809,30.670146338193852,4.6823396350824344,0.4020537620203162,16,US,Mobile
3810,22.367792937965763,7.6181362782299615,0.5199942977099926,7,UK,Tablet
3811,11.479123253898099,8.868849237613087,0.550864161753639,1,India,Desktop
3812,29.329670125692175,10.01081190830014,0.500811412703528,21,US,Tablet
3813,14.328253112571232,12.309076343143065,0.5657338874936548,17,India,Tablet
3814,29.882447413306718,8.285096363375951,0.5388157509729045,15,UK,Mobile
3815,-0.4218518702332794,14.101101337438529,0.4966573264657575,22,US,Desktop
3816,35.26675365400746,11.562402779337525,0.28352658179169143,9,Germany,Mobile
3817,40.16411608199728,10.759318040950506,0.5333377006418895,22,US,Desktop
3818,20.890570476538926,6.212539128418423,0.5517823926936121,8,Japan,Tablet
3819,35.51224308742849,9.276025013557188,0.47100321271206597,9,India,Mobile
3820,24.249374191690112,12.164549359928916,0.5680561661785567,12,Japan,Mobile
3821,23.29066983560874,10.043258855426625,0.48480255103320513,0,India,Desktop
3822,28.865614679477634,11.786248235685232,0.5327544768700472,12,US,Tablet
3823,9.065949841739759,11.865540924182687,0.6484597765015483,11,India,Tablet
3824,33.827267799139285,8.550508886613011,0.3225719937294914,3,Germany,Tablet
3825,31.75351865027338,6.364327126397109,0.5754019538652807,6,US,Desktop
3826,24.634911738175404,10.616986021364033,0.4888635501103817,0,US,Tablet
3827,41.32954891372328,13.379881271086582,0.4072490567974245,16,UK,Tablet
3828,31.261323817679312,10.83358224428401,0.4271544462899999,8,UK,Desktop
3829,40.811743523863626,14.645451456250107,0.5594134154406594,20,Japan,Desktop
3830,31.19732828833414,9.569179531004574,0.41030266457296916,16,UK,Mobile
3831,15.403271085195097,15.667480495552091,0.4082407708536505,0,India,Desktop
3832,23.185749383640587,13.154623500050599,0.5757799698099655,12,US,Desktop
3833,41.20905823117466,5.098879546152622,0.4896798385389748,15,UK,Tablet
3834,27.58015458184581,9.478771385893557,0.5050544486858723,23,UK,Tablet
3835,36.464690921740946,6.367199835129653,0.46838709353100627,6,Japan,Desktop
3836,29.033356345758907,13.020364863730045,0.5108363067710269,16,India,Mobile
3837,30.65297550950447,10.690020625994856,0.5815824641471903,5,Germany,Tablet
3838,31.625747020750804,13.792179614092689,0.4025240357430353,1,Japan,Desktop
3839,39.65153917092483,11.163598665733256,0.30679909565320596,14,Japan,Mobile
3840,37.07094068097281,9.768004061893697,0.3817244390850971,16,UK,Mobile
3841,7.382129893211928,7.286063007863925,0.5013815266955992,14,Japan,Mobile
3842,17.520306420944397,8.605473772897879,0.3445045308252219,14,Japan,Desktop
3843,14.736406088960475,11.141044221098719,0.4060087936676507,3,India,Desktop
3844,20.637062579086667,10.65714069520627,0.4497837344285504,17,India,Desktop
3845,54.03496553363591,8.248040909295943,0.4844251137886555,12,Germany,Tablet
3846,37.611625411405086,6.013958543897019,0.28584449625060965,16,India,Desktop
3847,24.694796227919408,5.931432849857037,0.7237268988555043,22,Japan,Tablet
3848,32.46707777797946,14.501472955241603,0.5153388720675736,2,US,Desktop
3849,32.92970599730894,7.719579035840743,0.4140153857113588,11,Japan,Desktop
3850,43.63676445566639,11.626726377830988,0.4981537837514108,22,US,Tablet
3851,27.093898837767014,9.812081820791324,0.3970217407243216,0,India,Desktop
3852,30.057764556840198,14.019007723929455,0.5017426684600202,13,Germany,Mobile
3853,28.670509227393165,6.985065305553631,0.45335391643860773,12,Germany,Desktop
3854,12.353389098483312,8.45050132633883,0.4535734757382236,1,US,Mobile
3855,27.880255169113155,9.942996549908672,0.6042939369448619,20,India,Tablet
3856,42.35588525469143,7.402199141326438,0.5545816856939951,18,US,Tablet
3857,39.28311365963546,11.901161286315586,0.517972071421429,0,US,Desktop
3858,41.82310075699501,4.904256788948141,0.6583178271041651,3,Japan,Tablet
3859,170.04056001226107,13.119368202066614,1.5213834759413658,1,Germany,Mobile
3860,29.25342474706922,13.118743732544267,0.5751552205680747,19,India,Mobile
3861,22.266461552512574,8.652777244311922,0.47912708057082487,22,US,Desktop
3862,49.012246157311864,9.102393629117172,0.6084513220618761,1,Japan,Tablet
3863,31.13827651321433,11.511580913865313,0.4309507202364169,18,UK,Desktop
3864,26.140487633928274,4.666436735806823,0.5923843097047584,5,India,Desktop
3865,20.236856824298773,10.31129617204902,0.38340585034190566,7,Germany,Mobile
3866,42.94169371094801,7.677699333618371,0.4568304615970725,3,Japan,Mobile
3867,14.284269194479535,13.510351212348386,0.39870270425450555,3,Japan,Desktop
3868,33.251210858419114,7.420066340815984,0.7135629751793912,0,Germany,Mobile
3869,28.214686153638237,14.94029661408361,0.6649247247327109,21,UK,Tablet
3870,46.570975976056445,10.09848055790462,0.5792173461825584,1,India,Mobile
3871,30.09114491256071,9.946041006024762,0.3827161340335006,8,UK,Tablet
3872,15.15852554968361,13.315699560982544,0.4090900876570436,13,US,Desktop
3873,42.58300685566561,7.759474240780367,0.4417669044212423,1,Japan,Desktop
3874,43.63061340821052,13.715558574978772,0.6623361042796376,17,US,Desktop
3875,32.10351583874387,11.676312431220909,0.464883718383415,13,Japan,Desktop
3876,27.214780572618288,9.696411589327546,0.4648013661043867,6,US,Tablet
3877,35.69580352742292,12.580045764825364,0.5500373715076821,5,UK,Desktop
3878,27.20472334804978,11.001666256068086,0.6247817362332406,0,US,Tablet
3879,21.788175275239883,8.232798173644314,0.3884678378157834,1,Germany,Mobile
3880,20.948438574067104,6.372239614170187,0.5132351739613702,18,Japan,Mobile
3881,40.18003731885754,6.907735319731146,0.6151947816798713,22,US,Mobile
3882,42.29912497850768,11.227915728856392,0.27517323194034327,12,India,Tablet
3883,25.82180593474885,12.835699919540767,0.4469435979336931,11,India,Desktop
3884,34.38634256290748,7.372322095971914,0.5280059463618736,22,Japan,Mobile
3885,36.21881986220016,11.806725495982207,0.5547240330342852,19,UK,Mobile
3886,32.99582919560508,5.13049943126182,0.44807751264387324,9,India,Desktop
3887,23.39057516378972,9.098910361062067,0.3674559405706477,8,Japan,Desktop
3888,33.828918384812724,7.159052540336867,0.4786133675198869,14,Germany,Tablet
3889,37.39187476224246,10.83017658530162,0.4923517241586608,21,India,Tablet
3890,29.782505856750205,9.472276914469395,0.46118270888442137,4,Germany,Mobile
3891,15.23868193408916,9.678420162104642,0.2848905432936111,12,Japan,Tablet
3892,38.25761366382456,9.487138552381548,0.46818274525975356,15,US,Desktop
3893,32.708701086158314,6.998282958607318,0.3069580363266373,9,Japan,Mobile
3894,27.36745902220839,9.396593144116991,0.4960678374019841,1,India,Desktop
3895,26.183101210847322,9.998330198274422,0.5039463546618801,9,US,Tablet
3896,30.70590470829581,10.571202521892337,0.6735995693153345,9,US,Tablet
3897,18.83650721025922,10.102586977435255,0.42111513744900286,7,Japan,Desktop
3898,12.38254174511001,11.165905128618395,0.5289033872882272,13,India,Tablet
3899,17.81931297825118,9.67028392826345,0.4637984228878558,0,US,Desktop
3900,23.72600330500849,12.65583459870455,0.5343900462585675,15,Germany,Desktop
3901,27.32242939153635,7.814211847281516,0.33367189945884623,16,Germany,Tablet
3902,27.492742297464275,5.4616260554561595,0.3412988229239906,20,India,Tablet
3903,18.216019548630488,11.831283985428884,0.4017418697817738,3,Japan,Mobile
3904,37.80341167007829,6.989427208537455,0.520001463247296,15,UK,Desktop
3905,35.98988657200012,10.797577463283172,0.37812717083532876,6,US,Tablet
3906,25.646193753920837,5.277285419876848,0.515280148066203,11,Germany,Tablet
3907,30.357296413821505,2.8501404588075063,0.5837964949965233,7,US,Mobile
3908,10.88399278302813,9.152480396937511,0.44784637721330367,21,India,Desktop
3909,1.52669423198137,9.581856667209658,0.6943538651545031,5,Japan,Desktop
3910,24.267701180127638,6.8784789013541685,0.48036917325619344,1,Germany,Desktop
3911,25.15124387047399,6.870664686624764,0.39371535013722103,21,India,Tablet
3912,39.07088817800579,12.960223771500486,0.48991414248696,21,Japan,Desktop
3913,41.20590690367815,8.152892404319243,0.4246884987047524,8,Japan,Mobile
3914,19.2174169795086,10.337545324996304,0.7911181959576838,4,Germany,Tablet
3915,11.58147834394044,9.29951227182696,0.47004719654874116,13,Germany,Desktop
3916,20.69803440903576,9.020381785369594,0.5394963838867545,23,UK,Tablet
3917,30.488679355207733,12.271242417359083,0.5269285331940341,15,Japan,Desktop
3918,20.46638177041092,9.77316691221844,0.6229382905243511,8,Germany,Mobile
3919,44.54470674519965,12.698496885432192,0.53117202228878,8,Japan,Desktop
3920,32.359558028536824,6.565341053903164,0.503873959824608,21,India,Mobile
3921,41.49895933197584,11.320231990474523,0.42426735936851173,12,Japan,Desktop
3922,14.988380359872814,9.206724328115657,0.4735090464871877,20,Japan,Tablet
3923,12.657902042186336,8.303742642258873,0.5466803487661112,2,UK,Desktop
3924,16.855280728952344,9.814490369226151,0.5274714623093896,6,India,Tablet
3925,9.308978990509328,13.703870711968332,0.5154419001289633,14,Germany,Desktop
3926,33.751446607814,11.164096168539942,0.5475626802896654,13,US,Tablet
3927,26.752037756372214,9.078950221580321,0.5645925944970073,4,Germany,Tablet
3928,46.3415664751073,11.313213480906875,0.5873508656449956,10,UK,Tablet
3929,36.503798828336436,6.053664863597538,0.49614283179885316,4,Japan,Desktop
3930,33.522127374440046,9.089874397312682,0.32687696517523646,0,India,Desktop
3931,29.27392067016918,13.10551400486511,0.38940887281127673,8,UK,Desktop
3932,13.067974006070973,13.979940341000315,0.5569049738653448,11,Japan,Desktop
3933,38.15347145492195,3.617383086806191,0.6633486252817745,9,Germany,Mobile
3934,18.114565225797726,9.702539867026545,0.5635820204084188,15,US,Tablet
3935,26.923011747588482,11.084262624496285,0.4907615914776981,14,India,Mobile
3936,43.27577439779304,11.767343812013781,0.4574774163226028,23,Germany,Tablet
3937,31.50217210543641,9.974372271570447,0.5983039867870116,14,UK,Mobile
3938,33.48511964165743,8.896519946552491,0.47054223777461707,20,UK,Tablet
3939,218.90105050694277,12.990946768836269,2.0541286458886674,7,UK,Mobile
3940,120.60895820805575,13.069754789468238,1.3357847362771822,1,US,Tablet
3941,31.474387668820075,12.792242202670561,0.5420156580697297,11,Japan,Desktop
3942,41.230065338143014,10.935253226551707,0.44253961569832917,11,India,Tablet
3943,24.206310225034308,9.782668278753073,0.5929353661912768,4,India,Tablet
3944,29.359247908117833,6.415387419374868,0.42453863057987085,12,Japan,Mobile
3945,35.781447330391295,9.677454061076986,0.5492201229485917,20,UK,Desktop
3946,36.9496103790313,10.381214660483698,0.6561916759892197,17,UK,Tablet
3947,19.798914279960698,14.404423138120544,0.5825085082397028,8,Germany,Desktop
3948,18.98674281515473,13.876768135844742,0.4440269915732086,7,US,Desktop
3949,20.709468232212895,10.495111212429432,0.6605620320190891,21,India,Desktop
3950,19.330750866403744,8.103043677349628,0.6154046502451153,2,UK,Desktop
3951,24.74147585774185,11.332558420887054,0.5872652551006605,23,Germany,Tablet
3952,44.2502513696874,9.189634989621025,0.6481039399235862,11,Japan,Tablet
3953,14.057781413325774,8.273957852076126,0.5708315336763325,10,Germany,Mobile
3954,36.65584636994545,9.743535790961317,0.5949919463293263,18,Germany,Desktop
3955,38.56699790113493,13.298757358575894,0.5078956667740301,12,Germany,Desktop
3956,38.01106632632535,14.394057949312016,0.37761312189666946,22,US,Tablet
3957,30.410658478965548,7.456871462328074,0.5528553662374864,2,US,Mobile
3958,97.96293121968482,10.069767977855458,2.097047981399644,21,US,Mobile
3959,32.45143750593832,3.0636262952380395,0.4083445543148555,10,US,Mobile
3960,41.714236319662625,6.971695126730556,0.5976282726129797,19,US,Mobile
3961,26.911517467827707,7.584171162474359,0.5996542928273827,16,Japan,Mobile
3962,30.33369237992612,12.234669123271397,0.6452303668873022,21,India,Desktop
3963,32.966114864935896,9.893402241363138,0.533146533620765,9,Japan,Mobile
3964,22.125979665217162,8.1658201984466,0.6038838911149444,19,US,Desktop
3965,12.238946858468392,12.423375050335425,0.2571558308270997,5,India,Tablet
3966,32.74716286222404,9.523779472132597,0.3751310185496812,22,UK,Desktop
3967,34.960289097623956,19.713488806847455,0.3909973125523859,19,Japan,Mobile
3968,38.06898552605183,13.785883682024654,0.5434981482590591,14,UK,Desktop
3969,36.64292316291228,9.586550676031063,0.5299296452812379,23,US,Desktop
3970,22.13285613814247,10.993146419182283,0.41036869743423265,4,India,Tablet
3971,43.09928298376912,10.024527458037092,0.630918761937619,23,UK,Mobile
3972,30.483460965263923,10.864625783401241,0.617460942555907,18,Japan,Tablet
3973,28.55754879379589,12.888975157711577,0.4484978138202722,9,UK,Mobile
3974,17.42017656906501,8.90286675347422,0.5436383517461276,22,Japan,Tablet
3975,36.2647491991597,10.334210461060943,0.6077326441800869,0,India,Desktop
3976,33.27834868013227,12.338480861893032,0.5750327754528122,6,Japan,Mobile
3977,36.4442262425849,10.993310454301637,0.5296743326572806,17,Germany,Tablet
3978,26.48756956396219,12.782583996383014,0.4169025381094698,21,Germany,Desktop
3979,46.87624448165157,11.7834594366973,0.600678316874755,4,Japan,Tablet
3980,35.848398819106784,13.48696050195919,0.3518992344079366,19,Germany,Desktop
3981,37.329856441108326,8.653485336246389,0.349052646390382,4,US,Desktop
3982,12.116387600540271,14.467330807155353,0.4274632557585593,3,UK,Tablet
3983,27.225241808816197,14.600736392533229,0.3816832302103781,9,India,Tablet
3984,36.417460078028725,6.6000369969222366,0.34985437529645336,8,UK,Mobile
3985,4.304981224192915,11.33162333331967,0.4913604039000814,9,India,Mobile
3986,17.05906179184963,9.772244513905179,0.40414596501438704,17,UK,Mobile
3987,21.396936955540223,10.85518681495533,0.5408147431700351,1,US,Tablet
3988,42.85159427441756,17.632653271759395,0.5160629792361804,20,Japan,Tablet
3989,37.09196794501734,6.553372466327802,0.4286858514118913,8,US,Desktop
3990,14.678560073695223,5.110749709424984,0.5472498696369404,10,Japan,Desktop
3991,26.545286701306892,11.196689992293539,0.4549919745930744,10,India,Tablet
3992,37.06716713692649,5.517630074612423,0.454018258109102,3,India,Tablet
3993,35.27632031057775,9.850773968570936,0.5581123155500771,23,India,Tablet
3994,13.860831804890449,2.092499201574898,0.31968904213513805,16,Germany,Tablet
3995,29.063586588696175,8.425422142801736,0.44276968609809647,6,Germany,Mobile
3996,28.89310250667555,6.68855936310044,0.39006154218025707,2,Japan,Tablet
3997,27.275778474870535,12.508339692895868,0.5368068399582098,11,Japan,Mobile
3998,53.7680526431389,12.32956843887605,0.3238580570101751,19,US,Desktop
3999,20.506739077335915,9.380121871561553,0.5154188417642391,9,US,Tablet
4000,239.16693911884286,5.5333979171461625,2.552265118678482,0,Japan,Tablet
4001,34.675561818775684,10.682553063615426,0.578060530925479,9,US,Tablet
4002,26.027696103221874,15.993171300284713,0.3691775413438563,5,US,Desktop
4003,40.40817678374036,8.299029524247382,0.5733781256887054,1,US,Mobile
4004,23.48257935393462,8.791647642357953,0.3172555929099107,3,US,Desktop
4005,33.36344119480059,10.147658612650703,0.5762857583008367,9,Germany,Desktop
4006,26.760535677491077,10.335475751319901,0.5557169280425488,2,Japan,Desktop
4007,20.094425228818324,10.539883278761701,0.4896749925733871,2,Germany,Tablet
4008,30.97372707696955,10.760445046604953,0.6274303749760325,13,Germany,Mobile
4009,102.41766162317619,6.226115383842254,2.134698200794624,15,US,Tablet
4010,38.86280793602123,8.690517939024588,0.4267209819665792,16,Germany,Mobile
4011,17.960100162826024,8.271133781831965,0.6454016106704722,4,US,Mobile
4012,46.20252149460735,13.664815458953491,0.32056497623790514,5,US,Desktop
4013,17.940744906447073,11.716531502096196,0.4447185964103532,13,India,Desktop
4014,31.624798124832463,12.233341930969974,0.7041094912649748,2,UK,Tablet
4015,41.316085691122964,9.41761240986111,0.6522392780897744,15,India,Desktop
4016,38.03673661735885,7.657377650918399,0.5853308488660706,12,Japan,Tablet
4017,41.60504190235837,8.64003155132005,0.5411157024647545,11,US,Mobile
4018,34.92059057885699,13.06695010009232,0.4776369915999666,20,US,Mobile
4019,20.868011808184534,6.9180980214426,0.5409087148887688,10,US,Mobile
4020,16.619105934832664,7.844822173192324,0.5761553295930822,4,Japan,Tablet
4021,30.399394786720215,17.300701000629072,0.5643966177503968,17,India,Desktop
4022,31.725075058563952,10.906417126940198,0.5702332147247486,17,India,Tablet
4023,33.381718271944344,12.313615962314191,0.4665284026336756,4,US,Mobile
4024,23.151854024028612,15.039220459356287,0.5455493431529315,4,Germany,Desktop
4025,24.76673590492272,10.250000131854655,0.6697769858301736,4,US,Desktop
4026,32.03655336847717,9.443838685447368,0.5090090693010196,15,US,Desktop
4027,38.97778276245058,6.500452856132071,0.30958648354199286,2,India,Tablet
4028,32.41991669614437,10.38496530033667,0.5206263211018751,7,UK,Tablet
4029,17.47170446787372,0.8101364354030984,0.6787675199006303,18,US,Mobile
4030,44.81974975681017,13.812428717058534,0.5483232159256414,14,US,Desktop
4031,12.402216449272881,6.081018975976918,0.5376344501488406,13,UK,Desktop
4032,189.2794169013298,5.602708215214043,2.193374719554816,1,US,Mobile
4033,117.39445646474817,8.591064704928833,0.9408639058890966,2,UK,Tablet
4034,7.463973941677562,11.563257599576954,0.4623314904220496,5,Japan,Mobile
4035,21.95218083113183,6.991101011090272,0.5394493740372235,0,Japan,Desktop
4036,21.34658521309318,9.007678356882591,0.5687741637701897,17,Japan,Desktop
4037,24.29519422413276,9.667580086747272,0.5491967209462049,10,India,Mobile
4038,33.08214625133524,12.005027273140325,0.3588357003089826,10,Japan,Mobile
4039,35.943930776310125,8.402156972978412,0.4696631915567151,20,Japan,Mobile
4040,32.02793664920858,11.137822358907489,0.37553793130311874,6,India,Desktop
4041,145.33985136795985,14.951374709860499,1.9134766842272461,14,India,Tablet
4042,26.526458093638443,3.5889991711434206,0.46984803249793156,13,Germany,Mobile
4043,32.79613248988901,9.218387643047414,0.40534804180688694,12,Germany,Tablet
4044,27.663272698289678,9.812136258719562,0.5902973473613842,4,Germany,Tablet
4045,30.12825555752654,5.82198072871799,0.5170629954292776,5,Japan,Desktop
4046,42.78390001912765,14.793626900267782,0.6251114064064144,7,Japan,Mobile
4047,18.735146544482923,8.354028104058552,0.32478686032028414,5,Japan,Desktop
4048,40.247444850938905,8.144246785594124,0.4904908496212905,7,India,Desktop
4049,27.510013274244702,14.154862052371907,0.45925078315960177,7,India,Desktop
4050,40.952142393019415,13.233006987475964,0.5051441839542901,16,Germany,Mobile
4051,41.612028941859236,17.553632212900055,0.7832629908897055,11,UK,Tablet
4052,32.850342042092606,12.20430032054123,0.42954115883641886,2,Japan,Mobile
4053,19.34336361472599,11.553379226296608,0.6512986583097754,1,US,Desktop
4054,16.11673409602015,10.196200645978964,0.4883801159948502,9,Germany,Mobile
4055,25.551125697127603,8.21726693418838,0.6142957664074161,9,US,Tablet
4056,44.15648944788177,8.272028811920507,0.38494674080142677,23,Japan,Mobile
4057,40.474109053613546,8.700623738205548,0.4976378823397649,14,India,Desktop
4058,32.21352227969177,10.555109206527929,0.5830758108922867,2,Germany,Mobile
4059,32.70244481741998,12.419326854752313,0.5272929953037696,13,Germany,Tablet
4060,33.74058535899683,6.021677291823376,0.3841296722295889,19,India,Desktop
4061,41.918387177380865,9.898417434056068,0.46910104451055745,17,US,Mobile
4062,24.30744002342174,12.009105105956955,0.668045281462122,16,India,Mobile
4063,33.71574440848306,12.495882262774508,0.4172018212080453,11,UK,Mobile
4064,37.24405781977621,14.84285199912457,0.41445055495427396,7,Germany,Tablet
4065,11.420685059620372,12.629614291149036,0.4389363022368993,22,Germany,Mobile
4066,26.864448494215758,11.956493174435462,0.44353927858857817,5,US,Desktop
4067,49.70572802357906,6.484694242412991,0.4878084363400301,7,Germany,Tablet
4068,31.735892361337843,12.976800709879491,0.46394202520391103,19,UK,Tablet
4069,16.71387481249875,13.025808824464068,0.3461483402177582,17,Germany,Desktop
4070,37.05192513292833,11.694473310145803,0.4668451289593071,8,India,Tablet
4071,21.140720676896926,6.218740590698468,0.6610709643372095,22,UK,Mobile
4072,24.168107811729406,11.178435735361079,0.33917364463342403,10,Germany,Tablet
4073,65.61800265840753,8.656251543447203,2.500912933119424,3,India,Desktop
4074,36.21161772976147,10.528124363404972,0.6064961733112744,23,India,Mobile
4075,32.67808188227068,13.039357028209398,0.3781828327402343,8,India,Desktop
4076,36.56678741571997,8.228548926917188,0.5115435400184903,1,UK,Desktop
4077,28.155394802395183,8.619366186744603,0.3563082869219338,1,US,Tablet
4078,25.316364558810196,14.039042133886154,0.5322231611125628,21,Germany,Mobile
4079,34.88885087652497,12.823688041137611,0.4747561165356617,22,Japan,Desktop
4080,13.32459796181572,9.466618372926446,0.4494543388785418,5,US,Desktop
4081,22.273905360321393,14.167403866602049,0.5226869969783197,11,US,Desktop
4082,41.798775909568946,14.063005474532083,0.496570613515763,21,India,Desktop
4083,43.61202798829798,16.517947399826916,0.6723996933703007,12,Japan,Tablet
4084,23.892117664307406,11.325063471995673,0.5480141207286228,8,UK,Mobile
4085,26.945250157397872,7.711741909386095,0.5050901447095891,19,India,Tablet
4086,33.26657795829692,9.332413396540211,0.4224462273047725,0,India,Mobile
4087,48.13136191041622,6.047488477195904,0.39394701591727227,12,India,Mobile
4088,48.50263073982238,12.660607533858496,0.35452383766124085,2,UK,Desktop
4089,28.681088689304907,10.286881384730043,0.433643268233421,20,US,Desktop
4090,17.681500340589054,5.113161273387984,0.48826479024031666,21,India,Desktop
4091,20.412080310697952,7.103918678417532,0.5951904041182803,19,India,Mobile
4092,258.2457793263702,11.179758680436638,1.5056037065609469,6,UK,Mobile
4093,30.51330491710019,9.768589689850838,0.44697476434672234,22,US,Desktop
4094,29.578334370595066,12.479880122389467,0.37145742203807786,16,Japan,Desktop
4095,32.804724111293616,7.019046639255604,0.47333056110362776,2,UK,Tablet
4096,22.35358384755548,8.219789152528781,0.5432454692946332,2,US,Tablet
4097,25.87710925680129,12.037680837526938,0.4197109543894265,20,Japan,Tablet
4098,125.62225833741515,10.315384351335489,1.2707455432393766,12,UK,Mobile
4099,10.933604397044586,9.398991292476303,0.44484250233938394,4,India,Mobile
4100,22.094740124540806,6.676693185495212,0.6174848065940213,19,Germany,Desktop
4101,43.02949369854514,6.228945233783509,0.5197225332064521,10,Japan,Tablet
4102,26.668411904412302,10.711104388007785,0.5749499473624009,23,India,Desktop
4103,19.701504334210217,11.315056498171812,0.44642754196876894,8,US,Tablet
4104,23.736304863883348,9.850706779432555,0.542666708097554,17,US,Tablet
4105,16.26757011672762,10.363077718542131,0.5340776294574643,21,Japan,Tablet
4106,15.715238390918138,11.999883492657563,0.3633251637328595,6,Japan,Tablet
4107,41.748684970040976,7.773323591041107,0.6847548222200187,1,US,Tablet
4108,44.28206901452242,8.507789573656181,0.3674010025756784,18,Germany,Mobile
4109,24.656181233110804,9.689792717379525,0.4978532804879527,21,India,Tablet
4110,154.64409060037462,4.0049875774385635,1.1645686508034228,9,Germany,Tablet
4111,57.40288718352561,12.58206523556505,0.45113892730007055,16,Germany,Tablet
4112,34.034285847898616,9.0881881438989,0.38661969661581286,0,Japan,Desktop
4113,34.40532349841525,10.81010201287636,0.5618735997150696,23,US,Desktop
4114,27.114233509587365,16.628543136973644,0.5305147090069373,3,UK,Mobile
4115,22.932452189361832,11.247105255090556,0.4917221447963908,5,UK,Tablet
4116,25.72049290650319,9.26463389305983,0.4326558431074023,0,US,Tablet
4117,38.901456298124266,14.08241555405461,0.6760958491497409,13,India,Tablet
4118,25.059003700756435,11.354072581495503,0.41401150273362647,6,India,Tablet
4119,29.394899265639097,10.106128929899677,0.5429295227731786,16,US,Mobile
4120,28.610078935501605,12.035574053848094,0.5927262422530359,0,Germany,Mobile
4121,50.92066450139232,7.142130646293143,0.3972535772843906,6,India,Tablet
4122,34.675380140734916,7.905880046100208,0.6519963801895847,12,Japan,Desktop
4123,42.170044000246335,13.756811467986688,0.4616546839122163,22,Japan,Tablet
4124,20.991883247862113,10.497850978096006,0.5531206454507439,9,US,Mobile
4125,19.208528466629616,13.90168642968898,0.5789806180481675,6,US,Mobile
4126,52.71712959301437,15.294044293471242,0.39725406715009803,21,India,Desktop
4127,36.766021326730346,12.705968029267227,0.595509183610655,18,UK,Tablet
4128,31.463918457548708,8.944000460607356,0.5474293567739654,15,India,Mobile
4129,31.969911426628837,8.224967267421016,0.5952260085063479,1,India,Mobile
4130,13.361137263808228,12.399519018366927,0.3825229144034549,23,US,Tablet
4131,31.71353830992564,13.078092587263644,0.3549550503162289,13,UK,Desktop
4132,34.4188238402258,12.77264797445968,0.7300171397357033,7,UK,Tablet
4133,26.29715984257151,8.401688480192997,0.3516918551075656,6,UK,Tablet
4134,23.057677792483354,11.291417272455021,0.4069513865970081,12,Germany,Tablet
4135,26.535346571394633,13.856416834002271,0.527316840301402,6,Japan,Mobile
4136,31.149858650073817,7.338299165091469,0.4794333346622507,4,India,Tablet
4137,39.388947930481294,6.804446795083297,0.47896127906376224,1,India,Desktop
4138,21.066073011458997,8.329946336949316,0.4349114498711568,20,Japan,Mobile
4139,34.710105536291806,7.29282478987043,0.4474765179015759,4,Japan,Desktop
4140,27.16436172596446,10.092738213156325,0.4630223488204734,17,US,Desktop
4141,34.57144945751324,8.29030722907224,0.5037358590228785,4,Japan,Mobile
4142,49.00575551638567,11.268383688018252,0.7061786238369716,22,India,Mobile
4143,30.49986772755567,8.82955587515461,0.49976125062758625,2,Japan,Tablet
4144,23.84937425508489,9.329402869038464,0.4851919568391132,2,US,Tablet
4145,13.892976332818524,11.729496919117727,0.6480606747360376,15,US,Mobile
4146,29.47899621811775,7.416840475738219,0.4243727288308589,8,Japan,Mobile
4147,38.21570596501297,13.132313835685704,0.5064615644048117,1,Japan,Desktop
4148,8.27007568673595,5.527972668809073,0.3681888031020961,17,India,Mobile
4149,37.5593941107148,14.149688164490058,0.6867484687423349,16,US,Desktop
4150,22.467489256423715,11.406664217166085,0.5113916173154479,5,Germany,Desktop
4151,25.233463120436333,9.159278455845808,0.46051408850506176,2,India,Desktop
4152,25.898308450702125,8.654333353750495,0.4632671713776648,17,US,Desktop
4153,46.512894987559015,10.14051106883334,0.6082548941500686,12,India,Desktop
4154,29.51315011141963,13.640089928087644,0.5428175019705558,17,Germany,Desktop
4155,15.695611278257545,12.84977822491689,0.6110541449515708,14,UK,Tablet
4156,31.033571061281368,8.31415033390735,0.5328392369714561,4,UK,Tablet
4157,30.769662821963827,15.503748552917852,0.24907776462457948,8,US,Mobile
4158,28.835542692066696,10.32467803407092,0.5101757794421617,13,India,Desktop
4159,37.84585539475077,13.05871068898939,0.41904212282412934,12,India,Tablet
4160,20.92130004601451,12.069283801067566,0.46093865241029736,16,UK,Mobile
4161,25.42683779586626,9.427160457858024,0.4489337722579396,0,Germany,Tablet
4162,32.63023461158084,8.283946554705215,0.30661015742080694,18,US,Tablet
4163,15.340398850605634,11.575940613284619,0.30546523811511284,12,Germany,Tablet
4164,40.628769299693154,11.246096529216544,0.34595927672233295,21,UK,Tablet
4165,13.769295574597436,13.275619486598112,0.40453909748275,18,Japan,Desktop
4166,125.82475331435217,9.041523049850158,2.4532673596336902,9,Germany,Desktop
4167,58.7888883784479,11.242797329640556,0.6804407755339372,5,UK,Mobile
4168,44.91366501891501,11.970944650412008,0.5407290033244911,16,India,Tablet
4169,40.7534045060917,9.550498014001711,0.47119408042934474,2,US,Tablet
4170,25.16346254883104,17.750634929199354,0.5734223543917292,5,US,Tablet
4171,45.144034650151184,11.901802111455781,0.32020403638640965,9,India,Desktop
4172,36.25646381157001,8.62850574063025,0.36650580891636764,15,UK,Desktop
4173,30.42169046990671,10.481695876669113,0.40443185825864736,19,Germany,Tablet
4174,160.31227636180304,7.693461669636666,2.0001027421272215,6,India,Tablet
4175,20.890327705449465,11.784904022640543,0.4259026275924728,16,India,Tablet
4176,43.107225535111375,8.792741737529477,0.5559896221416945,8,Germany,Desktop
4177,29.231711938847653,12.071914893778715,0.5366436423925993,21,US,Mobile
4178,37.920482035462086,10.305563252175935,0.6135732452559051,12,India,Tablet
4179,29.257950197455575,9.059035632201555,0.4139325962522929,1,Germany,Desktop
4180,37.28541661769547,6.994596205904093,0.5725317078803188,7,Germany,Desktop
4181,22.627651187428693,12.263178426406187,0.67486920390413,4,India,Desktop
4182,30.919096348160416,8.857897248622521,0.38354735507471044,13,India,Desktop
4183,22.433352767782484,7.636837979126005,0.5038991508051698,18,Japan,Mobile
4184,30.562281721956126,11.568075414259587,0.6585499100142681,8,Japan,Desktop
4185,27.594057903815372,14.852331114388923,0.6240836546786859,4,Japan,Desktop
4186,36.23636158658016,13.967810594243126,0.2511122587978266,8,US,Desktop
4187,32.47126908353702,9.337304082197518,0.5151478651049433,10,US,Desktop
4188,13.596919961360925,7.356829430692688,0.49050625493706895,9,Germany,Tablet
4189,43.17850793061729,10.18137238526314,0.5584731770949327,3,Germany,Tablet
4190,15.6220663456261,11.356296825535024,0.6775964700266072,10,India,Mobile
4191,42.60861608321047,4.838468944171634,0.5002064938393768,9,US,Mobile
4192,36.53027132174307,7.485477244132005,0.7379254011735246,0,US,Mobile
4193,31.151511933548175,13.833012584148982,0.7317935233277776,15,US,Desktop
4194,26.384856754271883,8.852505455219292,0.38353585910308197,10,Japan,Mobile
4195,22.529671184136724,11.89701110102304,0.4520782441308575,0,India,Tablet
4196,48.88799465167689,15.214836860263386,0.42010246964322573,14,Japan,Mobile
4197,8.68040654190855,14.660061606904714,0.7458971623606026,5,Japan,Desktop
4198,29.744405395148696,10.156432322778478,0.5230322478469601,17,US,Tablet
4199,27.959752190325318,5.390649423824634,0.6569944529881215,10,Germany,Tablet
4200,17.318894552418136,8.184206968314275,0.3728361300239386,5,Japan,Tablet
4201,26.574362479211445,6.841502606145049,0.44770441980853837,0,Japan,Tablet
4202,33.30347180594349,8.428111981225001,0.39745924930791854,10,Germany,Mobile
4203,21.570188432955202,7.5890279918019,0.4550290272243602,16,Germany,Mobile
4204,36.077767546336446,14.576793250198534,0.524315637495079,19,Japan,Tablet
4205,24.23836906728922,12.240818242567563,0.5360936919430199,0,Japan,Mobile
4206,11.072306427001564,7.258592967299821,0.47944955402788275,17,Japan,Desktop
4207,16.6562789801019,11.579725465048146,0.41865397817138317,5,Germany,Desktop
4208,23.317303120282787,12.464690761532163,0.4923321126846245,9,India,Mobile
4209,22.118035934156318,8.504709050064308,0.33966347811815145,8,Japan,Mobile
4210,25.418439258316162,15.234984157019426,0.4803726537371857,6,India,Mobile
4211,28.415713596054875,5.061727425493281,0.5671375930570245,0,US,Tablet
4212,27.141053610450424,9.116561602796617,0.4497567898867437,18,UK,Mobile
4213,13.39504063599081,10.681986533401023,0.5397742552710414,11,UK,Mobile
4214,32.1192646658076,8.535967122525838,0.42285180059424765,17,Germany,Tablet
4215,12.883418713855637,14.295546418088295,0.36315091130577826,14,Japan,Tablet
4216,27.814865606606222,12.81258890433997,0.4811243132274379,6,Germany,Desktop
4217,24.721863765851854,4.263638984980318,0.5465078772324594,16,Germany,Mobile
4218,46.223876771065584,11.96491112019936,0.5341337921032387,3,US,Desktop
4219,25.842854289765903,8.908048710077331,0.5089426566566722,3,UK,Desktop
4220,30.726158318836774,13.038852023840324,0.5066156974733169,19,Japan,Desktop
4221,18.404130206915188,9.99775946362055,0.3965248557749084,12,India,Tablet
4222,32.8988802702785,12.37904797581829,0.5590075942480742,15,Germany,Tablet
4223,32.19956170473333,9.196737156266027,0.29859765781557557,11,UK,Desktop
4224,38.568185860885464,12.567483569199867,0.5113299483769718,4,Japan,Desktop
4225,34.797838678705126,8.45410377928405,0.42323212698066676,21,Japan,Mobile
4226,29.83233470477285,13.737057711168784,0.6761983884632182,3,UK,Tablet
4227,38.70574675641093,9.198869572654306,0.6034824571127368,21,Germany,Mobile
4228,89.82433665843976,10.447637844729984,1.3976321819530488,17,UK,Tablet
4229,27.764994906462707,9.234444455659574,0.6887985046118474,19,UK,Desktop
4230,41.42453940691579,8.878418618827707,0.37469635092497217,17,UK,Desktop
4231,34.103062321813056,10.628931781094987,0.530269753817154,11,Japan,Desktop
4232,40.38869423018049,9.636891783281218,0.4775296000488116,5,UK,Tablet
4233,43.46806334133771,10.131747452729766,0.4955614335236281,2,India,Desktop
4234,33.78827525185017,13.484806647040827,0.45504079581093493,11,Germany,Mobile
4235,13.675225456974392,11.978465434196298,0.19976813647288966,19,India,Mobile
4236,22.83484150353311,9.396248098650721,0.6797920705641212,4,UK,Tablet
4237,25.235258801074394,7.819155966454273,0.6705749640887608,5,US,Mobile
4238,11.5285761889957,10.30573975718963,0.7078579771604739,13,US,Desktop
4239,17.57904300648337,8.907001362096898,0.502349859917429,14,Germany,Mobile
4240,23.102149081506326,2.833624564000994,0.392436421396424,3,Germany,Desktop
4241,15.39153793032285,13.748988106334437,0.4755992498609114,1,Japan,Tablet
4242,18.096807925226614,4.619883769128592,0.3270935203625005,8,India,Tablet
4243,14.697046748436232,10.793731547838973,0.5127408240876637,13,India,Mobile
4244,5.755310971772786,4.540712826798168,0.6214624511782141,19,Germany,Tablet
4245,23.05370342899238,15.198760875204087,0.5079827348064053,7,Germany,Mobile
4246,40.569959414170015,8.475702690733959,0.5378078733572915,9,US,Desktop
4247,34.591118227168245,4.362924155069828,0.36619971973289445,2,US,Mobile
4248,40.58537881012864,10.72852916633664,0.40443876177057375,22,Germany,Tablet
4249,34.60790818510958,9.367076460436223,0.30252750702433145,7,UK,Tablet
4250,20.459145511679175,13.593724646165043,0.4331028748344446,5,UK,Desktop
4251,29.618415685823,9.72792952711533,0.5006786750280086,14,Germany,Mobile
4252,40.95951409067784,12.614701911700312,0.4980164386015136,0,US,Mobile
4253,19.29195187668371,13.629268330510772,0.6491951001848237,18,US,Desktop
4254,22.238831956207157,13.003399878085037,0.5909144972934295,0,US,Desktop
4255,43.87563973932171,5.170408320983989,0.46412266915526357,8,US,Tablet
4256,44.42098223542103,9.236831492020197,0.5202968038264629,18,Japan,Mobile
4257,41.62877965979735,9.070913465781054,0.5484165363293257,3,India,Desktop
4258,30.340548838127848,14.057258152800344,0.4617805776350228,23,Germany,Desktop
4259,159.53247615485736,11.964733497974436,2.04053567679668,13,Germany,Mobile
4260,46.88494193822267,7.538845040830971,0.5305830422548333,17,Germany,Desktop
4261,34.18809622018742,11.060377812350419,0.6221364871321917,15,Japan,Mobile
4262,37.207676768225966,7.764972378121962,0.35221016307342456,4,UK,Mobile
4263,27.407416552891085,5.309660999434955,0.3452142306379633,11,Germany,Desktop
4264,9.943844278900578,9.373939145444787,0.6257567759177985,7,Germany,Tablet
4265,30.24069250138157,7.389689234544251,0.3201931440603467,15,Germany,Desktop
4266,18.714845220693523,5.744919259208783,0.4813299443143346,1,UK,Mobile
4267,36.402273130656596,6.810659930965973,0.583516382278368,0,India,Tablet
4268,46.00512655424938,10.378194644782718,0.5887958081384521,6,UK,Desktop
4269,39.28295789082412,16.27257126999672,0.4999903229346922,22,India,Desktop
4270,27.52729853970112,9.437176043957955,0.576398181743345,6,US,Mobile
4271,47.087757631209094,14.604737240454487,0.4664798993650792,12,Germany,Tablet
4272,36.01964082335931,14.10795220725505,0.5024843469421564,0,UK,Tablet
4273,28.717970905291725,9.886131590566603,0.48511422271813903,3,India,Mobile
4274,365.7567585044101,7.285061157252748,1.3520094118142583,5,Japan,Mobile
4275,21.528860856659758,9.059465276726257,0.30584552656164204,20,Japan,Mobile
4276,32.839968116455516,13.262468807192388,0.6148553058003785,7,India,Mobile
4277,44.67629546687125,10.830238499369194,0.4824359824662444,1,Germany,Tablet
4278,31.972648442410588,12.924006266704133,0.5504612276698253,4,Germany,Desktop
4279,37.992602112458364,4.669671278316448,0.549913963356399,20,UK,Mobile
4280,24.98421506501107,13.394036865709598,0.5034639011830975,19,UK,Tablet
4281,37.88694605845126,3.519829248774938,0.3372589954195543,12,US,Desktop
4282,23.260037002463033,8.811301365108143,0.6171907451005927,10,Japan,Mobile
4283,11.717785281842957,3.9591952376209187,0.5676114858878204,11,UK,Desktop
4284,18.573148352658087,11.659011379610382,0.23114389704518107,1,India,Tablet
4285,21.482918401790293,9.910346533074929,0.4902829847415517,0,US,Desktop
4286,37.32454286793794,9.343501783922074,0.44016137869408645,2,US,Mobile
4287,35.32168915727297,8.422945443189363,0.521625252436306,2,Japan,Desktop
4288,44.91215163312383,9.489995096151677,0.48491338124209865,13,Japan,Mobile
4289,37.94889515200907,6.084457911502701,0.5408597239665373,13,Japan,Desktop
4290,37.61214746673484,13.66516064147212,0.36079372247528996,22,UK,Desktop
4291,15.466844209264304,5.648003658477091,0.5065011497343892,16,India,Tablet
4292,21.657773508475742,9.378532642969736,0.46346129533598573,9,Japan,Desktop
4293,36.670906440693535,6.763515018713523,0.3840544406290186,2,US,Tablet
4294,34.84386161546751,10.894195148494,0.44616819951048203,4,Japan,Tablet
4295,24.085711580281465,15.422952451614975,0.6778360466440778,1,US,Mobile
4296,31.69963723424219,8.942937851416255,0.45839143183735953,10,Germany,Tablet
4297,21.044004526894653,6.146219374314242,0.3974928163178923,6,Japan,Mobile
4298,30.346668271624214,6.598398058531037,0.672402368373036,12,Japan,Mobile
4299,45.11390957999586,10.27511278576983,0.44133988569572447,3,Germany,Tablet
4300,24.36034696801101,9.039114294799422,0.546132242374654,15,India,Mobile
4301,25.987714143030356,10.129442092750404,0.6991291491198132,16,UK,Mobile
4302,37.9564620234658,8.596736361712978,0.45607666035476524,13,Germany,Mobile
4303,25.076994051054083,9.434129166718392,0.684349922776513,23,Germany,Tablet
4304,9.918551550688246,13.38792382235077,0.5408515078172514,19,Japan,Desktop
4305,20.68714062107297,7.139094664959007,0.46119618862098555,21,UK,Mobile
4306,30.601511487001982,14.571622962330608,0.41615089674928407,3,India,Desktop
4307,29.212995029567207,8.619757412949733,0.4750873377447148,18,UK,Desktop
4308,22.60308857941223,17.08811676184119,0.5705984212856868,23,Germany,Mobile
4309,44.646872359412185,6.174164859624327,0.420735111493998,1,Japan,Tablet
4310,26.511249005340385,7.956994392610449,0.5217595731984908,4,Japan,Mobile
4311,30.013766002997066,6.896683462659052,0.4666645093841143,10,Japan,Mobile
4312,40.78336063656672,14.41740627748975,0.5002733871039876,16,India,Desktop
4313,25.659491682142093,9.97699395798393,0.5599023038924703,23,US,Mobile
4314,22.831996429100247,11.957735477479769,0.6169696832368061,23,India,Mobile
4315,33.48531397251589,13.871609358405811,0.5166733667564258,4,Japan,Desktop
4316,25.445092102371916,14.79159071978376,0.524597418410892,19,Japan,Tablet
4317,28.602745051357765,11.640259434424003,0.18957512120958275,21,US,Tablet
4318,23.333500379514064,10.203543218214246,0.5759467447111735,3,Japan,Desktop
4319,33.64985456182368,11.615044999444374,0.5606147178036907,8,UK,Mobile
4320,33.82761740210562,2.9836756973130747,0.34710686252818834,13,Japan,Tablet
4321,23.050537909566167,7.944888116133039,0.34217435750184344,15,UK,Desktop
4322,29.860014709008812,6.375576994735747,0.6828373879461509,12,Japan,Mobile
4323,37.52226200458821,7.749932374278869,0.4517576845036423,8,India,Tablet
4324,21.40716034651791,8.44797766796397,0.49633318357968376,2,Japan,Mobile
4325,16.239257073382493,11.28592897141634,0.5457728410979421,23,Japan,Mobile
4326,32.7136879337832,3.8811523813296382,0.64614467425295,3,US,Desktop
4327,24.17305229502709,9.573699845271515,0.5574613619779367,14,UK,Mobile
4328,28.153734596903803,14.502738776493166,0.4772159260807388,23,UK,Mobile
4329,24.642907320575183,12.601341093068271,0.5954156036020464,6,Germany,Tablet
4330,20.895608124248508,7.221150741808053,0.4085497581769171,15,Germany,Mobile
4331,45.89031162442353,7.682312864499554,0.400704752190404,22,US,Desktop
4332,16.795672943765034,6.9936041046257476,0.6182690684233705,7,Germany,Mobile
4333,50.63156456223733,12.1911715324154,0.6785466194915633,4,Japan,Tablet
4334,22.460045656291683,9.295904754253801,0.5354995910152435,20,UK,Mobile
4335,35.64443414874971,9.09842842616613,0.36839317991873044,22,Japan,Tablet
4336,22.18644063285995,10.560758374948682,0.6093081705739675,6,Japan,Desktop
4337,10.270453686826276,17.78124542649593,0.2923416321612535,6,UK,Mobile
4338,14.112745516032525,5.906240454485485,0.5716012919163248,14,India,Tablet
4339,24.900248913246063,11.260149162372475,0.6058786303970265,16,Germany,Mobile
4340,22.52681205943208,12.060151990352395,0.4406682699210995,1,Japan,Mobile
4341,27.836332106567347,10.23225089513346,0.4552454651412005,19,India,Mobile
4342,12.339510389667637,7.896492746734376,0.39960126101576576,18,India,Desktop
4343,13.22658482455892,9.715857992696,0.5335568936093833,6,US,Desktop
4344,8.547079594777145,8.232582852380283,0.47925332423376377,16,India,Desktop
4345,42.64538877818935,7.884447859516992,0.5554291304901594,0,India,Mobile
4346,21.63174176643035,4.4632212454564435,0.5018920580078167,7,Germany,Desktop
4347,47.19782349332047,10.703974722218028,0.41305948573614526,20,India,Tablet
4348,29.52773054670396,14.613250165962649,0.4887584807775126,20,Japan,Desktop
4349,39.170326520623775,9.979722882965389,0.5232886828491753,7,Germany,Mobile
4350,25.450603846180897,13.03170671875787,0.4064899297604137,13,US,Desktop
4351,45.067915862044345,7.899312927722139,0.33758891471178654,6,Germany,Desktop
4352,20.19299599536256,5.576991694231923,0.42293036291282593,1,Japan,Tablet
4353,31.556221072877303,6.803785150790795,0.4899849341661593,11,US,Desktop
4354,22.410066445020995,9.780984470509825,0.4488099132834772,4,US,Tablet
4355,188.47321490194614,10.070015147226579,2.938710347954498,2,Germany,Desktop
4356,32.26705537179894,12.14180121895326,0.5729728302325872,1,Japan,Mobile
4357,40.94206307391214,6.3249047961113325,0.5821199916572022,3,Germany,Tablet
4358,31.600646455603755,9.717222247609183,0.3726586021940876,2,Japan,Mobile
4359,39.27144770157793,12.147221078271302,0.6087278521512581,5,India,Desktop
4360,25.369559106316444,6.090437155290703,0.46806458191790684,12,India,Mobile
4361,21.816222184827062,6.334875393997205,0.6299138977340225,23,India,Desktop
4362,36.590071140255226,7.857270109530371,0.6267423791276652,22,Germany,Mobile
4363,42.28643763660776,12.156758036416125,0.5531694094319708,23,UK,Tablet
4364,31.595310823802105,9.900483482582038,0.48683028562162745,9,Japan,Mobile
4365,16.662911314779745,9.860702739943186,0.3968870091380913,8,UK,Tablet
4366,21.83456150072361,12.711136519596227,0.6172890996129151,12,US,Tablet
4367,12.424663401945836,7.138259827622136,0.4722988960312816,8,UK,Tablet
4368,16.31099404727629,12.266827850639697,0.4409401307694379,8,India,Mobile
4369,0.33998781390462085,6.388059731770844,0.5040410830746054,0,Japan,Desktop
4370,47.181918315926026,6.62880289101791,0.5279819944085645,22,Germany,Desktop
4371,8.122447599796931,12.862319256826822,0.7195024125721893,13,Japan,Mobile
4372,25.29529113595447,11.297308542547253,0.562340896974779,1,UK,Mobile
4373,8.707972321915346,12.913015368528324,0.4799254195697112,18,India,Tablet
4374,17.21116515596323,12.16422660182997,0.424591875871365,10,UK,Tablet
4375,20.003751668574633,10.057888594611203,0.5349395779217418,12,UK,Tablet
4376,40.66739522232016,5.535616692316168,0.40409863416710107,2,US,Tablet
4377,147.33119067569743,10.305640492234108,2.1090700778152947,15,Japan,Tablet
4378,28.588956689920888,14.26346022349398,0.3991436932259435,17,UK,Desktop
4379,44.92480799020803,11.271023169101339,0.30758030315634005,12,US,Tablet
4380,31.466253945601697,8.366142769878167,0.35019119258098497,14,US,Tablet
4381,24.513290010063788,8.806541868671943,0.46138385464445864,15,India,Mobile
4382,36.13142893472043,15.075980311557867,0.44045065047771276,10,Germany,Tablet
4383,22.961762175599468,11.654134117648011,0.5079185920652638,13,Japan,Mobile
4384,42.61694637848913,10.089466634290385,0.5590746738139426,23,Japan,Desktop
4385,25.39541192139302,8.081745679245328,0.32803071440428555,12,Germany,Tablet
4386,9.486378999183952,8.024109599637677,0.5491222372226121,20,Japan,Mobile
4387,16.41148719483938,9.943385292035929,0.3545225195728806,23,US,Tablet
4388,36.06463834705941,6.061232503292927,0.47959878825805885,17,Germany,Mobile
4389,23.081703075304702,6.974782113489508,0.5510504160592966,2,Japan,Desktop
4390,23.729635109881695,9.817210954237904,0.2845954028910501,21,Germany,Tablet
4391,49.789660609459055,13.075744222218777,0.6026487372561844,20,UK,Tablet
4392,129.16797467941873,11.264622438137653,2.831174525862411,11,UK,Tablet
4393,32.124208576629265,6.7233214926327305,0.5293816491435799,16,US,Tablet
4394,37.54445287355006,10.468924199368349,0.48696823232195086,22,Germany,Tablet
4395,28.56863335081428,9.712427113435005,0.4657857620200704,23,US,Tablet
4396,39.30824417812306,7.823227364926372,0.5073303269311955,10,India,Desktop
4397,23.74037466004833,12.36610374225506,0.5379397262041055,2,UK,Mobile
4398,32.093340414244906,6.881525457362377,0.4422368698755076,14,US,Tablet
4399,23.864557489122994,6.505079795557927,0.4603170349861775,11,Japan,Tablet
4400,177.12883738348995,7.441544320792877,2.23809706130228,10,Germany,Desktop
4401,35.38787362535822,9.907443992952555,0.5162922664425896,12,Germany,Tablet
4402,3.4752231887317997,11.313069975797896,0.5645584843377165,12,UK,Mobile
4403,37.409987134242684,9.267062797859058,0.4390913352575585,6,Japan,Mobile
4404,95.79849171172864,8.23344315617872,1.8396338583264058,17,Germany,Mobile
4405,28.345986350353005,6.453262312370364,0.4205308557943119,20,Germany,Mobile
4406,27.5195838893346,11.079119662750827,0.5152670705106026,0,US,Mobile
4407,29.4330852395441,13.650815241901356,0.49652325857762336,21,India,Mobile
4408,30.650058898156896,14.844030983874802,0.5090168543280117,9,India,Tablet
4409,25.386933167182967,8.651396096599045,0.47446006706780147,18,Japan,Tablet
4410,26.033287250741346,10.148956595372388,0.4995047618478813,19,Japan,Mobile
4411,38.40259087512575,13.407883572140523,0.6456904053448342,10,Japan,Desktop
4412,19.725016220596917,5.990384498160797,0.5915641208963389,7,Japan,Tablet
4413,32.51245801693637,11.027355041647157,0.5284836368939964,11,Japan,Tablet
4414,23.877612512956738,5.317127719990754,0.3497065662108162,22,Germany,Tablet
4415,38.374210433814206,12.866573763403537,0.46901950617877125,3,Japan,Mobile
4416,33.827203721212975,10.00532896599344,0.48725565169838253,8,Germany,Mobile
4417,21.631855423689217,10.568378838838004,0.44889304928085083,23,UK,Mobile
4418,30.359290257900092,7.7650675846765616,0.5525863311562436,11,UK,Tablet
4419,25.110034863947988,12.17718253737221,0.6804262825222456,21,US,Desktop
4420,2.705030521513553,7.733702032163105,0.6030186883760444,3,US,Desktop
4421,20.33029719369111,10.006089578255569,0.2995971851157747,8,India,Tablet
4422,31.12614025326815,6.749290723832809,0.47996497639856883,21,UK,Tablet
4423,25.270314404615576,7.699375093648883,0.3328807763076244,1,UK,Tablet
4424,12.687942021449452,11.401389435296576,0.4836294815308665,23,US,Desktop
4425,25.561114678096004,12.354056201842155,0.313379952227529,1,US,Mobile
4426,19.562834329422163,11.344584955864413,0.3731114140124479,18,India,Tablet
4427,17.501416070618518,8.24273082509174,0.5215715811313152,3,UK,Desktop
4428,33.702637524747416,11.799033127486094,0.5339405531381174,23,Germany,Tablet
4429,16.57891563507423,2.9641614303799164,0.49216571169310935,8,Japan,Tablet
4430,32.2259672077971,4.401722037264302,0.6653811674712922,6,UK,Mobile
4431,29.318119801671013,6.540077180824263,0.4534540593258137,13,India,Desktop
4432,25.373285970185883,12.842669270785896,0.3515127422938445,2,UK,Tablet
4433,14.282052990759581,16.19054385904237,0.3927353147492403,4,UK,Desktop
4434,30.69538007182912,8.033158741756743,0.4666066148634597,11,US,Mobile
4435,25.220198333022076,10.77893340830894,0.4795230947283249,12,UK,Tablet
4436,30.69210877400448,9.30732244415638,0.5228412568971568,15,UK,Desktop
4437,30.902381965138595,7.400143289130021,0.48178694283235823,20,Japan,Desktop
4438,24.631318121076504,9.794478084424991,0.553512753788755,4,Japan,Tablet
4439,38.7716108872075,10.425381097813938,0.6499434240612059,15,Japan,Desktop
4440,32.46631679586836,8.903738428744079,0.5886726280197603,18,UK,Tablet
4441,53.05114658040748,4.845988066406672,0.516287882104506,1,India,Mobile
4442,27.894748540923228,12.870492607677107,0.5784999255699684,8,UK,Tablet
4443,17.631457382414027,11.578099620138183,0.5169254491870475,5,India,Tablet
4444,31.821673077086952,6.962483667222413,0.4282623457133544,9,Germany,Desktop
4445,18.090240763556878,13.442087778135065,0.5782717209764995,13,Japan,Desktop
4446,49.53883246326433,15.327307180327505,0.3865509539317964,15,UK,Desktop
4447,20.950476196887053,4.337910312457729,0.42246649215335713,15,Germany,Tablet
4448,19.517141403871705,12.757820995735033,0.5787403110540262,8,UK,Desktop
4449,21.08097821891799,9.689989190458737,0.4551902741939316,13,India,Desktop
4450,29.744337112655653,8.837369852579021,0.5564286995594229,7,Japan,Desktop
4451,41.28802680595855,6.034463809185503,0.5431140460460859,15,UK,Desktop
4452,27.579012505559025,7.573154787909645,0.44753973344880416,16,Germany,Desktop
4453,14.730756156203256,8.27808005796179,0.516934165282166,13,US,Mobile
4454,28.211433092132363,9.538652074993163,0.5036342204558134,16,Germany,Desktop
4455,24.693137465091347,7.054256874684288,0.49228790074492046,23,India,Mobile
4456,20.449142556491832,15.160558214312072,0.42553307578274846,1,India,Desktop
4457,57.741277895717644,10.387597517968148,0.4836556811906044,8,India,Tablet
4458,20.22019177863185,7.189764375210499,0.5485440001469984,21,India,Tablet
4459,138.3866895547831,15.834276675682673,1.1590367719782455,9,US,Tablet
4460,40.26655286882604,17.31969800362964,0.34509494773792915,0,US,Mobile
4461,6.197233628602699,7.184992882898483,0.490610966839247,17,India,Desktop
4462,21.393494743311642,13.299466196746916,0.31640234567509345,1,Japan,Mobile
4463,42.60305229685525,15.978624425426705,0.47886844096570436,3,India,Desktop
4464,16.06313858911392,4.038806487724008,0.6200684564375615,18,India,Tablet
4465,19.28130185122501,9.175980787104352,0.5918478202545729,20,India,Tablet
4466,21.491946128515917,11.579492918214395,0.5606395326165696,5,UK,Desktop
4467,33.86671687554548,11.381507099170499,0.5251875835032231,23,UK,Tablet
4468,40.61494599252103,11.474898639131514,0.5893711727921014,20,UK,Desktop
4469,20.491644907822042,7.77737868925024,0.4462634802631158,20,India,Desktop
4470,47.99905307224879,4.757349714673205,0.37652742902370384,7,UK,Tablet
4471,16.93607631343375,8.333295256995868,0.4065943786806617,1,India,Tablet
4472,25.614107935023807,5.732801875262567,0.4119479247006504,12,US,Tablet
4473,20.52814423287206,14.300374536959382,0.6231965292773343,2,UK,Desktop
4474,30.182150726086796,13.295388370375791,0.37965018469270556,19,India,Mobile
4475,25.912103599097225,5.129247963803877,0.3372723459139198,12,Germany,Desktop
4476,19.974286707294564,12.27557267844752,0.4934331416933334,8,Japan,Tablet
4477,27.035447510900877,6.457374695907017,0.6119571984906925,0,US,Tablet
4478,27.052377184035294,11.70821716025488,0.514997370656406,13,UK,Desktop
4479,19.309955689085335,8.044458794015144,0.5476409895641442,6,Japan,Desktop
4480,26.430840048300215,10.8058830714828,0.7525060636692966,13,Japan,Desktop
4481,40.60241364454212,11.068958844550991,0.17640366619496695,22,UK,Mobile
4482,41.107738217732106,8.313299839611858,0.7206613300311391,2,Japan,Desktop
4483,45.07377502688856,9.73160152848029,0.6130931264306042,18,Japan,Desktop
4484,38.11619884142619,14.584304189532794,0.4339979176063774,1,Japan,Tablet
4485,18.763878980390245,8.172606618928038,0.2940076373969124,14,India,Tablet
4486,27.07842709237663,9.480869048538953,0.3702939717995797,15,Germany,Mobile
4487,33.97690278899804,14.771786708558853,0.5479589493830458,6,India,Tablet
4488,15.27160679463396,10.827280296458687,0.4211136369982953,14,Japan,Mobile
4489,36.73817399208453,12.434912069361246,0.5357497917373181,1,India,Mobile
4490,29.016752694339168,11.764751376513406,0.6249881870657645,19,UK,Mobile
4491,38.80214117588842,13.713492814630616,0.532898133199082,22,UK,Mobile
4492,42.842346328336745,11.357054070000357,0.8195125249820548,21,India,Desktop
4493,42.961200951117846,8.37578588627235,0.4563334729811638,1,UK,Mobile
4494,22.879023152865436,11.30960733133889,0.5149341586884949,11,Germany,Tablet
4495,33.280926439027084,8.709553099926499,0.44996054557814014,22,Germany,Desktop
4496,26.359202255104304,16.58324364332306,0.32907123504187663,7,UK,Desktop
4497,34.65329540548889,10.721167162918013,0.4703695693587049,13,US,Desktop
4498,20.645558144370696,7.143503611581773,0.6889780301503603,13,Japan,Tablet
4499,37.20120155321674,7.929991508148613,0.4080320525227824,13,Germany,Desktop
4500,43.98690754640642,6.375092706778794,0.3899461408744107,8,US,Mobile
4501,142.14960753667032,14.093605422840248,1.2761639463843577,22,India,Desktop
4502,27.892657570588813,9.201318901528735,0.7385981207612743,7,Germany,Mobile
4503,32.03445656176398,9.78408140542408,0.47405318178577227,14,India,Tablet
4504,35.600513433363986,9.01462379566623,0.5095014069677152,2,India,Tablet
4505,21.909053213191285,14.516313071435988,0.6950556403663299,2,India,Tablet
4506,35.14696640836452,10.189787706948083,0.454148851372547,18,UK,Tablet
4507,31.676135781093205,10.179251000604756,0.4244247868023936,3,UK,Tablet
4508,19.319838536388833,14.538358872213585,0.6237549328998444,17,India,Desktop
4509,41.61804813809831,8.109935402902625,0.535581705549427,3,Germany,Mobile
4510,37.24869311972757,12.359824414033078,0.5934369837396172,4,US,Mobile
4511,28.21405650695766,12.169651356021387,0.49405176924936806,4,India,Desktop
4512,36.196645936593626,10.288595488447308,0.45652026057594935,15,Japan,Tablet
4513,26.94299633905431,8.779875529714314,0.3805834879955241,15,UK,Desktop
4514,24.54889712977458,10.640893360275042,0.616340636202072,23,US,Desktop
4515,21.813428557942427,11.998788068313885,0.3493252985683295,9,India,Tablet
4516,37.4796355380243,11.86853241553307,0.6044155181676989,11,UK,Desktop
4517,43.44969362734555,8.520037749562364,0.4993712747242269,4,Germany,Mobile
4518,26.031633557187174,9.412816808092847,0.5026819568752925,12,Germany,Tablet
4519,124.62664936447095,11.819895027880829,2.501810431274069,4,Germany,Mobile
4520,31.075046134998917,9.753798002588855,0.45542174312134376,19,India,Mobile
4521,36.382612327018094,13.738626657712675,0.6817428470737378,20,UK,Mobile
4522,23.10420846739159,9.315544321495624,0.47250921925232253,19,India,Tablet
4523,33.49999065348252,10.935051194601863,0.7153389576365802,4,Germany,Tablet
4524,200.2532234720212,11.69124452412752,2.144206831684927,10,India,Tablet
4525,29.031824878407786,9.575166692163872,0.5415342969754914,20,Germany,Tablet
4526,28.286773793972454,3.8933215532023837,0.308378897745148,4,UK,Desktop
4527,27.558400220228894,10.711540839342401,0.5855038210483914,3,India,Mobile
4528,20.161594923663472,10.720577038381036,0.4018071261590445,23,US,Desktop
4529,52.9489308236334,6.15025479018884,0.4878878249683012,1,India,Mobile
4530,22.286111749374335,10.004493122464513,0.5441598302772037,12,India,Tablet
4531,34.9091339195012,11.145506373749493,0.4630052245121643,21,Japan,Mobile
4532,19.546998165676094,8.958108321125485,0.48802237423977585,8,Japan,Tablet
4533,39.15019840989614,11.518941819585603,0.619230642157781,4,India,Mobile
4534,18.307914091272053,10.082036421050084,0.47339193163409027,10,Germany,Mobile
4535,31.650293680635578,9.678353046774435,0.44067853852447514,1,US,Tablet
4536,35.31025480893138,11.748449066228053,0.3900074939314266,13,UK,Tablet
4537,39.99176397758493,6.455026130039783,0.42474002971945163,5,US,Desktop
4538,35.9520704481045,9.306929129366821,0.4859603089517264,4,India,Tablet
4539,35.023083435474895,4.614919714196527,0.3923014124033727,18,India,Desktop
4540,27.35267021308305,12.630147020231652,0.35709133096009504,15,Japan,Desktop
4541,36.55005669263901,9.1193760295699,0.5830205636989092,23,India,Mobile
4542,39.38325291666658,4.400249935542254,0.5573741961727695,3,UK,Mobile
4543,37.850644638188164,13.51016308453521,0.42062831274181833,20,India,Mobile
4544,17.521093517263253,11.41934662880305,0.6500990016427104,20,India,Mobile
4545,24.402850803369624,5.13577074504744,0.43031216027847174,12,India,Tablet
4546,38.4065957564832,6.639212580620964,0.5203750468697681,18,India,Tablet
4547,29.426590971025888,8.917238121323125,0.3504219245201151,6,Japan,Mobile
4548,52.837532926023904,10.135584807084902,0.4694723874909723,16,US,Desktop
4549,18.867995143806134,7.023117315349178,0.3632021940791914,18,UK,Mobile
4550,27.293787317290384,7.950191752864152,0.4245957141901047,8,UK,Mobile
4551,32.431851930418986,8.95988302955876,0.3796996436013209,14,Japan,Mobile
4552,22.274467347868924,10.212470325752232,0.4777704165166705,6,US,Mobile
4553,40.33401508248354,11.778902202924794,0.3773042285687856,9,UK,Tablet
4554,42.50187745981322,11.614450788289167,0.6462126704860736,9,Japan,Desktop
4555,22.219511870515117,14.434274079004368,0.4762924469043084,9,India,Desktop
4556,28.398036414535696,9.230714406981607,0.4285213023444812,3,Germany,Mobile
4557,32.10418883977585,8.700768014521325,0.4117933728233273,19,Germany,Mobile
4558,25.395940428595203,10.39124075883755,0.5416505132612107,20,US,Mobile
4559,16.04289091875159,13.378880742506745,0.5127576391754625,11,Germany,Desktop
4560,20.883617164945996,9.684572299183145,0.5612295887111206,18,Japan,Desktop
4561,20.22121940922404,11.2007132077895,0.5922260399378033,23,UK,Desktop
4562,25.446908771036895,8.238198580187582,0.5815097204662908,20,US,Tablet
4563,32.17077732957076,11.914899566826792,0.5627302650357008,23,Germany,Mobile
4564,18.955983162807918,10.077764216626143,0.6205696562479553,2,UK,Tablet
4565,31.93434411062841,12.810167835109574,0.5651808396849722,20,Japan,Desktop
4566,12.423608068774914,4.513519530907143,0.4766622585113345,1,Japan,Desktop
4567,12.135430382106659,8.645060633756074,0.4876357400124738,13,US,Mobile
4568,32.87007142253289,10.253900160521576,0.5543762832862842,1,Japan,Tablet
4569,15.432068711865885,9.091921953798394,0.4007612023282308,2,Japan,Desktop
4570,12.13613249525967,9.476856951887052,0.4636815403983636,1,US,Tablet
4571,38.52164473704285,9.581160354118458,0.6616304726552278,12,US,Desktop
4572,30.14592113353827,4.915276933198472,0.44637241467305444,14,UK,Tablet
4573,36.28254256742077,7.101797025448885,0.4346638851640801,21,India,Tablet
4574,35.900372978043535,10.677943808934394,0.5763890753590359,4,Japan,Tablet
4575,26.26864148691277,10.595080068353662,0.5821765248626405,3,Germany,Tablet
4576,52.01580361536908,7.996455270938881,0.5850853190325047,1,UK,Desktop
4577,31.270065123294707,12.817824516056026,0.5697128377420448,5,US,Tablet
4578,37.54691386847075,6.286967039838992,0.43309425680957103,9,Germany,Desktop
4579,43.14625476490187,2.803420429313113,0.38022403636394475,20,US,Desktop
4580,38.98692908860528,8.663186843290989,0.37074103528866037,5,Germany,Tablet
4581,54.895847974772636,14.140200111079466,0.5055514214388391,7,Japan,Tablet
4582,26.47069048465449,11.597531367053637,0.4637702124949703,6,Japan,Mobile
4583,38.19870811507432,13.923614932764728,0.4903672071941826,5,Japan,Tablet
4584,26.7609651871969,8.012809489167617,0.6497976059879071,18,UK,Mobile
4585,20.06267340762718,8.668351518371555,0.4140319708437736,17,US,Mobile
4586,30.537573780045253,11.781927138188209,0.6113272626294871,18,Germany,Tablet
4587,34.98411316759486,12.926460932026739,0.2867076661900624,9,Germany,Tablet
4588,18.91225362870251,7.968146980298742,0.4983822849541324,7,Japan,Tablet
4589,22.740128639764826,3.928868998620267,0.6834131039395775,19,India,Desktop
4590,18.374420679251628,9.808263670717954,0.4814741446618515,16,UK,Tablet
4591,25.956373078408447,13.330195255778323,0.5632132063238566,20,India,Tablet
4592,28.15902513179003,6.615193164700305,0.4900758816347306,5,Germany,Tablet
4593,25.16919528304016,8.250361555099623,0.6001440006661716,4,India,Mobile
4594,30.344148675291382,13.417116707795234,0.47559798868449055,4,US,Mobile
4595,32.56518975565475,9.960293204911187,0.584486335355052,11,Japan,Desktop
4596,39.63366163706953,15.703917489009536,0.41314436002397925,8,Japan,Desktop
4597,24.24154139746663,5.810501544286598,0.6255903549035273,1,US,Tablet
4598,14.284050254660565,7.020324919268929,0.4306476922453647,15,UK,Desktop
4599,28.374033956067947,3.696299859096187,0.3893752282724672,23,India,Mobile
4600,45.79887701565908,9.298502547224917,0.5657450003618286,23,Germany,Desktop
4601,153.65492199294877,11.96001060998513,0.6987773984074134,3,Japan,Mobile
4602,35.44226884884559,11.166044595143106,0.41161904546489086,15,Germany,Desktop
4603,29.927414705598057,2.0495885349714618,0.560671133648986,13,Germany,Mobile
4604,31.149074323928726,8.619578453651426,0.44628999819405,15,US,Desktop
4605,267.10423071312806,7.240349848165517,0.818154678217194,13,Germany,Mobile
4606,39.61953206864662,11.22330057166066,0.5971903330597532,3,UK,Mobile
4607,29.198072062986196,7.5726057341913515,0.5658115506954137,5,India,Mobile
4608,38.86316195457174,12.856615836729716,0.5180567870083475,1,US,Mobile
4609,19.013466992452557,5.081701662346898,0.6855454552074636,6,UK,Mobile
4610,47.487575010295174,5.748469319733001,0.4380445783720791,5,Germany,Mobile
4611,30.143958400876343,9.564309108495921,0.4284176336799972,15,India,Desktop
4612,39.333986805293605,7.724169215209489,0.5822565467599252,20,Japan,Tablet
4613,38.36461829934968,7.294397553658299,0.3416899181018507,11,Germany,Mobile
4614,42.59777712930276,7.615123399407603,0.41605090358850727,8,India,Desktop
4615,21.2379863392787,13.10117468307945,0.48421332046421545,0,US,Desktop
4616,33.88084457894511,7.532259708675289,0.598553527169381,11,India,Mobile
4617,35.216843343994626,12.288368674990789,0.5542255597396942,21,India,Mobile
4618,21.544792901882808,12.970428330315048,0.549603203320783,19,Japan,Tablet
4619,32.32938244417109,14.432426226004626,0.5105158915451246,17,US,Mobile
4620,40.06712304935436,9.268606640327539,0.5153601678598071,10,Japan,Mobile
4621,22.465166398137914,5.411164860339754,0.5549490189044924,20,UK,Desktop
4622,31.737733494007255,7.479757604329556,0.3571298709281069,20,Japan,Mobile
4623,38.64948549466297,11.521766414141256,0.5879046926258156,17,US,Mobile
4624,27.407585587913434,7.872765827266385,0.5269456009241918,11,US,Mobile
4625,28.99425364218003,6.742789529177369,0.6096777742347037,23,Japan,Mobile
4626,45.220576561803895,15.547016453986185,0.32012602639234267,13,UK,Tablet
4627,29.073541559528383,5.046749814394117,0.4180942052363501,16,US,Mobile
4628,34.769972175825586,7.47919645624052,0.4032628694375664,22,UK,Desktop
4629,35.35458663451911,9.78970829919459,0.4584727783890884,7,Japan,Desktop
4630,37.42144520033672,13.439222069268736,0.5106482778215238,12,UK,Mobile
4631,18.223829113946188,10.43262694320148,0.48346551557149664,12,US,Tablet
4632,29.834103029738426,19.95509665716845,0.6302329902899808,23,US,Mobile
4633,20.24117246370145,9.946760942695327,0.5063760211543425,20,India,Tablet
4634,42.1955715137955,8.903247730121944,0.5326082116521246,15,US,Mobile
4635,37.60154334535884,4.569918701603267,0.5232840095204754,20,UK,Desktop
4636,25.80892356627584,11.228277629860504,0.4742759192560064,18,Japan,Tablet
4637,30.944370679647186,9.165316294408594,0.6038114838797195,17,US,Desktop
4638,37.571518729569505,11.332091464010016,0.54029996382437,16,Japan,Desktop
4639,24.051735568830992,8.182196478860176,0.3969298844411183,15,Germany,Desktop
4640,22.344800755093228,9.090497180887995,0.4709202154737924,8,UK,Mobile
4641,33.93538756581002,5.280238972849599,0.5108457935263754,14,India,Tablet
4642,34.74114844329197,11.10196037867967,0.4102055665391287,2,UK,Mobile
4643,34.18360513169729,13.217336885057748,0.5374337994521088,16,Japan,Tablet
4644,10.699676333248018,13.921104696076902,0.39504316565613173,5,UK,Mobile
4645,38.8751362361554,11.24289980208235,0.5776364859496422,2,Japan,Tablet
4646,32.89024676098729,6.725268805415687,0.6286140446011355,10,Japan,Mobile
4647,26.075505153399824,5.789495237068781,0.7333326793220792,9,Japan,Desktop
4648,50.551590114925446,10.727910574563806,0.4752297436708956,6,India,Mobile
4649,28.751280442752915,12.30557849430319,0.5100816461853086,8,UK,Mobile
4650,31.826202089973126,4.189585006604735,0.5742585489740387,10,India,Desktop
4651,29.060910905589903,8.524925250050767,0.5254797546610831,22,India,Mobile
4652,31.63725003912647,11.623608773114636,0.4874100419149904,2,US,Mobile
4653,47.28259059861476,10.236993057578328,0.6284824448400059,22,UK,Tablet
4654,31.874810978551437,7.239267212038197,0.5652250526955616,1,Germany,Mobile
4655,51.16270819789678,7.750402132260301,0.5304805533509952,6,US,Desktop
4656,37.39228627176753,6.939260059907596,0.6079168852980573,17,India,Tablet
4657,36.70647801744106,8.710600768513377,0.5175555204814056,9,Japan,Tablet
4658,36.087594798850944,9.220159232491774,0.5487434109965774,13,Japan,Tablet
4659,19.13354444154858,11.51773597771909,0.5182191992412499,13,UK,Tablet
4660,35.28941891774715,10.114649022736334,0.5195055637852416,22,Germany,Desktop
4661,20.184832037760227,7.5910472693160385,0.5355425301806391,10,Japan,Mobile
4662,33.734085803219784,7.813525871111297,0.481729417104975,1,Germany,Mobile
4663,30.703297924831013,6.23873995591074,0.5137954547307066,13,UK,Tablet
4664,19.028926623797773,10.584962943389204,0.32118182337974466,10,Japan,Tablet
4665,31.375974382077903,6.725488870134287,0.32153731552034304,19,US,Tablet
4666,40.815039979477255,8.673059236154153,0.5858855818232998,2,UK,Desktop
4667,24.761337010897655,13.451747951439527,0.4667755651524262,7,India,Desktop
4668,28.939032000575732,11.282959673374704,0.6104638003909891,21,US,Desktop
4669,23.223929720793766,11.720697824028216,0.3974139118116921,22,US,Tablet
4670,21.739715683260748,7.365563155894565,0.5844898310467114,1,US,Desktop
4671,34.84273154895438,10.4358400418458,0.5543053261043965,11,US,Tablet
4672,28.714948645434212,7.581901575813128,0.34553465885214696,22,US,Mobile
4673,44.06947059155714,8.759961871837767,0.34247615250795643,22,US,Tablet
4674,27.17184886146861,14.131529251544242,0.5942173350023336,6,UK,Tablet
4675,26.428497119592798,1.8776393624651533,0.3392612915669643,14,India,Mobile
4676,19.36456375217439,13.83219780389145,0.6789175704257244,17,Japan,Desktop
4677,21.044389338739173,10.559994286552788,0.4285849167336823,8,Japan,Tablet
4678,44.26470682400506,11.093181650663142,0.3982203370699011,9,Japan,Tablet
4679,29.80740224323578,4.966070222392038,0.6430386159145915,14,US,Desktop
4680,30.995298402260097,12.311093956810812,0.6627068144599073,23,Germany,Tablet
4681,36.261452255801345,6.600136237066343,0.5237341179778666,18,Japan,Tablet
4682,19.875018814654176,11.68611815542049,0.3925939040536168,0,India,Mobile
4683,119.16430333556156,11.224845565649174,1.876222070536295,8,India,Desktop
4684,43.209617400478244,14.105560944146731,0.5115367079578369,9,UK,Tablet
4685,50.850494825857886,13.028043111761551,0.5614082143648174,0,Japan,Mobile
4686,43.336229816168995,10.232081547930699,0.4501062911375434,14,India,Desktop
4687,33.47729212420425,10.2790057874815,0.5146579925707354,23,UK,Tablet
4688,28.81412203589034,12.003065906417868,0.5020019439635022,4,India,Mobile
4689,47.321903615847305,10.687671670580473,0.44611665110704257,17,India,Tablet
4690,33.20349238913856,11.868415942538906,0.6559393196508343,18,UK,Desktop
4691,30.811864638145543,10.01913313078415,0.4346423582979562,1,India,Mobile
4692,42.32522289320722,12.543374909054538,0.5751327496742806,0,UK,Tablet
4693,20.258978524456026,15.076492888331394,0.3086645405512638,10,India,Desktop
4694,51.43314457166801,5.884869157309232,0.42360768603718923,18,Japan,Tablet
4695,32.64504943310018,8.99571950778576,0.5600720478654243,6,Japan,Mobile
4696,42.384763127531045,12.250652118811631,0.6237780068481342,21,UK,Desktop
4697,28.386274899441606,3.9164517288173615,0.5200771869302528,6,India,Desktop
4698,33.98034228639071,12.852184506455604,0.467171848433473,15,Germany,Mobile
4699,35.173045322186375,4.889801611224533,0.5691180096808477,8,India,Desktop
4700,17.87151332289508,6.918501856401281,0.4873291397432377,13,India,Mobile
4701,48.25214214079765,7.625298611663689,0.5880582840654274,0,US,Mobile
4702,62.66513565008586,5.767183565052082,0.5380460360704175,11,UK,Mobile
4703,26.419598816009955,7.32984634183379,0.3918598225677468,7,UK,Desktop
4704,56.97716242964369,14.712465238057657,0.4919844392201814,13,India,Desktop
4705,23.327651657547573,9.68538736374666,0.4446481248344084,5,Germany,Mobile
4706,35.96828925240784,9.441687781776482,0.38497489633305715,10,Japan,Mobile
4707,13.570642483099128,15.167964312396641,0.5900826943834317,7,UK,Tablet
4708,35.14878716109177,11.928961804384638,0.4974238520793029,23,India,Desktop
4709,21.593920543137454,11.709598019850437,0.5736460917476547,14,Germany,Tablet
4710,56.83246383903271,11.79359581188352,0.654685753634374,14,India,Mobile
4711,35.04479424552707,1.0540603913472975,0.6075450722572373,16,India,Tablet
4712,44.20936550498066,9.114177273247952,0.5886401581141296,23,UK,Desktop
4713,42.107096303008525,15.116376352702572,0.603728010394933,9,US,Mobile
4714,41.05525658269095,13.451055851829516,0.42401259175350614,18,Japan,Desktop
4715,31.933359218947906,10.055791822749022,0.6083702379786956,15,India,Mobile
4716,34.417294824906016,10.05211376416869,0.4471725049607797,7,UK,Mobile
4717,33.48097890035476,12.301821607252817,0.45936644138907157,20,India,Mobile
4718,22.535008837455447,10.406780174281206,0.5926820416755287,5,Germany,Mobile
4719,30.352844004072566,8.398443051293663,0.4595832345610861,8,India,Desktop
4720,25.8774901852086,8.982855470042653,0.4052432100914198,10,Germany,Tablet
4721,31.95813210880032,7.527593886966464,0.5948418049821893,11,India,Mobile
4722,33.892484196429706,14.970111028056825,0.4425657004991542,23,Japan,Tablet
4723,16.129139393305707,3.4185895271359747,0.3955511862441832,13,US,Desktop
4724,39.669257618128704,14.388756013686155,0.5399799788381212,9,Germany,Mobile
4725,25.903806146216354,9.795594311474522,0.4145138404314135,19,India,Desktop
4726,29.63126469873242,13.851866412405768,0.5036649696143392,3,Japan,Desktop
4727,41.75105523583803,11.719789564236955,0.6216665872258296,1,India,Tablet
4728,44.14143943640212,12.763139200652171,0.6109162790065372,15,UK,Desktop
4729,20.761425379517465,6.051343018801517,0.5939257791328095,10,US,Desktop
4730,49.60715440680879,7.939929393731395,0.46120036801617414,12,US,Tablet
4731,44.54416788200731,13.26074204493963,0.49549456365772665,1,Germany,Desktop
4732,25.98064729764916,13.365059018866656,0.3700302413603037,6,US,Tablet
4733,33.81628403999798,6.776776393272766,0.44439291769657935,0,India,Tablet
4734,26.31791671480628,9.271180646610231,0.5697948695666792,18,Germany,Tablet
4735,30.704382516587888,5.5906834889238075,0.5233492873179695,1,India,Desktop
4736,37.33718186691573,8.122861145062707,0.7115591457187348,4,US,Tablet
4737,163.98152866561216,9.197005006822325,2.2871839165538823,4,US,Tablet
4738,25.486224817118643,10.103453998956487,0.6101438663685141,10,Germany,Desktop
4739,23.233653407369836,12.971276499570736,0.5476125986031423,14,UK,Mobile
4740,21.196863759954176,13.161210992396482,0.4687320414472464,1,UK,Tablet
4741,274.844387855736,10.08742198597961,1.0774731833809186,10,Germany,Mobile
4742,33.39195803177054,12.348226698540891,0.5749925753404478,20,US,Desktop
4743,26.062988037988617,7.324770782717051,0.5089331359946677,5,UK,Mobile
4744,235.00720515166577,12.210541611486871,2.0540792103962042,11,US,Mobile
4745,25.814741703451677,8.777768656421117,0.4488285306566204,7,UK,Mobile
4746,31.687596824262272,6.8715290372476865,0.5076909731755354,20,UK,Tablet
4747,29.2812742444642,10.812212536367714,0.36468009197613527,16,Germany,Desktop
4748,23.55119230362763,10.688410051449049,0.3702890518426506,3,Germany,Tablet
4749,37.16530042708462,9.756911226311159,0.3813926091043672,9,India,Tablet
4750,34.78246108295973,9.25900712207606,0.45451503160109863,0,Japan,Mobile
4751,24.56013662525507,9.611144143592211,0.510876719997231,22,India,Desktop
4752,26.131801789116125,5.220549916447569,0.40100652789010605,3,US,Desktop
4753,17.838277486549927,13.264653032165679,0.5226476110393987,3,Germany,Desktop
4754,25.347081748406524,10.830522294981776,0.3526940726468679,16,Germany,Mobile
4755,42.74821368876307,7.623121129189871,0.5085254487797523,12,Germany,Tablet
4756,27.34850070170698,14.691350665703316,0.5809017955125556,6,UK,Mobile
4757,31.484647460017026,12.887806482378354,0.3856573021441527,6,Japan,Mobile
4758,4.041563878376419,8.634987880096972,0.3992622675350578,23,US,Tablet
4759,39.2324251598393,8.68682891625201,0.6327216099748234,15,India,Desktop
4760,24.90050337511503,11.248769816014622,0.4535504441185272,0,US,Tablet
4761,23.015450739271863,11.319591160314449,0.6089548657475303,15,Japan,Mobile
4762,36.35294399706856,4.966288089187669,0.49961102271924146,6,Germany,Mobile
4763,30.24759238409469,9.048690553034188,0.438409029006884,10,US,Tablet
4764,51.93709591939401,13.785363966547283,0.31605936934023426,7,US,Tablet
4765,17.67007635427173,10.111899966759001,0.7569459223275241,13,Japan,Tablet
4766,24.900510620848003,7.108998939445653,0.5845489631619329,23,UK,Tablet
4767,36.641948831963866,10.392756526555722,0.373978844574545,14,Japan,Desktop
4768,46.5948756077061,8.131922791238303,0.5390448357112446,6,Germany,Tablet
4769,21.714349000411595,10.959894208228793,0.42547505531147056,4,US,Mobile
4770,41.76091367109376,6.654423561446705,0.5032883050751152,13,India,Desktop
4771,31.31277378171275,6.067434430848653,0.3769704077504065,21,Germany,Mobile
4772,25.325515163253712,11.095243214898478,0.4587212207396326,3,Japan,Desktop
4773,32.217309741361504,6.753464730138045,0.6268332412081628,2,Germany,Tablet
4774,37.67401788913765,12.440649651315859,0.6468664739288914,14,UK,Desktop
4775,22.9004407273518,8.033824728648824,0.4931277045999833,2,US,Tablet
4776,47.91453194204753,10.598087024139499,0.6107258577984535,17,Germany,Mobile
4777,28.937632879373485,2.583816664154166,0.45286566215710483,11,Germany,Desktop
4778,26.710659901850494,14.169619772633885,0.5598661615422308,23,Japan,Mobile
4779,29.891752107246354,11.251585252353083,0.49814695019192495,5,Japan,Mobile
4780,47.467988892888044,7.870240102563469,0.4675104411921715,20,UK,Tablet
4781,25.484164353646563,10.184516284852974,0.4254381560652706,16,India,Tablet
4782,21.129855614235808,5.5924275722421335,0.5539949694785345,9,Germany,Mobile
4783,28.873369660427812,10.381065075064514,0.5043533636633599,18,UK,Desktop
4784,45.07576072290764,10.828049032083564,0.6241880602185887,4,India,Desktop
4785,29.91626387406818,10.449468367421758,0.5052766493065212,6,US,Tablet
4786,28.237306843523875,8.05277647593249,0.4865333617635636,10,Japan,Tablet
4787,35.4726247812894,13.586447630728287,0.3269809265965052,0,UK,Mobile
4788,40.43493405569489,12.681832085541668,0.6870575300621219,1,Germany,Desktop
4789,44.927392680999496,10.29985916114165,0.4680137605176772,15,US,Desktop
4790,31.831558913559476,13.722388765904306,0.5327950268347926,9,US,Mobile
4791,19.530715279012313,14.631891092724498,0.57307485015616,19,US,Tablet
4792,32.49188378835573,6.203676668108962,0.42230584759380996,16,India,Mobile
4793,30.197254435373534,9.79149779481239,0.4564996834304675,14,UK,Tablet
4794,34.71773263194784,12.201878595526102,0.5454599425078251,14,UK,Desktop
4795,29.106331712459294,11.681760055239566,0.5822657665043535,9,India,Mobile
4796,32.21896155224321,6.259979276098967,0.3446286699573863,18,UK,Desktop
4797,21.886411839030494,13.416161867563922,0.550373149272438,16,US,Mobile
4798,10.445577105345908,9.835034032850634,0.578950870203498,11,Japan,Tablet
4799,37.097820961600235,5.386630684108487,0.6502442208602528,19,Japan,Desktop
4800,16.59411331985269,9.109964558422611,0.4455273647072617,8,Japan,Mobile
4801,28.803028631514035,7.693497098263982,0.5912407187913641,3,US,Mobile
4802,30.418533688009656,3.9169244281496542,0.8341741509197109,13,UK,Mobile
4803,28.747170617284336,10.132644206870815,0.5430253999543782,3,India,Desktop
4804,31.60877013869548,6.51855248271338,0.45480621740707927,5,US,Tablet
4805,41.816757185755286,10.785640256782003,0.5642947052167566,7,Japan,Mobile
4806,23.044655083700206,9.02893737464499,0.34831483928269014,23,US,Desktop
4807,34.771138475498134,9.221841299827128,0.6059742083989104,21,Germany,Mobile
4808,40.928063582644796,6.2047181141189665,0.3488654666653509,10,Japan,Mobile
4809,34.16483780157648,7.213230245484737,0.4600610114168193,7,Germany,Tablet
4810,114.10084839856934,8.416250841085665,2.3980757030132454,20,US,Desktop
4811,31.575504681160062,12.880392815623654,0.6098401984085781,20,Japan,Mobile
4812,19.93685768378817,9.912656396701736,0.47360381659384454,1,UK,Mobile
4813,18.233883850095864,7.11389223642109,0.5099208756586037,19,India,Mobile
4814,46.703866416205926,12.23187042094019,0.6900389650790683,16,Germany,Tablet
4815,28.840310694429256,7.108817519402077,0.46932529351740904,20,UK,Desktop
4816,34.2678991700151,11.756271284024443,0.3117717265159206,10,US,Desktop
4817,18.00707024970035,7.800264720103256,0.500057692069676,15,UK,Tablet
4818,40.088379838490354,13.293878300886586,0.6213946335086987,18,Germany,Mobile
4819,39.73565587435784,16.93233117032017,0.5687694955393816,17,Japan,Tablet
4820,15.324376213159152,12.263822588294442,0.33024837165967313,1,Japan,Tablet
4821,22.54038300319169,7.08505937067439,0.4694714292035622,11,US,Desktop
4822,27.854925337762992,13.664154886336938,0.7299593143137584,10,US,Desktop
4823,26.226465962499542,9.733640161086264,0.5466177055752589,11,UK,Tablet
4824,23.424120519078198,7.487987425743133,0.5066634686595902,16,Germany,Tablet
4825,13.707181670722722,15.35056310614469,0.683736840693162,6,Germany,Desktop
4826,56.796643300588705,7.057561373818078,0.3686994247425006,19,Japan,Mobile
4827,30.269249206518708,4.353962015834172,0.5826476100669675,15,Germany,Desktop
4828,24.79613718990045,10.978774811336008,0.5392679319544417,23,India,Desktop
4829,36.247427211796044,8.280944812511944,0.6256470849643383,12,India,Mobile
4830,19.652519629956892,17.076569750521937,0.44797988171997866,12,India,Tablet
4831,40.60130272266677,8.846251158742264,0.3657453852228908,9,US,Tablet
4832,34.71815693398503,5.4667941736535015,0.45922651548547805,21,Germany,Desktop
4833,35.87176232401196,11.993597766042441,0.49395510318318625,13,Germany,Tablet
4834,37.25808009548374,4.659081686939821,0.45564404413940574,10,Germany,Desktop
4835,40.17574314626482,2.8030511650011007,0.5528156774765984,10,India,Desktop
4836,38.37026775096098,9.280260500227886,0.503088731116536,19,UK,Mobile
4837,29.84953511960247,14.557159235690392,0.3587970197360458,22,India,Desktop
4838,29.39463614009343,8.429195176219054,0.4988345407592472,8,US,Tablet
4839,33.21212758879321,12.537137031978704,0.6814675604151548,8,Japan,Mobile
4840,28.138743866788005,14.106025118652305,0.5057604537779814,2,Germany,Mobile
4841,34.03863926229198,5.56064696251288,0.5020599079416198,18,US,Mobile
4842,23.47359136300875,13.201747117891756,0.4912267230936401,7,US,Mobile
4843,31.928838374587976,10.30000686394498,0.4807589456071474,9,US,Tablet
4844,37.33666708517564,8.597706356289228,0.7064755819591636,9,Germany,Mobile
4845,14.340699410512983,15.032120130940143,0.6385230517589484,1,UK,Mobile
4846,28.77859849834936,11.912942342147002,0.43473197872441194,13,Germany,Tablet
4847,36.639686755082145,8.535037135223757,0.4415358064145355,15,US,Mobile
4848,27.12571849062474,8.133457018540952,0.36185991941043294,11,US,Tablet
4849,34.437322070459714,13.046339784627982,0.39003068761624693,12,Japan,Mobile
4850,29.341787709059414,11.100134261958546,0.5602609400532329,7,US,Mobile
4851,26.16776676180784,5.526145176487646,0.4565853418873047,16,UK,Tablet
4852,23.535602518169213,9.496394613205256,0.5487315787042042,10,Germany,Desktop
4853,7.561984215242386,5.78697194709056,0.42858741805584666,13,Germany,Desktop
4854,27.450091312481664,12.153753267517384,0.5269622800592364,16,UK,Desktop
4855,11.64000276607603,9.577170331353862,0.5510791759075807,8,UK,Desktop
4856,14.81352028656941,16.610718294397273,0.7327804362665452,13,UK,Mobile
4857,45.22750472239271,11.07198602642312,0.49611497267054433,22,Germany,Mobile
4858,38.386207938945596,10.318341286104994,0.4844051195557041,16,Germany,Mobile
4859,13.80145178178153,7.069667295995627,0.508524368687704,2,UK,Tablet
4860,32.21941580403382,10.071921277800195,0.5093309906246632,3,India,Tablet
4861,25.62771238785901,14.412773430953422,0.5076058662398892,15,Japan,Desktop
4862,16.526363035417383,11.722789958609233,0.6265643910592207,8,Japan,Desktop
4863,41.54015532553356,14.38538752805252,0.39032918187323673,17,Germany,Tablet
4864,12.172788514641251,10.478292444818141,0.5321825694692179,16,Germany,Desktop
4865,31.502293270726323,11.899867402876634,0.5497692517969928,13,UK,Desktop
4866,20.199475212487506,6.5800623719588796,0.664919075034379,4,Japan,Mobile
4867,47.80053120749453,12.78000653254406,0.379728767364956,3,India,Tablet
4868,41.826800729600535,7.655040412246317,0.39873247474065016,2,Germany,Mobile
4869,19.696576072683328,10.516163452780521,0.6298334245414381,22,UK,Tablet
4870,16.142546921314118,12.699353986314602,0.4597234033921517,2,UK,Tablet
4871,33.459030154401354,9.0290700686803,0.47775038482116117,20,US,Desktop
4872,29.372099153656322,8.699187944190347,0.5465101520154328,4,UK,Tablet
4873,289.2684354805041,9.97910208682275,1.1881496191330225,9,US,Mobile
4874,30.106540313326324,10.179077495607157,0.44281573741452396,21,US,Desktop
4875,34.62747791614953,17.926740741165275,0.3872250525119589,20,Germany,Desktop
4876,38.793527278269316,15.712213344679135,0.4888978369435565,5,India,Tablet
4877,26.96726094549225,10.5637930899318,0.5582385544956737,0,UK,Mobile
4878,28.089343494713344,12.615921654695514,0.5880658103993452,16,India,Tablet
4879,36.6977716425428,11.119485909492345,0.6004537473894157,23,Japan,Mobile
4880,23.958349139676816,7.721384200780184,0.45144792511696824,13,UK,Mobile
4881,33.4090150204908,11.529968837244867,0.3624560266033366,0,UK,Tablet
4882,38.834615255609165,5.151994549941978,0.27065320842627727,9,UK,Desktop
4883,26.218057159792043,7.230216981761055,0.6381388169504343,7,India,Desktop
4884,19.6585715219692,11.052208291228474,0.42021722841722486,4,India,Desktop
4885,36.697286696801484,8.606411482429971,0.5760738711920873,16,Germany,Mobile
4886,14.014158591242813,10.049897114298787,0.423353350502729,16,Japan,Mobile
4887,3.894796335132874,9.2104858719623,0.4406719543144899,10,Japan,Mobile
4888,20.32047218677127,6.0015825847523665,0.33790382656901247,9,Germany,Mobile
4889,32.90018509975589,10.109735418111034,0.371718293106048,13,India,Tablet
4890,24.9902084078146,9.712758178772928,0.595225393047794,2,Germany,Tablet
4891,35.50573947010358,11.213841883860301,0.7806548974496663,12,Japan,Tablet
4892,21.439911122949127,12.495800626913217,0.4255989800284915,10,India,Tablet
4893,16.760985436351643,9.803923381505824,0.6178362277651952,12,UK,Mobile
4894,33.89802681118771,10.226104097682336,0.6313998162009825,4,US,Desktop
4895,27.50286782484681,8.66535148170268,0.6553980171250401,20,Germany,Desktop
4896,32.94465392107336,7.3455912268861,0.4159815685278329,9,Germany,Desktop
4897,40.87836435915691,8.378309022506762,0.5315665836407613,9,US,Mobile
4898,23.83513209985641,15.640869989759594,0.7474996821260353,11,India,Tablet
4899,36.01944840253611,9.96989483730131,0.4491000186962485,16,Japan,Mobile
4900,52.45055954827929,6.837625559319741,0.6336721922366282,14,India,Desktop
4901,17.29394871003081,7.638995834649174,0.40664891859639446,2,India,Mobile
4902,54.3364383778011,8.945695894097165,0.47963641731035067,16,UK,Desktop
4903,24.659535434441953,12.824684639694848,0.3176246034470598,17,India,Desktop
4904,33.949317004291565,9.884430421799387,0.3838174763067038,10,UK,Desktop
4905,31.836057532276755,10.452947182866657,0.3993169082470823,9,Japan,Desktop
4906,3.5604667415270796,10.635010704199647,0.4066869360995265,5,UK,Desktop
4907,23.5243892909527,13.61829142656758,0.31734137320918376,11,UK,Tablet
4908,30.48439008607832,11.421331272579176,0.7607569029098746,3,UK,Tablet
4909,53.0842034150094,10.663497239070306,0.6661258796503426,22,India,Desktop
4910,51.69063342757647,11.599450692184861,0.5501410971440299,4,UK,Desktop
4911,14.907480156660275,8.308424949909092,0.4262069672172534,20,UK,Mobile
4912,14.315647952241953,8.131885338019323,0.45590454070915387,14,UK,Mobile
4913,10.954161274600779,13.611620894463629,0.4663295060277771,3,Japan,Desktop
4914,19.08765880934034,14.298560940819897,0.6528403583706731,16,Germany,Tablet
4915,30.427846920034316,7.710917276234108,0.48341642025227644,10,US,Tablet
4916,27.515444940107656,6.093019513629475,0.5122031174554146,16,UK,Tablet
4917,30.858632478764605,7.754991393899956,0.3899109799183647,9,Japan,Desktop
4918,21.718734796014015,10.792942842061823,0.2257963391900003,19,Japan,Tablet
4919,29.287003000708495,17.307253597483975,0.4144778883803587,23,Germany,Tablet
4920,26.14205942434538,12.938159485300043,0.570766480207067,0,Germany,Desktop
4921,17.78081726267072,6.917178681429207,0.5525238129343555,5,Germany,Tablet
4922,25.4031178041564,8.4239325944056,0.4026176706506441,16,UK,Desktop
4923,38.527085533094805,7.807269484736407,0.40669200005033823,2,UK,Tablet
4924,18.96567439967904,8.352351585794242,0.4929580101688914,23,Japan,Tablet
4925,40.46955628987732,12.489577217825538,0.5145615272272559,9,US,Tablet
4926,19.403665854585196,11.580065206183184,0.430032082376342,8,UK,Desktop
4927,25.373009303584663,12.601579397953778,0.6457235639019618,12,India,Mobile
4928,45.33499826372528,7.146041680603557,0.35812421396820154,5,US,Tablet
4929,34.43093854990843,8.425617098301949,0.374822733849947,19,Japan,Mobile
4930,23.685833245786203,15.139623887146207,0.36605607891479763,23,US,Tablet
4931,39.11780076909548,11.583006766938178,0.5404666602897019,21,UK,Tablet
4932,29.283642010602936,13.186975036089898,0.5172380466258986,23,UK,Tablet
4933,40.26554752768955,12.63445884221867,0.694718146685719,1,Japan,Mobile
4934,13.582266934689407,8.105193971962471,0.5590712896094963,4,India,Desktop
4935,26.904102177661162,13.291800299110449,0.4300589836952121,10,US,Mobile
4936,23.16554730557374,7.242922054507427,0.5531575948603511,13,Germany,Desktop
4937,147.11612491809052,14.445063589655755,1.4839228133442293,23,Germany,Mobile
4938,21.629691597516082,15.390450174982751,0.31853683521789233,20,India,Mobile
4939,53.329425115293375,15.58170174947691,0.3032317720692925,5,India,Tablet
4940,26.592213067141984,9.108120846246782,0.3429566850626863,23,UK,Tablet
4941,46.326571316661045,10.9472173655899,0.5575581868150365,0,Germany,Desktop
4942,11.128062244192542,13.312145015223043,0.6189040554604881,14,Germany,Tablet
4943,23.69076747109462,9.498337072170296,0.5056088875278537,6,Japan,Mobile
4944,31.500632675464395,15.227027929700956,0.42673284003469847,1,Japan,Desktop
4945,9.116298284020282,7.58012347965855,0.6147245382083761,9,UK,Tablet
4946,41.06934176028198,5.402522778489751,0.4293302162782157,13,Japan,Mobile
4947,30.414271842626395,10.350159509602339,0.44331167398141635,18,Japan,Mobile
4948,20.18820356276084,10.324534517682268,0.36841571866106776,15,India,Tablet
4949,40.85923829168451,8.285070571217414,0.2854690064725949,0,India,Tablet
4950,23.50218508216963,10.1150105205839,0.5384025324765299,10,US,Tablet
4951,28.813834549574743,10.474649801776613,0.7321587546525198,15,US,Desktop
4952,21.484421870047818,11.223793792022274,0.4313226026345202,16,Germany,Desktop
4953,33.922731723528344,9.85172220053728,0.4226679975295105,18,Germany,Mobile
4954,22.86368535918946,8.44515907876733,0.5676020223367069,21,Japan,Tablet
4955,44.180625597292334,12.624459256142362,0.5534013858405402,7,UK,Desktop
4956,34.96902489795275,11.671495748192484,0.6666287918188695,1,US,Tablet
4957,36.2026822623383,6.803997165296682,0.5378978755659808,22,India,Tablet
4958,51.02922496859728,10.699288638226145,0.39372309432967584,13,Germany,Desktop
4959,25.33623038205193,9.260555015500671,0.724872329800273,6,India,Tablet
4960,46.953261530312254,6.855094599931167,0.4503932089352779,12,Germany,Desktop
4961,19.879111752006626,9.34112771491974,0.6316615101994798,21,Germany,Desktop
4962,24.458602624802204,6.097362437250543,0.5382950983067782,16,UK,Tablet
4963,28.671761810750187,11.41860365274204,0.48028779631843777,0,Japan,Tablet
4964,45.52051396157724,11.87572713502016,0.5799377104337886,6,Japan,Mobile
4965,42.0606246313473,12.124791127740195,0.6172057823884458,8,India,Mobile
4966,26.469189568633325,10.225816387463523,0.4677058345437762,18,UK,Tablet
4967,49.95689569814074,13.626359174840626,0.5557285438346329,0,Germany,Mobile
4968,27.155319555810685,13.5585832743992,0.40218169100778794,21,Japan,Tablet
4969,33.441061594941544,8.098269346489372,0.5748268366266611,23,UK,Desktop
4970,24.71140249044957,10.470797880627552,0.4937832198825557,2,India,Tablet
4971,38.84737240087384,6.596005463490208,0.414599103241247,2,UK,Tablet
4972,30.6226595688208,11.79895635417798,0.6484353308663529,7,Japan,Tablet
4973,43.34541384921746,9.798792749998267,0.6137068861974653,14,UK,Mobile
4974,32.11263034261913,12.330876890737626,0.434665057228703,1,India,Desktop
4975,34.09050853203426,6.6904648116214895,0.4671885592956708,17,Japan,Mobile
4976,34.34082433515816,11.36043332728155,0.5037652774836612,11,US,Desktop
4977,24.819845373136772,9.337990314209048,0.4939375559900404,6,Germany,Desktop
4978,32.506917553406225,9.9827978567909,0.5519758071555246,11,US,Mobile
4979,22.441482995415782,6.699750793658319,0.4860570012533182,21,Germany,Tablet
4980,42.819733400383996,11.83707849879041,0.5554026082622815,2,Germany,Mobile
4981,37.937890199575584,11.237729783001182,0.591468419498059,1,India,Tablet
4982,48.29010135022969,7.4161009999018646,0.3938204057864738,14,UK,Mobile
4983,36.84238817137907,8.88625608397074,0.593986606165294,5,Japan,Tablet
4984,31.502209272320385,6.925607679062145,0.5664623977473072,12,Germany,Mobile
4985,95.77561617714892,10.972215729036595,2.121344714424697,11,US,Desktop
4986,24.794084912920404,11.707497229061929,0.411738143946904,3,India,Desktop
4987,48.20723004664069,6.447852841264487,0.5910261085939634,23,Japan,Mobile
4988,47.16213176411172,13.03222020734967,0.4575063745253479,13,Japan,Mobile
4989,32.183837182032434,12.717352005390538,0.538531306497973,11,India,Desktop
4990,39.28678660257841,16.374859628226787,0.5668132902268643,1,US,Tablet
4991,26.53238445044236,11.721485456373733,0.34931507023369224,5,Germany,Desktop
4992,23.082069302138954,9.042967065468677,0.478405651994343,8,US,Mobile
4993,35.017414379089146,8.971940055266755,0.36836988332836795,5,Germany,Desktop
4994,19.47179002927445,7.212351705930991,0.49538201137725113,5,US,Mobile
4995,133.43792691817168,14.127243745147382,2.067157119569515,0,India,Desktop
4996,41.473022262259086,9.89397227922529,0.5694858932087923,18,US,Tablet
4997,32.26111756013113,12.171724464815881,0.5744465886333535,6,Germany,Mobile
4998,39.227097359424846,12.396488435399462,0.6708014078543152,4,India,Tablet
4999,19.248348132493682,10.567989349462662,0.47167966867392114,18,Germany,Desktop
5000,14.029450014912431,12.631182036960091,0.653013769567919,4,UK,Tablet
5001,16.888226861376424,10.10287058012762,0.49996477724140825,13,Germany,Mobile
5002,1.5726402028245303,6.591534512399076,0.3805385686826868,15,US,Mobile
5003,19.88304207912278,12.504338913006135,0.4681636027579599,6,US,Desktop
5004,20.54615380715891,9.164261684584908,0.5655494878500478,1,UK,Desktop
5005,45.85959392401035,8.761207597234744,0.4579715368461677,7,Germany,Desktop
5006,28.727836792761675,13.338451762776991,0.5344092571835241,22,Japan,Tablet
5007,35.29875174225437,11.071495255204297,0.561792823806018,23,US,Mobile
5008,20.57417220136189,10.684715878000581,0.2963485708126721,3,UK,Tablet
5009,34.92659099432169,14.276592025597957,0.4386561453896613,19,US,Tablet
5010,39.017632329226075,6.045159256860724,0.389227152060568,11,Germany,Tablet
5011,31.80897828226417,15.664182436116816,0.37000205085163906,16,Germany,Tablet
5012,59.47759031333831,10.943454548398158,0.564949365356177,10,US,Tablet
5013,31.081872982357165,11.621919415057931,0.5212739500056208,12,India,Mobile
5014,45.76276932947981,8.996662889833424,0.613631968536847,14,Germany,Desktop
5015,41.76104593412124,11.966822568676996,0.7454433555748643,6,India,Tablet
5016,47.2796731909649,9.312971346800518,0.5598247951227454,17,Germany,Tablet
5017,34.65020265415636,10.174479139825639,0.6036525240967963,16,India,Mobile
5018,26.93704211201834,13.15203538501919,0.4149825869441871,3,US,Tablet
5019,42.247183946896854,9.566687345885237,0.4961262765724066,4,UK,Mobile
5020,17.396236461159027,9.550128271886555,0.4626159414690692,13,Japan,Tablet
5021,51.8159368391622,10.911897938412922,0.5501057719262485,9,Germany,Tablet
5022,27.664152705267178,5.661118203936269,0.4566115933160322,21,UK,Tablet
5023,20.560623860847592,6.068580491746184,0.4816310081946359,8,UK,Mobile
5024,36.16970818156892,4.620915309188033,0.5708964352641409,12,India,Tablet
5025,22.5466776539912,10.378528410006421,0.6097658097735277,16,US,Mobile
5026,38.56983885471572,9.841965832669414,0.5114491041466367,9,UK,Mobile
5027,20.53006963657213,11.629403655384529,0.30574504564849736,7,UK,Tablet
5028,19.40103546168939,5.682643842780156,0.6300061235720966,2,UK,Mobile
5029,41.78184983994356,10.940540960280167,0.6334314975689118,13,India,Tablet
5030,29.836895931203177,5.926255039099759,0.4162670344103491,2,Japan,Tablet
5031,39.39555766621377,6.237818631762383,0.5093301283153578,15,India,Desktop
5032,34.85267792997769,5.559758305020866,0.5872056071464623,19,UK,Tablet
5033,24.91527941535277,7.368473732436586,0.562448319285875,4,Japan,Tablet
5034,19.699666621168124,11.52494583989647,0.5232101490675195,2,Germany,Mobile
5035,30.133457404812674,12.030228819591406,0.45749356448932554,22,Japan,Desktop
5036,22.628553012468856,8.7562138502197,0.4428409890408999,7,Germany,Mobile
5037,54.9392969904928,9.15361925607151,0.29019285756771074,6,Japan,Mobile
5038,26.689188395002535,6.274225598000507,0.4379016343890816,12,Japan,Desktop
5039,34.67843181533616,5.57739617920109,0.45107582910191346,9,UK,Tablet
5040,38.46195790759131,9.315777177764739,0.48883953077662734,5,US,Mobile
5041,26.116007735374108,10.547829375215958,0.49139680791125284,7,UK,Tablet
5042,41.25388385388243,6.310152989056009,0.472814598179386,1,Japan,Mobile
5043,34.566326008321056,7.210625443938893,0.37355003237133744,3,US,Desktop
5044,46.60167033553065,11.625782581161488,0.45267329391186867,6,US,Tablet
5045,33.24216338142106,14.515757913319234,0.5509181784698494,21,India,Mobile
5046,53.61715880395623,8.06843188839846,0.44602877873526314,4,UK,Desktop
5047,30.13330530629105,7.924168337662245,0.49944035332824216,19,Germany,Desktop
5048,23.761667522214275,14.763494389912717,0.647499322764623,20,Germany,Desktop
5049,26.65763559251372,6.356122117880509,0.5812601778282435,2,UK,Mobile
5050,23.093391650768922,11.62848591524562,0.584498363525923,6,India,Mobile
5051,29.23099871685909,3.3362515664992483,0.5703362538528867,3,Japan,Desktop
5052,36.43945698956107,7.134931188745368,0.6823316021978695,18,India,Mobile
5053,43.280622026053365,7.134644402947195,0.366104292941811,0,Germany,Tablet
5054,23.56326196257647,18.02645290364792,0.3984640106124646,6,Japan,Tablet
5055,32.49925682731179,13.305218193990118,0.4416777920259239,18,Japan,Tablet
5056,33.71566648711395,9.095322798418113,0.5366250388284746,7,India,Tablet
5057,22.197685708055207,9.541957035108476,0.43127405107962424,22,Germany,Desktop
5058,187.8114503078007,13.706763859880386,1.1384262737779698,4,US,Desktop
5059,14.476191945301238,9.52984385044158,0.5243472611107565,18,US,Tablet
5060,58.902262856689106,10.866958852248954,0.5568030293866768,1,UK,Desktop
5061,18.392532169828577,11.6813672680211,0.6607398892646105,10,US,Tablet
5062,38.55512990152346,6.647108984444531,0.4353011804399406,12,UK,Tablet
5063,183.62024337001546,15.342859778581918,1.2838245895558067,6,India,Mobile
5064,37.15644970004788,6.941605672169796,0.2984954299361725,18,Germany,Desktop
5065,23.394672602387942,14.885862305693484,0.5768701954676343,13,UK,Mobile
5066,27.450709961553716,8.882621197530451,0.3656906467429891,3,UK,Desktop
5067,1.856156750379828,4.416735723324526,0.48408511052342124,19,Japan,Desktop
5068,21.852223479384115,12.339529594293975,0.5128115941806692,23,India,Tablet
5069,7.457733701560848,14.525304759664792,0.5065724268496234,20,US,Desktop
5070,202.9702208645994,7.54919097864252,1.9909425162096561,3,Germany,Mobile
5071,35.032573928437955,14.691655095795342,0.4672740823400898,11,Japan,Mobile
5072,49.38524989809889,9.698765657151522,0.47828930297599975,6,Germany,Desktop
5073,22.377816258185863,10.058310674500635,0.42379794583067265,3,Japan,Desktop
5074,11.830601040559287,11.723833038062518,0.5475460188213701,22,US,Tablet
5075,18.6262414676234,8.924326078033797,0.6695291536931282,21,Germany,Mobile
5076,20.249355132890358,9.458048670208719,0.6044862265419846,16,Japan,Desktop
5077,20.771493917066564,7.7070367999818785,0.44813137307978607,3,India,Desktop
5078,20.475185246278716,8.337221132471198,0.4290883122634456,21,India,Mobile
5079,33.17595554010655,11.575687592437887,0.5552820231647482,3,Germany,Tablet
5080,16.376527606506862,7.2189001576566065,0.394199605783122,20,Germany,Mobile
5081,23.023855211080303,10.40798362592933,0.45366487730871535,2,US,Mobile
5082,28.660937223932876,7.4714160141633865,0.48126578072720805,13,US,Mobile
5083,38.098088195203204,10.16456068624652,0.734608574078091,10,India,Tablet
5084,27.293033492137013,7.658973879396623,0.5471165064098163,17,Japan,Desktop
5085,27.848439196702365,6.012355747656206,0.6815741282934532,6,India,Mobile
5086,30.696219771993036,12.039027645068336,0.4771007871428111,3,India,Mobile
5087,20.517923040781664,10.75494049035627,0.4794798778439249,23,Japan,Desktop
5088,30.148148201615523,8.472768581433092,0.4233344555259502,3,India,Tablet
5089,27.322955150115195,10.171438170125711,0.4735464441677538,11,Japan,Desktop
5090,31.547225050997753,13.465451491818367,0.6306502077646979,16,Germany,Tablet
5091,34.14363487196518,10.654859086385983,0.7781429659821413,5,UK,Tablet
5092,28.1317073972588,7.96300543039721,0.5477838711350311,3,Japan,Desktop
5093,36.810586169321006,6.685556392168042,0.5529187927813498,11,India,Tablet
5094,34.93924443931222,4.504485869155342,0.5381248023928102,8,US,Tablet
5095,41.215902400859704,5.075109545655041,0.47321490524256904,9,Germany,Tablet
5096,20.9801364505253,8.365217724580301,0.5343811435574087,10,US,Mobile
5097,27.975990033494398,8.795785797796512,0.4684459129770787,2,US,Mobile
5098,18.990983471404164,13.99511538764205,0.38157694151006644,3,US,Desktop
5099,11.083021790432234,5.571409892227313,0.42693283899480616,20,US,Mobile
5100,35.66011671241057,7.3903084555972,0.4542665556978783,8,India,Tablet
5101,41.34290579930536,3.4958929618879138,0.31319291944219485,3,US,Tablet
5102,6.770646583365565,7.8608492673547055,0.5623260721671723,23,Germany,Mobile
5103,36.51471654572077,8.192212374752307,0.4476567967082327,2,UK,Mobile
5104,28.28119732237125,5.458395471125184,0.38598986165077087,22,US,Desktop
5105,9.781077820594053,14.463417486918875,0.34479398384833065,2,UK,Mobile
5106,41.41282182689737,10.75612299713832,0.47744117891916726,20,US,Tablet
5107,30.20439340525436,12.957751620852669,0.5017963971894301,13,India,Tablet
5108,20.884498304823822,8.628580905793964,0.314612053709734,2,UK,Tablet
5109,22.246756720371685,6.346663418036713,0.3731824592876499,2,Germany,Mobile
5110,56.67290833488097,15.374357757614444,0.48341034346075035,8,US,Desktop
5111,25.458760434581652,10.948758427213482,0.46403548276153617,7,Japan,Mobile
5112,40.10693355593661,9.685159383884384,0.5720231170274843,21,Japan,Mobile
5113,20.046916265838355,12.732594406628312,0.4229181755877359,19,India,Tablet
5114,33.598506882627206,10.665998354604508,0.36788715601528077,23,UK,Mobile
5115,35.03734683636328,15.693607001417876,0.38109222121899294,17,Japan,Tablet
5116,24.953286321766658,7.437741218152345,0.5001667097809621,19,Germany,Mobile
5117,51.26973339467463,12.349886047941212,0.5687528960577095,14,UK,Desktop
5118,14.109192867956125,6.10165021084668,0.4537508112319712,20,UK,Desktop
5119,42.679204851984494,7.745942398307541,0.35323469149550457,14,UK,Tablet
5120,27.9788471843775,10.838775860758574,0.5528380545957897,9,India,Desktop
5121,9.215834938871502,13.14689796169044,0.6484449265187129,19,UK,Mobile
5122,26.12346679877198,6.88604356603266,0.5430632086887803,19,Japan,Tablet
5123,39.601735398135176,14.619792437421133,0.7233159956599029,3,Germany,Mobile
5124,34.229900640106926,10.819942527389946,0.48438165218688417,22,UK,Desktop
5125,40.95453723285712,15.327420596463876,0.4470577628178224,21,Germany,Desktop
5126,28.04466967369982,8.015066448926925,0.4399662236336416,10,UK,Tablet
5127,233.81596209783442,11.082872154409015,2.1549026230568087,3,UK,Tablet
5128,12.726523985434671,5.671661021759819,0.18366580009695782,6,Germany,Mobile
5129,14.840264986467941,6.927542512923451,0.368477944565307,7,US,Mobile
5130,29.16460562375876,7.76167126036632,0.5240457438965029,1,UK,Mobile
5131,42.15063970841268,12.240859298419329,0.2053305837356988,21,UK,Tablet
5132,35.52263019325013,8.334328628353454,0.38445982358963815,16,Germany,Tablet
5133,36.103761790992365,9.937094391156265,0.5453283013940047,13,US,Desktop
5134,26.325654642524775,12.33173385029901,0.4278373268220627,4,Japan,Mobile
5135,40.0634671240623,12.735454766005665,0.3738808617788231,5,Germany,Mobile
5136,29.465472366800896,11.321752852098271,0.5951223880674448,20,US,Mobile
5137,43.24552155364695,9.920614403563762,0.4780019096584604,1,Japan,Desktop
5138,9.925841717038896,10.387424250228253,0.6133589372836132,4,India,Mobile
5139,20.559850010142547,10.182548195567907,0.539757496710111,7,US,Desktop
5140,24.078749979328684,11.697722594700211,0.47454759283933284,18,Germany,Mobile
5141,30.72331838730436,11.263991801629567,0.3935988896566162,13,UK,Mobile
5142,39.356594367405364,4.591873854343477,0.3659060925782532,19,Germany,Tablet
5143,18.498572046228567,11.010949584177208,0.62457268246671,2,Japan,Tablet
5144,25.54621042430937,13.449764161012942,0.4273574415698044,19,US,Tablet
5145,21.870101276795957,11.173314398188829,0.6721297120365106,14,Germany,Desktop
5146,54.932197908468176,8.895783396093151,0.4579816932034217,12,India,Desktop
5147,34.47500051916845,12.817166659827365,0.2590657291798536,16,Germany,Mobile
5148,32.875890342197756,13.227252423408505,0.5455784043078715,22,Germany,Mobile
5149,20.328270393813856,11.818021946654312,0.5575999018537502,0,Germany,Tablet
5150,31.819654787525447,11.361161813218901,0.32348977375005394,22,Germany,Desktop
5151,18.420726348289357,6.345811624860832,0.36228515357990954,3,Germany,Desktop
5152,28.68644798357165,12.751097151992,0.5476754838153348,4,US,Mobile
5153,23.869201050684033,13.289313022556865,0.5837073542624185,18,India,Desktop
5154,33.45245667177277,11.54755444928406,0.4890575527434155,3,Germany,Mobile
5155,17.787561995762687,11.512022273336546,0.5197774203739908,0,Japan,Desktop
5156,8.67511239580752,7.4123916090426665,0.38174610396728487,0,India,Desktop
5157,36.58391238655125,12.692848671819995,0.4608876338610066,5,US,Mobile
5158,30.72918163763657,11.98050972151453,0.514458882411641,1,Japan,Desktop
5159,27.780912184773968,12.633193511832545,0.34332043091640485,16,India,Mobile
5160,39.7296370377111,11.275534908580195,0.7043992772511601,5,Germany,Mobile
5161,31.929542957125935,7.897844501388585,0.5410516058067516,20,UK,Desktop
5162,13.917888638201887,11.054542267510067,0.7404041908555605,7,Japan,Mobile
5163,36.690854162047486,12.991185190818282,0.5733335862257078,3,UK,Mobile
5164,147.79352515576184,5.8484484221140995,2.261675662023959,2,Germany,Desktop
5165,28.294106479593538,16.18058595245343,0.442789746382147,0,Germany,Tablet
5166,32.652631161247534,9.317949035731514,0.34271066718583343,23,Germany,Tablet
5167,40.8775482882904,12.19334351324126,0.47328036091589276,17,Japan,Mobile
5168,28.00563972069192,7.141798807630809,0.5379765052569733,1,Germany,Tablet
5169,25.181817391341106,5.9728792146650065,0.35434111036485094,6,UK,Desktop
5170,28.271089084937763,11.36717814898787,0.5836387702561302,17,India,Desktop
5171,14.939056533233943,15.251083391787176,0.44528739676695406,18,Japan,Desktop
5172,54.63493694376504,13.491626140230894,0.5908787651117537,22,Germany,Tablet
5173,31.68703216088991,12.182846136244748,0.38040485316557665,22,UK,Desktop
5174,34.242122519286525,9.525703691796036,0.5707852812542107,4,UK,Mobile
5175,35.095961557065294,13.55017236334717,0.4406308483515099,4,Japan,Mobile
5176,30.657231119499723,8.22561981971435,0.4490159585445094,21,US,Tablet
5177,30.987976912535615,9.065849429221558,0.5714071307334415,4,Japan,Tablet
5178,38.13797701921834,9.09648585391088,0.6370873294629446,23,India,Desktop
5179,25.008880189532874,10.765863882706277,0.5181961746131521,1,US,Desktop
5180,28.254558772333677,9.722772509694579,0.5763087993038344,5,UK,Mobile
5181,31.1713999562125,7.595588788824121,0.5407397320037959,14,US,Desktop
5182,32.08482579960254,9.414645030560527,0.44162749037799554,22,Germany,Tablet
5183,14.014415552811784,6.43136327972603,0.6796928772509092,21,Japan,Mobile
5184,16.44903759577199,8.341924996594017,0.5209064826563196,21,India,Desktop
5185,28.859848062381676,16.175723718507548,0.48098966912967867,17,UK,Tablet
5186,29.34340138475949,13.515623441741528,0.6180211119781461,3,Germany,Desktop
5187,27.779038113961956,5.907239999607341,0.5368621502223454,3,US,Tablet
5188,17.375433498324455,8.48531712873023,0.4562183479658532,19,US,Mobile
5189,51.85981555821418,10.575217575572136,0.6304608238873378,8,US,Mobile
5190,7.094964458015852,8.736252073860227,0.4949215877526981,8,Japan,Tablet
5191,21.285138905515844,9.176061592336092,0.580274555831428,12,UK,Tablet
5192,47.59884866912351,9.419496434588236,0.39794027820855987,9,Japan,Desktop
5193,26.187136331180824,10.710220578010823,0.4635120761858151,11,Japan,Mobile
5194,24.24531067196932,10.646964924644575,0.4787337320196737,2,US,Desktop
5195,22.985176640912563,13.172649655424033,0.41761043274014487,2,India,Tablet
5196,30.529095966546578,10.497938970139048,0.5263354146376225,16,Japan,Desktop
5197,37.03734272081349,11.134443336981931,0.409049584508383,20,Germany,Mobile
5198,43.35126863121371,6.901593694525263,0.5168500542356129,15,Germany,Tablet
5199,37.92963775547394,10.524903783965442,0.39844562038839937,17,Japan,Mobile
5200,29.86205165670104,10.711523653015126,0.6240326555839437,13,Germany,Tablet
5201,35.97036272193324,16.13213015424906,0.5578645200145829,2,UK,Mobile
5202,15.234037519190519,11.319691980458426,0.5123186557176201,14,UK,Mobile
5203,31.172436321348627,8.640292503977012,0.4832721226777295,17,India,Desktop
5204,42.72782104768578,6.5433710227339255,0.5307280800828398,5,Germany,Tablet
5205,31.35648348478236,3.9728237807121793,0.5225168690289476,2,Germany,Mobile
5206,21.439488375943,10.887271392451513,0.45377856350986423,7,Germany,Desktop
5207,39.50447767836028,11.973162233931985,0.4990199623989389,12,Germany,Mobile
5208,14.67220005360419,9.082070153191497,0.565760101676815,9,Japan,Tablet
5209,25.96000517553979,12.723073889579947,0.3829011696647258,18,Japan,Mobile
5210,34.35024147546249,9.350734896248769,0.5181040419195428,0,US,Mobile
5211,33.12063517601143,7.718725572331449,0.5962539429016661,14,Japan,Desktop
5212,28.401449487029943,8.166683602378448,0.5170461777805606,1,Japan,Desktop
5213,30.22823078842396,10.999234719692275,0.33620016893452853,6,Japan,Mobile
5214,10.088192288162968,8.959834656527837,0.5391817058784234,8,Japan,Desktop
5215,27.520200519086593,8.444834314985624,0.44068328453804,5,India,Mobile
5216,166.2833161583974,8.768091024332723,1.4314558708800518,7,Germany,Desktop
5217,29.199780682851443,12.534207078580144,0.41106466118885726,8,US,Tablet
5218,36.70768814010749,9.803103237961396,0.56021233589319,4,India,Desktop
5219,31.74319479981654,12.896835587595824,0.48717517942194033,2,India,Mobile
5220,6.994703083381516,9.190591855842625,0.3998636840603551,1,Japan,Tablet
5221,18.662945205979764,10.48609183238304,0.45123097872052614,21,US,Tablet
5222,23.051773408129016,10.175103890625712,0.5113194982878615,11,Germany,Tablet
5223,20.430239008407355,5.509197989899748,0.48946484981120364,14,US,Mobile
5224,27.00590009621167,10.252486152855553,0.6672979660572401,15,India,Desktop
5225,31.026330410198277,12.049391194316472,0.6615926631065648,18,Germany,Mobile
5226,12.11919852188511,12.395477904394026,0.2490637282865858,14,Germany,Tablet
5227,18.771618014284453,7.786800867966633,0.44542962083871857,20,UK,Desktop
5228,10.85373924997468,6.97990904551688,0.5510189813932418,5,Japan,Mobile
5229,44.99737184794844,5.782185740410708,0.41949831235636836,3,Germany,Mobile
5230,6.738417039393589,4.431403939895683,0.5145016209812722,8,Germany,Tablet
5231,14.050800052131926,11.876992173875582,0.5179633550604633,19,India,Mobile
5232,32.51358045157046,9.173464010394321,0.4092921915767179,16,India,Desktop
5233,25.480331226420827,7.533831332517799,0.48877752541792485,20,India,Desktop
5234,29.596404046608214,14.264702216462027,0.6310752615483752,23,India,Mobile
5235,28.17365670016439,8.286294351821299,0.40479929786063357,6,US,Desktop
5236,38.24144101693357,15.975932464368604,0.5367694860052915,9,UK,Tablet
5237,30.634557718773465,11.902098527011008,0.49789775089137933,13,US,Mobile
5238,27.015925789749286,12.180177290955907,0.6366510988414119,6,US,Tablet
5239,32.98295144676244,13.780247776623733,0.49945766947339926,7,Japan,Desktop
5240,21.133723993382603,11.948629311040328,0.47730739250853016,17,Japan,Tablet
5241,38.93352540681858,13.915049856977234,0.4341499418369026,3,Japan,Tablet
5242,30.843843515916404,9.462466367129979,0.4534125979522881,21,US,Desktop
5243,33.5905037587483,12.968524431494458,0.24872337622188928,11,Germany,Desktop
5244,36.44163970060384,3.1708960672143656,0.5255209086855401,0,US,Desktop
5245,27.447032381183536,11.10786972704804,0.5009436630736794,16,UK,Desktop
5246,45.71756120987244,12.743347779681294,0.4464881842463041,1,India,Mobile
5247,33.7243324545177,6.6732133651899375,0.5494605395218386,15,India,Desktop
5248,30.48026459363034,6.307178762491554,0.20901123137016242,12,India,Mobile
5249,27.66714458381654,8.325413057584125,0.3764422750368414,17,India,Tablet
5250,30.373403458484848,15.434149404500468,0.5291713855564426,23,Germany,Desktop
5251,25.603880691064177,8.457192758838538,0.5697112614348444,16,Japan,Desktop
5252,27.80111032435548,11.393476831499392,0.5368923076455444,21,Japan,Mobile
5253,15.683446124248308,10.908979786468215,0.4861610275762679,4,India,Desktop
5254,34.916128812739224,7.297757069235873,0.4830443335267968,11,India,Desktop
5255,21.11834791484426,13.90099643051603,0.3626916268048015,20,UK,Mobile
5256,27.860700432677206,13.924450075451954,0.2750752602666748,8,Japan,Mobile
5257,28.934495590333903,7.527399056669067,0.44678221669563556,20,UK,Desktop
5258,25.315586293543767,16.237299695023193,0.5595269032060267,11,US,Desktop
5259,24.513949807580566,11.476226393436068,0.6144697275305957,3,Germany,Desktop
5260,31.565017687094727,11.748146439937324,0.34723017391494726,15,Germany,Mobile
5261,5.792731527136009,11.93185627426378,0.4577033693562546,23,Germany,Tablet
5262,24.243124734792623,11.645098977040877,0.5135959408843154,21,US,Mobile
5263,20.875102872648906,6.5308184777234075,0.4507187929742112,22,Germany,Desktop
5264,14.734533288353099,12.960115414684925,0.5296314760482331,20,Germany,Desktop
5265,39.134935656127205,9.523159914366685,0.4743131729498463,11,UK,Tablet
5266,29.279711366107087,13.637786677697328,0.721165969013704,16,US,Tablet
5267,28.098820152130756,7.659614287570365,0.5116889452808924,23,India,Desktop
5268,16.202652107602532,7.101859105063169,0.6214363865005553,23,Germany,Tablet
5269,35.72743118091248,13.895398189790765,0.5042786562694326,20,US,Tablet
5270,29.03321944059886,14.830169956585483,0.5250838124295985,7,Germany,Tablet
5271,16.63616069358641,10.850901162970622,0.6255928009115954,21,India,Tablet
5272,46.162695951445315,7.00586067668711,0.5394334232793023,3,Japan,Tablet
5273,51.69561852272741,2.676149760028796,0.2773160783482368,15,UK,Desktop
5274,25.48614485396057,11.740520813992761,0.4828061031952486,10,UK,Tablet
5275,10.194293964172626,9.815535231576597,0.6151551909977833,6,UK,Mobile
5276,158.6724795926758,10.841213812851526,3.0095885560349744,12,Germany,Tablet
5277,45.97222234982728,9.618526416514605,0.5803901225685499,21,US,Desktop
5278,32.287617576144115,7.19299651247775,0.5486009324377825,8,UK,Mobile
5279,9.032689607930635,12.78963290163621,0.4563165102721398,11,India,Tablet
5280,48.541187633008846,13.64269239617009,0.2644262930622071,5,India,Mobile
5281,31.49286051082704,7.818232966706464,0.5602685930249338,19,India,Desktop
5282,31.341597528881305,10.424226334909356,0.6097719898751877,15,Germany,Tablet
5283,24.599796770270515,9.714515403003935,0.5441687860270727,12,Germany,Desktop
5284,24.728157506698796,6.979399267001297,0.49496934439983215,22,US,Tablet
5285,34.17532312073421,12.53192984318671,0.4890716509960074,12,India,Tablet
5286,26.307584314173162,10.562766800107173,0.49102601013597424,8,US,Mobile
5287,6.411709725935168,11.007092980238033,0.5284881645123681,16,UK,Desktop
5288,213.0369642714968,8.17689656988628,1.4293208609807357,3,US,Desktop
5289,29.0281491361168,0.8440597390755809,0.4781286882418323,20,Japan,Desktop
5290,30.008320017496352,7.307364563396933,0.5445185011841304,5,UK,Mobile
5291,34.85422290559322,12.920297837010851,0.6395527878686069,1,Japan,Mobile
5292,40.16535383752086,7.8355662743589285,0.3493817743376506,23,India,Tablet
5293,48.308613396566884,14.41461398116885,0.3241524239640205,8,Germany,Desktop
5294,36.93326707392864,16.886914713095376,0.36512334090205345,19,UK,Desktop
5295,29.529634418524928,11.57130576859818,0.47209911572155494,15,Japan,Desktop
5296,36.003965928386954,13.322970910341684,0.5346841218302897,18,Japan,Mobile
5297,24.50427077641421,9.115956050649135,0.5255266690451081,7,Japan,Mobile
5298,0.8424465053494465,12.467272923873804,0.6301820519711113,8,US,Desktop
5299,17.332405760121652,16.962486786321918,0.5688770386478723,14,India,Desktop
5300,23.780718461615933,12.786610067925347,0.43413878310834797,16,US,Desktop
5301,31.931650970410768,7.682537240077121,0.45815175578224815,3,US,Tablet
5302,7.243789442769835,7.71163878427674,0.5669663417514753,2,India,Desktop
5303,48.405528010024895,4.376605703876663,0.5349743961550348,6,Germany,Mobile
5304,34.66198154528616,11.754385652237326,0.6865112123829076,12,UK,Tablet
5305,27.06634938228019,5.4047726297440555,0.3577777994743436,16,UK,Tablet
5306,43.67304676325462,14.135223336443248,0.4800421497131121,18,UK,Mobile
5307,13.199842204687936,5.302459782166805,0.43956276328167637,12,UK,Mobile
5308,25.97167432009212,13.04466335955183,0.45842843060998106,12,Japan,Desktop
5309,22.15866941538049,14.1977617563191,0.30687017227184665,19,Germany,Desktop
5310,48.94325896364458,8.835694729682814,0.6529170213439259,12,UK,Tablet
5311,259.34105129926996,12.068702126958742,1.2684547308817955,8,Japan,Tablet
5312,37.052110391238344,10.680894523652073,0.467558467368214,0,Germany,Tablet
5313,31.42030273898737,7.450372927198053,0.6151144174419045,9,India,Mobile
5314,25.589610169115726,12.429190176816729,0.5028904427531156,23,UK,Desktop
5315,17.44371957616243,11.961488396563073,0.5498667759655372,12,India,Mobile
5316,16.87095749551481,6.051304567003429,0.6475569584984457,16,Japan,Desktop
5317,22.759909070231807,10.514942175868505,0.33333375290050515,10,India,Tablet
5318,33.67440474883105,6.32482907874844,0.48895519559082085,22,India,Desktop
5319,39.318839965753,3.186042606623527,0.3226521847276952,7,UK,Desktop
5320,54.53663608314808,15.910294332113079,0.6269648077717584,1,US,Tablet
5321,34.08835058353944,13.474290672137467,0.45139073557113857,17,Japan,Desktop
5322,20.055474109439228,12.72394547384162,0.6561527131445362,11,India,Tablet
5323,24.56955378808116,13.746117865985319,0.4574730680549212,19,Japan,Tablet
5324,14.010253249477609,6.8582848215911145,0.5315062698833575,22,UK,Mobile
5325,29.5733305512748,13.291305434419243,0.4233709923901133,4,India,Desktop
5326,30.95678053119545,12.669224273416201,0.5153751511663675,0,UK,Tablet
5327,40.533306389815586,10.613357623466257,0.44191800035528045,19,US,Desktop
5328,25.548183800995137,12.491179431257326,0.4114095093947066,7,US,Tablet
5329,42.506082697073566,10.5038964241161,0.6766406524199855,0,India,Tablet
5330,25.697371773097814,10.687746272415879,0.4678015231558494,18,UK,Mobile
5331,13.034978619164956,4.29917002191209,0.6920438866922471,6,Japan,Mobile
5332,13.079025218690681,5.159332508217563,0.4885263693358578,10,UK,Tablet
5333,21.0670551586145,7.230784435748037,0.44613014067736284,9,UK,Desktop
5334,35.737936083237805,14.087537847856524,0.3652244677465891,18,US,Desktop
5335,14.772041755510264,10.802892950730005,0.3817728749903939,18,Germany,Desktop
5336,25.58004075912816,3.8941081873680092,0.5183506143604897,7,Germany,Desktop
5337,32.0346017552215,9.60920265519892,0.5350889593973549,9,Japan,Tablet
5338,15.585297836335013,9.135323571267323,0.39874314590850335,3,Germany,Desktop
5339,21.227157929302823,6.409862837252565,0.16083251297988155,5,US,Mobile
5340,41.477034236664444,7.71451379524979,0.44285865970745586,9,India,Tablet
5341,32.391409919768456,11.792324625830963,0.47470025458712284,16,Germany,Desktop
5342,19.774753910110295,7.545961526589879,0.4367022029993347,20,India,Desktop
5343,29.69668360053415,7.537322179401821,0.5523453468435793,10,UK,Desktop
5344,37.592228221155835,14.76465095563863,0.402335526748242,18,US,Mobile
5345,34.63689785024725,8.999801790434931,0.511393820798732,5,UK,Tablet
5346,17.662702394380094,8.851556529432022,0.7472849558388235,21,UK,Tablet
5347,39.372723819523465,8.479397026329746,0.6094147900291835,8,Japan,Mobile
5348,46.162596410645,5.698097824587565,0.4749296474092547,12,Germany,Mobile
5349,34.37143845562108,11.34844134528591,0.5310262438283384,12,Germany,Tablet
5350,28.37460244324115,5.086181154098604,0.6148794390598968,21,India,Mobile
5351,10.091878832944609,11.080359410548954,0.4449006506599587,11,US,Tablet
5352,130.3373836328435,11.378287956031679,1.1159498172712683,20,Germany,Mobile
5353,27.33248346470296,14.366859253361598,0.5959156546012689,1,US,Tablet
5354,16.228289666478524,9.992601769431673,0.5512536004694949,12,Germany,Tablet
5355,49.04497581168374,9.218230797108415,0.6020881049410434,16,Germany,Desktop
5356,26.79444475885159,3.5267972854272838,0.4322272983318739,15,India,Tablet
5357,47.789115723557686,6.360012813841687,0.30960845405904747,8,Germany,Tablet
5358,44.072034005107774,13.660059786741416,0.31882624925542724,10,Germany,Desktop
5359,22.669082796180845,10.703424178534412,0.3543157024838414,19,US,Desktop
5360,40.80634939348778,9.402108583398244,0.47739087819412884,10,Germany,Desktop
5361,9.92117843229726,18.479626488502603,0.576631505726599,21,India,Mobile
5362,34.46193441333322,15.694485115687428,0.5851193094141381,16,India,Desktop
5363,20.59556062928924,6.2673477530780755,0.4686171196293426,11,Germany,Mobile
5364,40.32567030509331,7.121165041376562,0.528250332111899,23,UK,Mobile
5365,31.263099987564942,8.481677059103125,0.5049679830929624,4,UK,Tablet
5366,35.673624703477785,13.206584042367734,0.5989972286153796,10,Germany,Desktop
5367,43.74835074801976,13.079530878052676,0.6185141476990023,18,India,Desktop
5368,22.92898568921548,16.151094023012945,0.666892302642368,23,US,Mobile
5369,29.25288827878578,10.030995504090201,0.46993648253762277,19,Japan,Desktop
5370,20.82421828744,7.9218566176923835,0.6118794915434066,0,India,Desktop
5371,23.54441911877104,3.732376916657312,0.6179085857824751,6,UK,Desktop
5372,37.96427906139403,7.640777192843827,0.4068775657136475,13,India,Tablet
5373,27.05198011926917,12.540775772315856,0.45447210395649146,17,India,Desktop
5374,38.558424510629585,6.283948814198409,0.5400111611745995,17,UK,Tablet
5375,52.089334051676644,7.010023114282481,0.6776509104756556,12,Germany,Tablet
5376,28.74763198231808,15.52447619963727,0.5108069861036018,11,Japan,Tablet
5377,37.609462008575605,5.465695332792882,0.440900759491556,19,UK,Tablet
5378,20.707670428514767,9.300923188379485,0.4562509439950131,7,India,Tablet
5379,53.97039559353875,3.828943715694278,0.5137893813855735,21,Germany,Tablet
5380,33.000605967688664,10.887881608286218,0.3496517871224055,19,Japan,Tablet
5381,54.437227465238685,14.061153282870823,0.45500994509600345,9,US,Desktop
5382,45.12169189524663,8.841652369627537,0.4229565857097732,23,Japan,Desktop
5383,18.58063840684101,11.752465313404885,0.5097837948930479,13,Japan,Desktop
5384,33.84671037683933,16.277207767370097,0.543168453183986,23,Japan,Mobile
5385,20.603930740340644,9.589060971678284,0.37718314417703924,3,US,Tablet
5386,6.778755147767384,12.17780233261505,0.2853449654648538,3,Japan,Tablet
5387,29.861082271556924,10.028592101398303,0.6228148221986916,2,UK,Mobile
5388,19.518592104237737,7.793438713280418,0.46501779415341193,3,Germany,Desktop
5389,13.367458252485651,6.998435658546306,0.4131994600652529,11,Germany,Tablet
5390,26.225578837798604,11.677645177394727,0.43736243506443023,5,India,Mobile
5391,36.79425424071139,6.678989201697788,0.5505908882889788,17,Japan,Mobile
5392,24.755393394857855,8.62215627534567,0.5068748892034565,14,UK,Tablet
5393,23.93894246177849,11.365824318055937,0.6004835633322605,22,India,Tablet
5394,37.47331440874299,6.908239224805402,0.5237219495662256,0,Germany,Tablet
5395,31.799013355451134,9.38438456301649,0.3547887976440659,18,India,Desktop
5396,33.41195248409693,10.886762434268189,0.4994884164788577,1,India,Tablet
5397,32.80169777950747,11.203817513213638,0.424048855076073,11,Germany,Desktop
5398,37.98910483844408,13.379869650474522,0.3904321968536387,14,Japan,Desktop
5399,48.27717092664958,11.180050127576234,1.3710179421227668,19,India,Mobile
5400,26.53104894261569,10.227856646680737,0.4979950262612271,14,India,Tablet
5401,291.2953738848786,5.716037016382782,1.635498735856869,18,UK,Desktop
5402,9.641767745319175,10.185335389587099,0.4610376877146873,8,US,Tablet
5403,42.16377991739818,5.339001982695727,0.2793653934189501,19,US,Desktop
5404,40.91407542805418,11.471830482879556,0.4374604103644008,14,UK,Desktop
5405,26.265133350764508,7.243036793537136,0.5416511640937545,21,Japan,Desktop
5406,29.876366098675057,16.785398949462973,0.362212763953232,13,Japan,Mobile
5407,30.28692872623359,7.1092063687420755,0.3818137794761114,14,Japan,Desktop
5408,45.760708363938804,8.47719522338923,0.4497621786122526,22,Japan,Mobile
5409,49.134892247837115,8.328866357636059,0.4533229754916297,9,Japan,Tablet
5410,42.489622711605364,12.107643464500775,0.4169605968439586,16,Japan,Mobile
5411,32.58265674097902,6.607528965064134,0.5715994328491423,13,Japan,Mobile
5412,23.37185529370854,13.72510770207943,0.527268792724925,18,Japan,Tablet
5413,28.07884859141542,10.414938104694466,0.5346912726137728,12,UK,Tablet
5414,42.15404311806894,3.7334398717470183,0.4949341079984083,2,India,Desktop
5415,28.25056304974172,7.886481946255785,0.5782058369602741,3,UK,Desktop
5416,10.553226988481484,8.989941911310067,0.6387081456285854,19,India,Tablet
5417,144.26091405534802,6.563614298510968,1.1434923477668995,10,UK,Desktop
5418,38.03205049599683,5.977189470645638,0.39022001341396645,14,Germany,Desktop
5419,9.542691072377036,7.267207227407361,0.3800932696219076,16,Japan,Tablet
5420,32.096223723674335,11.474862538774094,0.4030602939241681,22,US,Mobile
5421,34.85050648068424,13.46240683233784,0.4462670571344831,5,UK,Tablet
5422,33.18852235619672,10.320008974122022,0.4718656325871698,17,UK,Mobile
5423,41.41006581029406,6.945003755033088,0.5370090427494795,22,Germany,Mobile
5424,31.12155857675305,14.048493680240005,0.506595502426021,0,UK,Mobile
5425,17.521484916368244,17.611097656824285,0.3850452066044402,3,Germany,Desktop
5426,29.705507689677784,8.811291551557435,0.4292211056879563,20,Germany,Desktop
5427,30.79060338464732,13.618814360034913,0.4946592261240056,13,US,Mobile
5428,34.8359783150191,10.056697977407293,0.4062951376913638,2,UK,Mobile
5429,28.948508908592036,13.07431893530544,0.5207672409549877,9,UK,Mobile
5430,49.44106036812114,11.019126142538497,1.6907345349862204,9,US,Mobile
5431,28.558852199764523,7.332839024849144,0.5583235844889148,19,Germany,Tablet
5432,44.172980378340284,10.660847967390545,0.5515855539207358,14,India,Desktop
5433,38.89343440535836,13.393645817437806,0.3392983678742383,5,Japan,Mobile
5434,18.55944633041649,14.282518015428426,0.6611367103770173,5,Germany,Tablet
5435,10.1836223425654,9.672004879099015,0.5469909035286422,7,UK,Mobile
5436,13.834882709602326,9.796193096512038,0.6720266718260418,20,UK,Tablet
5437,28.228787501143696,12.815744773491527,0.4458286887802698,23,US,Tablet
5438,30.934194643932717,10.266976631449765,0.5266857126177971,4,India,Desktop
5439,19.893771431522374,14.454185489959114,0.3345985343275699,12,US,Tablet
5440,22.75774224766434,18.301700782652013,0.44739065835491054,21,UK,Tablet
5441,39.41792846173812,11.535161164815584,0.6358768169188058,19,Japan,Mobile
5442,31.753799596475687,11.002249218765666,0.6633870663097038,12,US,Desktop
5443,24.681151952103892,4.570358818078862,0.43660578790486293,8,Germany,Mobile
5444,26.44453756607908,11.52094320270234,0.3679449878051075,21,Japan,Mobile
5445,29.25920614165588,10.166505765191776,0.4613196108110623,18,India,Desktop
5446,28.15606154910659,12.119511962700129,0.40976552559902246,15,US,Tablet
5447,41.71015391533616,10.376866989710505,0.41556182478121867,9,Japan,Mobile
5448,16.57847791492926,10.232565411366094,0.397386334735966,13,US,Desktop
5449,31.87679747916101,8.829660991095327,0.5507779827093329,4,US,Tablet
5450,20.537938164951804,6.232677168731334,0.48326690342164647,21,India,Desktop
5451,48.342813076933105,9.150960458735904,0.5404407914459446,19,UK,Tablet
5452,12.220449781851855,8.218340170524959,0.5591010158750442,22,Japan,Desktop
5453,32.04960066419904,14.366888666841081,0.6408916259695069,21,UK,Desktop
5454,31.57145743812055,12.352844659676869,0.5425020948449651,23,US,Mobile
5455,189.03329318826445,13.003032360228598,2.908244826833731,22,India,Tablet
5456,26.370580180067265,10.512697811579445,0.4650200915438409,13,UK,Tablet
5457,225.84237021244024,8.96007182733661,2.4593004275629777,15,India,Desktop
5458,40.40053674008014,10.056191560167498,0.4666761027323842,23,Japan,Mobile
5459,44.53467940159648,9.682701482401882,0.6224239695044931,4,Germany,Desktop
5460,30.7036849410054,7.7895041533594,0.5233174831676632,15,UK,Tablet
5461,34.42165824797644,13.574058971717644,0.48707442797801315,4,Japan,Mobile
5462,40.00509855445523,6.753978540938901,0.4183190542035941,11,US,Tablet
5463,39.80809560847515,9.018296405043442,0.31982990152349644,23,India,Tablet
5464,32.114393022958716,10.501769765249284,0.4803174116284017,23,India,Tablet
5465,15.737526802593404,17.466572450267844,0.4454974795978106,23,UK,Tablet
5466,42.257828575683504,8.518574547195735,0.5204381962206284,9,US,Tablet
5467,40.57466352901438,10.667890899404707,0.3506776144603778,19,Germany,Desktop
5468,12.763852918566776,11.559105555023041,0.5738007870014127,1,Germany,Desktop
5469,38.10395417108001,8.413084817018026,0.5768237009701369,21,Germany,Desktop
5470,20.596431459158907,14.370238838499816,0.4741017976378423,23,Japan,Tablet
5471,154.44248302148634,11.168867693765373,1.1950100086105668,7,US,Desktop
5472,19.308944649514817,12.666599019763922,0.42846175718129703,22,India,Tablet
5473,22.503344564381315,8.869834398756602,0.5896276330159832,12,US,Desktop
5474,28.90241600112983,8.024947845422666,0.6163856143597449,13,UK,Tablet
5475,19.70575744566679,11.697012369115253,0.37453469565569186,12,US,Desktop
5476,24.898167402128156,9.738617428888807,0.4595520414060685,17,Japan,Mobile
5477,30.374761615602747,17.407169591259617,0.4726363385371656,2,UK,Tablet
5478,29.010449827642507,8.38079484968108,0.5162111472414382,2,Germany,Tablet
5479,21.697580751825335,11.254746222647862,0.3585031607068473,11,Japan,Mobile
5480,30.5538346012807,12.890097950749862,0.5789014208775769,16,US,Tablet
5481,26.494730981661128,11.862171486609194,0.5030566578218879,21,UK,Mobile
5482,35.50701892897308,10.42031597286472,0.2985179420015507,17,UK,Tablet
5483,38.939940738127994,15.333288600233123,0.4270550839562144,4,India,Mobile
5484,39.02230802899056,6.686510797535183,0.5115433793536383,17,Japan,Mobile
5485,34.70962984181644,10.301567280805141,0.6769474442563934,13,India,Mobile
5486,24.240837407823463,12.662647299344435,0.34752422333528243,2,India,Desktop
5487,8.978163523910005,14.354084492802752,0.4501397571299046,1,Japan,Tablet
5488,27.505074597958842,10.220126757717917,0.517704015668025,3,Germany,Tablet
5489,34.4876167485102,11.326823181821169,0.42487471262757254,10,UK,Mobile
5490,39.20028883850996,10.759978096251942,0.3902005975094086,19,Japan,Tablet
5491,26.26855652629843,7.101439813311125,0.36894496065583954,12,Japan,Tablet
5492,23.620703375627055,10.307629078573738,0.24857722085852163,16,US,Desktop
5493,13.283948126237721,8.203167286301944,0.5967570338591646,6,US,Mobile
5494,46.81100968460732,17.529447524779727,0.5791111023120341,6,Japan,Desktop
5495,29.304212292239068,11.255106691499712,0.49417415594141034,4,India,Tablet
5496,50.329364206163554,6.541050276707865,0.4825089749722707,21,Germany,Tablet
5497,11.548283281249837,9.149541434417854,0.24536382252833183,22,UK,Mobile
5498,158.1402160332162,8.580604604867302,2.5563493512305078,1,US,Desktop
5499,30.731604569423745,13.302091664209923,0.43955335794910083,11,UK,Mobile
5500,27.303697606779554,6.9003695959354,0.6017873457005071,2,US,Mobile
5501,33.96136052260488,10.584192694896098,0.48497198912334466,6,UK,Tablet
5502,14.948218690706518,11.555825627616983,0.5028478821317308,0,Japan,Desktop
5503,34.423906243264284,14.964352818059275,0.5563384633459237,14,Germany,Tablet
5504,27.939762763761035,7.269624526036681,0.5397499696771377,16,India,Tablet
5505,27.10185873606332,5.916855327250064,0.3619053899759794,9,India,Tablet
5506,21.65617904574875,11.057682689368127,0.5976838178031025,20,India,Tablet
5507,29.372324509704473,10.221249874704746,0.6253405920911792,17,India,Tablet
5508,44.21732014204821,13.043937056975633,0.46964534843935424,7,India,Tablet
5509,38.128711933000275,15.428592689992772,0.4706683456376439,7,US,Tablet
5510,40.13660314809944,11.78633352636372,0.4911046465200849,10,India,Desktop
5511,20.919623041014802,13.994674058396697,0.49599922541603797,6,UK,Tablet
5512,27.603729889754078,6.619312219735257,0.5484621548981814,19,Japan,Tablet
5513,44.928842884771086,8.23188959690695,0.46718905666496036,1,India,Desktop
5514,34.741496668471044,11.996390015677449,0.4596023042166977,14,US,Desktop
5515,39.440946655252944,15.561841343906252,0.42746739154261787,15,Japan,Desktop
5516,19.906071241953466,14.043377359706884,0.5828263947396872,1,India,Mobile
5517,34.17009468205226,12.952271601079119,0.43231162910664067,22,India,Tablet
5518,22.91080254854774,10.626010977462117,0.54113630796927,10,Germany,Mobile
5519,33.65351842425823,7.4915130695307255,0.628748162289294,21,UK,Tablet
5520,43.42290675287383,12.177024184910216,0.5712036280308747,13,Germany,Mobile
5521,23.470901001510313,5.240134449824666,0.38602243844057094,15,UK,Mobile
5522,33.66571685804097,9.621572359227592,0.43087196215019197,21,India,Tablet
5523,259.04746248300404,12.324526194532071,2.482977202873684,1,US,Tablet
5524,37.62973443683205,7.239788081936395,0.31795670264297515,18,Japan,Mobile
5525,39.88186080279547,12.513649784523528,0.5986879094916426,17,UK,Desktop
5526,15.908515993286823,8.313896098878686,0.568255328023773,18,Germany,Desktop
5527,32.38285596015493,6.534196955921296,0.4232205409713862,2,Germany,Desktop
5528,16.47138892272877,12.659407521572614,0.6153242305876048,18,India,Desktop
5529,39.429565927138555,11.27190056981601,0.4880654855216878,22,Germany,Mobile
5530,34.6182935878295,9.906381269872965,0.6707381961743121,1,Japan,Mobile
5531,39.5909184375859,8.048773396671494,0.5409383705772861,1,US,Tablet
5532,27.508388624010635,10.062876283616768,0.5563223513614657,7,India,Tablet
5533,41.296187119272304,8.345174471971717,0.5516095970256558,2,UK,Tablet
5534,34.76625383870575,10.239144685587426,0.6117826101774633,14,US,Tablet
5535,22.222482008336197,8.43893220643321,0.4099612076419838,13,Germany,Desktop
5536,39.98154302952962,7.12770399893168,0.43009468087326475,9,UK,Mobile
5537,27.36510546852735,3.8802973258595195,0.5125257543424306,20,Japan,Mobile
5538,31.460054825186308,11.48545698998441,0.5425652659476199,23,UK,Desktop
5539,21.84700279572541,10.89519178735884,0.6362092906593482,17,US,Mobile
5540,25.73578045859343,6.250651777841241,0.5022527630951028,8,Germany,Mobile
5541,27.487706430809574,11.278940713003305,0.43252854641018934,23,Japan,Tablet
5542,34.47901372453994,12.010174194144586,0.5523071622321354,7,Germany,Mobile
5543,44.31833085294663,10.137202861899977,0.6247899246970482,4,US,Desktop
5544,15.007186163719695,10.102215594989094,0.6032642646602902,5,India,Mobile
5545,28.287981878978538,9.38853137293335,0.29164710615046896,17,US,Mobile
5546,37.25517315127797,8.928148846502916,0.6302602519898531,2,US,Mobile
5547,25.99480809269375,14.51532993107478,0.34664870694087824,1,Japan,Desktop
5548,25.655206880157003,10.801072487070169,0.4144446784747556,13,UK,Desktop
5549,36.76579136378225,6.910672452934371,0.35230018312886846,16,UK,Mobile
5550,40.96754357880263,11.339823556002575,0.6478247115096988,8,Japan,Mobile
5551,19.422127701624948,13.725913570693994,0.5567994247738481,0,Japan,Desktop
5552,21.841043729021248,13.506343357892387,0.43591258291853346,6,Germany,Desktop
5553,48.17996576227011,10.759395862404087,0.5937830478514501,20,UK,Tablet
5554,40.051563789540964,9.476236599294541,0.3347011667972305,9,US,Tablet
5555,26.344631957958747,8.225020143693111,0.3782822067818302,6,India,Tablet
5556,34.740539185471164,8.59647107154463,0.6796455682036524,2,India,Tablet
5557,6.795208691331382,7.14423317851253,0.4972137875399535,5,UK,Desktop
5558,133.1891404522378,6.283061399081394,0.8785983454640741,12,US,Desktop
5559,15.756861608069528,9.291369441915377,0.45950333310434227,17,US,Tablet
5560,34.56441057030008,15.358827542907498,0.44867299265878235,6,Germany,Tablet
5561,24.104827731181818,7.026631267800204,0.7326418804875505,15,Germany,Mobile
5562,20.030323873986703,10.818503580602842,0.3395841951260636,5,Japan,Tablet
5563,30.319678362060117,10.454968884961653,0.44893767470119744,3,India,Desktop
5564,21.30099941814781,8.235342469012398,0.41686341204271665,19,Germany,Desktop
5565,31.119654510604647,14.82261061909093,0.5612305573708238,12,Japan,Tablet
5566,23.830024754976932,6.708937711089719,0.5303861468660571,21,Japan,Desktop
5567,21.715827609394044,13.1110319217842,0.4855772238884157,10,UK,Desktop
5568,42.91185370764444,6.955328765089537,0.4228520868776948,12,Germany,Mobile
5569,0.9604743843371324,8.06351660819494,0.5499974762437083,14,UK,Tablet
5570,36.29534171026448,10.581351517087116,0.5007476527266742,8,Germany,Desktop
5571,17.75630344435731,10.654295655978204,0.5440847685298201,19,UK,Mobile
5572,34.97918336858396,12.893707059288328,0.578445932748894,10,US,Desktop
5573,32.380756701379966,8.311083236820611,0.6325862071138227,3,India,Mobile
5574,11.464331328330562,14.35220835901688,0.6037921859667843,7,India,Mobile
5575,27.288480521345008,8.006739801097497,0.4835459292172302,1,US,Tablet
5576,41.261157268931214,10.494185948645738,0.44873586398355736,19,Japan,Mobile
5577,42.587080544455596,3.6228292756110596,0.3848296100883682,2,Japan,Mobile
5578,17.975863154632478,6.020075975431677,0.5085396192291294,22,UK,Desktop
5579,10.908884189161679,6.825582868886487,0.5992787982744076,13,India,Desktop
5580,24.18778006305479,3.9877921187751397,0.3856968089621042,16,India,Tablet
5581,21.02943571349085,12.168808776605875,0.5481513721883478,18,India,Desktop
5582,31.984878196557727,13.540941418756217,0.4850265055595688,19,Germany,Tablet
5583,30.3536765692504,8.289691193596285,0.7189117188067353,8,Japan,Mobile
5584,15.30009886646899,10.652303417208554,0.5430077949685124,20,Germany,Mobile
5585,173.99110216791354,7.799444584173229,1.2875210100743553,6,Germany,Mobile
5586,25.28656488525298,13.719008759811747,0.5464543349742232,8,Japan,Tablet
5587,25.442548741900804,7.325971867395055,0.5365382434192971,4,US,Mobile
5588,39.9193210877106,10.859577019852924,0.44204165323924277,2,US,Desktop
5589,34.7512506530367,8.339161981428745,0.5221539374778998,13,Germany,Desktop
5590,28.96700917762616,12.000355497657642,0.6176090782171623,1,UK,Tablet
5591,17.65469273240922,12.203137292409984,0.4704404930557781,9,US,Desktop
5592,39.44561268851221,8.295424391780884,0.43321490505660876,21,UK,Mobile
5593,34.74422214137875,7.77970515255778,0.4705965173434468,6,Japan,Desktop
5594,44.135585106604225,13.951399476974313,0.4635056686547222,18,UK,Desktop
5595,35.8345010916348,10.542990601264483,0.6679948902974945,9,India,Desktop
5596,125.89429426252087,15.07726416855443,0.744372937081293,9,UK,Mobile
5597,42.38887385239377,9.977819205376493,0.3921040581663516,12,US,Mobile
5598,19.835286604525347,12.403407482188374,0.6244286619201882,14,US,Mobile
5599,27.459436417605247,6.156992808846461,0.6368335439369224,12,UK,Desktop
5600,25.85084798987672,14.309021103462799,0.6140902979259941,13,India,Tablet
5601,19.10123632766389,9.481417621459755,0.553214975906051,23,Germany,Desktop
5602,15.194613892119479,10.635809683585245,0.6379051589381052,5,Japan,Mobile
5603,19.41508537974473,7.4885564586036555,0.4345940393429761,11,India,Tablet
5604,20.43821239012717,5.31367173250834,0.6844801901549062,17,Japan,Tablet
5605,28.358915005225988,14.354472547113932,0.4303927136419802,23,India,Mobile
5606,14.388331988975981,9.484227684324065,0.4880219164566902,9,Japan,Tablet
5607,17.67638437021818,10.037271514200713,0.28749716858107827,3,US,Tablet
5608,30.37967958758097,6.756843978055524,0.5132261867756949,17,US,Mobile
5609,38.65016522559536,7.440684886251332,0.47486804269702376,5,India,Desktop
5610,26.30882147202817,12.575228016245182,0.7945304112590509,17,Germany,Mobile
5611,33.524939520987104,16.74488194456885,0.4346775116468701,11,US,Desktop
5612,24.26620327143719,11.93220185007852,0.6040498464798005,2,Japan,Desktop
5613,10.483697628522396,3.806965213422548,0.46161560943306335,21,Japan,Mobile
5614,14.780326872576591,13.99294450402315,0.46316837428118984,0,India,Desktop
5615,13.803819793263457,15.742966980943905,0.5135187264753702,18,UK,Desktop
5616,16.426250556201012,13.48786197611672,0.6881321273712891,7,India,Desktop
5617,19.64099022655919,12.713902618815755,0.40149033393147027,9,India,Desktop
5618,36.11690830975817,11.46120232732352,0.5538555804235209,15,Japan,Mobile
5619,19.03771523209599,12.097544849658432,0.44470816724811746,20,US,Mobile
5620,22.602883543084523,9.708159521308561,0.4521229302538801,10,Japan,Mobile
5621,10.695944670394184,6.036465527791318,0.546919259107669,3,UK,Mobile
5622,36.99133262154652,10.027203987076556,0.45644408943038095,3,Germany,Mobile
5623,28.247786659993274,12.29792148430565,0.10603462083191323,19,Germany,Mobile
5624,46.0350951327444,7.179968776673585,0.4738380675603152,18,Japan,Mobile
5625,28.103251938373386,13.785124658533384,0.4718904974415416,21,Japan,Tablet
5626,34.335757988364726,12.905155190873774,0.5270047994860456,18,Japan,Tablet
5627,40.92292544416499,7.50455390224427,0.6108189018321225,12,Japan,Desktop
5628,33.043772461475626,6.552017930411652,0.6063769135705145,13,Japan,Tablet
5629,38.8769035270945,8.372096314928168,0.5411254057482917,1,US,Desktop
5630,29.42741776271365,11.51657273109456,0.3227166540745533,6,India,Mobile
5631,45.2720340467284,8.880865984585418,0.5301700048620852,15,US,Tablet
5632,33.60913018090914,7.155219559291229,0.5255418009826441,17,India,Desktop
5633,21.237665653536272,8.96417303215421,0.2889073387110468,21,Japan,Tablet
5634,28.09858350884788,12.751720598233195,0.5853876489355642,8,India,Mobile
5635,14.133352687515332,6.995036875927481,0.5810574387965842,22,UK,Desktop
5636,20.33640859242501,8.463222937352592,0.43515489429472015,12,US,Tablet
5637,39.40204780299685,11.20384751544006,0.4874399436792421,18,US,Tablet
5638,28.93280447261584,10.466180989827109,0.6028881445076824,8,UK,Mobile
5639,25.567720510180614,9.870434936393147,0.530199779643042,7,India,Tablet
5640,40.762738797389666,8.833993810362148,0.35835700381112506,17,Japan,Mobile
5641,18.77142153634447,9.395713531130403,0.5380887124154823,23,US,Tablet
5642,26.754525980218766,6.595444678021428,0.648574613597265,17,US,Tablet
5643,41.19908962382625,8.49264191610296,0.37620713831950015,11,India,Mobile
5644,48.573997634717216,9.676136649077513,0.5705376861483098,0,India,Desktop
5645,173.97086174328078,11.829253621353828,2.1757593840410197,1,Germany,Desktop
5646,33.30279576963313,11.259564924475194,0.520023254424362,12,US,Tablet
5647,25.215815843270594,11.259674580459546,0.477515523510165,5,Japan,Tablet
5648,23.207269866583687,10.724535824132403,0.503791573820518,15,Germany,Tablet
5649,24.019430059157557,11.198732988785352,0.542564693972745,18,India,Mobile
5650,23.022080884956836,13.179730632889587,0.40474978580783494,23,India,Desktop
5651,25.79498687542519,10.53359131898462,0.39938642052450746,21,India,Desktop
5652,46.41191143398207,6.848040917075732,0.7259887520915546,4,UK,Tablet
5653,39.34784810092379,9.713721099812835,0.5499980797509526,18,Germany,Mobile
5654,42.11695412532271,5.990580096454033,0.640160443661305,17,Germany,Mobile
5655,15.105285374228108,12.869999760423749,0.46304230486911746,8,US,Desktop
5656,34.02923534400041,6.186084966286112,0.5839907745753448,0,Japan,Tablet
5657,9.08550316906959,18.154317887773033,0.4319589207545671,11,India,Tablet
5658,30.64872275833992,7.538081335659275,0.6087787810819438,21,Japan,Mobile
5659,19.040970878393644,13.018793060520892,0.6144611133032448,3,India,Desktop
5660,32.66402847476012,9.173603286103582,1.012697589344015,23,UK,Tablet
5661,38.03913379570536,9.583805310687659,0.4649442439409391,9,UK,Tablet
5662,29.985328283661282,6.492636419476901,0.5602455025744716,6,India,Desktop
5663,44.301894842485225,11.225345463939814,0.5479807756616117,22,Japan,Tablet
5664,19.98232526049184,14.130640571544486,0.34007995777574607,16,UK,Tablet
5665,14.180171105736754,8.615541902153785,0.5276144927230437,0,Japan,Desktop
5666,51.27439399612071,3.9303744315417948,1.2134102521177057,9,US,Desktop
5667,23.650321134263834,7.333974470966213,0.6445237349931272,21,Germany,Mobile
5668,34.54026669018435,15.363844893601598,0.645978019653135,20,UK,Desktop
5669,24.53091247076447,15.078464019638087,0.6438251588193665,13,Germany,Mobile
5670,38.30316526647468,11.743778316851369,0.5385414548628287,16,UK,Mobile
5671,31.14476749381353,12.559592063091426,0.7165189604216436,3,US,Desktop
5672,29.075356678896227,12.131124999867101,0.5839639063902167,0,India,Tablet
5673,252.2817107326925,11.935387159202499,1.7553841122378513,6,US,Tablet
5674,14.926478338900417,5.441527857372144,0.5430964174053983,17,Germany,Mobile
5675,27.51511112982238,10.204215695469166,0.468333484373871,16,India,Desktop
5676,45.03330012828572,13.359797947621198,0.49856510162255496,21,Germany,Mobile
5677,37.09809488741305,6.7641755135270625,0.4316350190247537,23,UK,Mobile
5678,25.447973062751586,11.191957785167514,0.6213234008094126,23,UK,Desktop
5679,27.179130346134126,10.995413454929018,0.5951294481499058,13,Germany,Desktop
5680,34.293257580867085,4.894634752421267,0.4626793406559439,22,Germany,Desktop
5681,13.507074340538544,7.056142677081394,0.3520358705471529,14,US,Mobile
5682,30.003892498073004,5.357145818605822,0.3565706976458898,6,UK,Desktop
5683,34.589313937496655,8.967343512564002,0.810398714738036,7,US,Mobile
5684,223.53700557446524,10.646528928662926,1.6820738583955075,6,US,Mobile
5685,45.76868810854171,13.813386901227021,0.4340687802824793,9,US,Desktop
5686,16.146456322261127,8.442435716868804,0.30138143530800054,8,Japan,Tablet
5687,31.303449979374278,9.856891820310002,0.5600902516793338,19,India,Tablet
5688,30.02584951349469,10.574605999943454,0.4972940988177424,22,Germany,Mobile
5689,16.67906393386776,9.047687190285117,0.44770828139065094,13,Germany,Tablet
5690,42.55479611858307,7.2882156403518685,0.483140882164024,2,Japan,Desktop
5691,237.87056717411986,12.740365693279998,1.5749704419666712,13,India,Desktop
5692,22.983331239417346,8.7782100985379,0.3832725482882251,16,Japan,Mobile
5693,33.57320677892072,12.315007485465197,0.4509673396565691,8,India,Mobile
5694,33.50675935163342,5.75052363994632,0.4843768755394222,20,UK,Mobile
5695,30.661516226935305,10.880451422013136,0.33812139461198415,20,Japan,Desktop
5696,25.812792044867784,7.564803106838437,0.4436088635224552,22,Japan,Mobile
5697,11.563185764189537,7.628643082688694,0.5762937869230497,4,Germany,Desktop
5698,26.702819891106685,12.312453424991396,0.4323566022650249,14,India,Mobile
5699,22.830206940831168,11.663167738846681,0.5607832286203451,7,UK,Desktop
5700,24.48539834141823,10.566939862510528,0.5172552623552735,3,Germany,Mobile
5701,1.791467965435384,14.068560299693846,0.6273269551850561,6,Japan,Tablet
5702,36.416833848084714,12.204354618870195,0.44637937393409016,10,Germany,Desktop
5703,33.746885577079865,8.375426109760545,0.30619008372913425,0,US,Mobile
5704,26.125163156707348,5.547992112194544,0.590766029210926,3,UK,Tablet
5705,38.87925952264519,6.154740207285905,0.4815016324359921,1,Germany,Desktop
5706,44.30127719900023,1.050087014594105,0.42951906006807616,18,Germany,Desktop
5707,36.02422406867998,7.619287230038202,0.3896097420858192,5,US,Tablet
5708,28.627550410432818,14.076202699335942,0.5003767515761341,0,India,Mobile
5709,17.065800015536592,11.607687149048424,0.4675924628384537,17,UK,Mobile
5710,36.87787206660549,10.80497725059232,0.6491082865088575,17,UK,Mobile
5711,45.63992454184512,13.876175990339132,0.4157362882249219,21,Japan,Mobile
5712,29.618347478072273,8.976643889812138,0.613232164551305,15,US,Desktop
5713,32.77045805554057,4.596038718062563,0.427979407624572,5,India,Mobile
5714,37.8984434775214,9.475659713169632,0.5309534397625844,22,Germany,Desktop
5715,30.83916822098518,12.76301727849662,0.6805279072598748,12,Germany,Desktop
5716,20.173875111870508,12.21461854402973,0.3576997762610841,5,Germany,Mobile
5717,29.64835727103995,10.862915667361294,0.5167706851775978,9,India,Mobile
5718,21.916753375293993,5.98513166463969,0.41569612842630943,4,UK,Mobile
5719,46.60640306499047,5.62113524110256,0.5286906259696939,8,Japan,Mobile
5720,35.737007871742854,14.719703618045363,0.5909479326370194,23,Germany,Mobile
5721,37.31989718491339,8.40788247693708,0.5901065010018163,10,Japan,Mobile
5722,20.48506516554933,9.990367721208054,0.3390163536017333,2,UK,Mobile
5723,118.72937245145658,9.336549554106636,1.3136873476637179,9,US,Desktop
5724,22.223121049127762,11.264910541586039,0.4194760274046015,13,UK,Tablet
5725,35.43530079490527,9.608741397752711,0.4117877464847943,4,Japan,Tablet
5726,36.88471180705369,7.903180227485725,0.5342638337108381,14,India,Tablet
5727,15.351034892886261,9.121537453997883,0.31866297652349385,6,Germany,Mobile
5728,26.43435718436305,9.415608639163569,0.4911603438374153,22,India,Mobile
5729,37.41369566382808,7.75509298578567,0.4181271810666737,20,India,Desktop
5730,34.632769974004155,10.29530953515211,0.1966897769050207,5,Germany,Mobile
5731,32.00577431807042,10.443822357908479,0.470816856707547,16,US,Tablet
5732,21.864216745454026,6.338687116566299,0.59451994398155,15,Japan,Desktop
5733,24.733223455024635,6.47907413851067,0.5719746006363381,18,US,Desktop
5734,31.772912150243794,9.6604566256649,0.4745249370156802,0,India,Mobile
5735,41.8082025827017,8.790987636061104,0.4564092417668482,8,Germany,Mobile
5736,27.273195519148942,13.83501468768272,0.5089867437898983,19,Germany,Tablet
5737,30.21581429812556,10.141871930232421,0.5167210935671956,12,Japan,Mobile
5738,44.17737343557908,14.177315095186847,0.5508283217903773,10,UK,Tablet
5739,49.089257629255584,10.071981767850389,0.44640560442227745,12,UK,Mobile
5740,49.85227510365017,16.234876428358263,0.5426203887822609,2,India,Mobile
5741,28.541764513429925,8.27593842582207,0.7965341413505354,22,Germany,Mobile
5742,32.81159999763635,13.558545487905015,0.4902299902079896,7,US,Desktop
5743,35.46630676652953,5.532243023578068,0.4895569315453877,17,Japan,Tablet
5744,23.615942073630137,11.647881239239744,0.4907474718349046,2,India,Mobile
5745,30.86266382213137,13.427777032099552,0.3946811700931493,2,UK,Tablet
5746,51.187484696219094,12.042688243544395,0.7182047538770986,4,UK,Desktop
5747,25.652293452431287,9.741609949015697,0.39911365853052094,8,Germany,Mobile
5748,35.59009056373348,5.13689129037048,0.5503491776610068,2,India,Tablet
5749,30.694053608034398,11.440811462704884,0.4407274223114852,6,Japan,Mobile
5750,15.894635248267214,11.991332295825956,0.46337448296429967,0,Germany,Tablet
5751,41.549156296731496,11.632499478841988,0.5187182530572053,19,Germany,Desktop
5752,34.98796726519564,6.033679578801269,0.6042958364551523,3,US,Desktop
5753,27.890618542808337,12.117109319858137,0.3622584405618812,4,US,Desktop
5754,26.41247482399484,12.970074466623558,0.4787223792958428,9,US,Mobile
5755,31.20553314468549,7.377180552748462,0.5583026112881999,21,India,Mobile
5756,24.882234192712,9.593766181079857,0.5762235354915852,21,UK,Mobile
5757,43.09808541118349,8.17582200813922,0.5213182790158212,19,India,Tablet
5758,43.72512456047437,8.731953591560266,0.4472483911905284,13,UK,Tablet
5759,20.65559596497364,16.459537208570964,0.44037726588872617,7,Germany,Mobile
5760,26.881601628761693,6.629437198326984,0.4711924424359691,18,Germany,Mobile
5761,25.20655512844131,10.782980728539593,0.6180839153784661,3,Japan,Tablet
5762,47.80505308017111,6.720142699293248,0.6500957399826927,9,UK,Desktop
5763,30.277873513691677,10.221740118394802,0.310013368122001,11,India,Mobile
5764,33.35254608075121,12.693607090749289,0.6098844827217045,2,US,Desktop
5765,25.37373154769055,5.82389866509218,0.4963216605053075,23,US,Desktop
5766,22.56140473761915,12.799283995977198,0.5378941559379856,1,US,Desktop
5767,29.13873450609358,13.18742084387943,0.36247894377889966,1,Japan,Desktop
5768,35.729209663609836,5.04183609784741,0.5538660695512451,7,US,Mobile
5769,35.25263192692349,5.852623845540722,0.626901061539434,13,UK,Desktop
5770,30.830399639844074,6.0346797829153385,0.47250744167697595,6,UK,Mobile
5771,20.238692159061358,8.335220149942996,0.4707028386826089,21,India,Tablet
5772,17.559765737151473,8.121550091272484,0.5886367599645493,17,Germany,Desktop
5773,39.10768106984841,12.251427932634357,0.5844403638663174,21,UK,Desktop
5774,16.42684803837785,7.813615392817063,0.47814967972381045,10,Japan,Desktop
5775,51.76583237953432,8.842599330780693,0.501002443507167,4,Germany,Mobile
5776,15.872610752317609,8.932461674662733,0.27250132650886316,14,Germany,Mobile
5777,36.60275376832268,8.010488900080507,0.6571884540723496,21,Germany,Desktop
5778,153.04875214609558,4.837670228806504,1.329775969494645,4,Germany,Mobile
5779,17.48340335416035,14.297858091072914,0.4358998160508512,2,Germany,Mobile
5780,33.368264884000766,13.902171905552393,0.5902296184631739,12,Japan,Desktop
5781,36.68276817319204,5.058080737988799,0.5333059758172746,13,US,Tablet
5782,29.14445175691036,5.815354961292169,0.5914340585796188,11,India,Mobile
5783,32.094014494305384,9.826546962839748,0.5266999824225459,22,India,Tablet
5784,30.511996101130112,13.440976813142125,0.4914634059492668,17,India,Tablet
5785,56.33465080131525,13.563354006201262,0.5087235318527008,17,India,Tablet
5786,21.617001519461482,7.456857101631643,0.6234378549584664,18,India,Desktop
5787,33.48023211359563,6.862876234950283,0.45661558164091653,14,UK,Desktop
5788,32.46740206602754,12.619773255058805,0.3853553011394483,11,US,Desktop
5789,20.986963835166293,7.258192439494596,0.44529016617832307,3,Japan,Mobile
5790,22.827442606701922,9.355980739903615,0.5528125185436792,13,Japan,Mobile
5791,39.338614828671574,14.043020527748096,0.36519934597488024,20,US,Mobile
5792,43.816901906196335,11.87696946995779,0.46779734334863493,23,US,Tablet
5793,44.95079342471931,9.075654334909444,0.5427153833817713,12,US,Mobile
5794,27.474044496553166,9.317885478714198,0.6121858237297877,15,India,Mobile
5795,31.327013259756807,13.073180979615822,0.6249581520384434,11,Germany,Desktop
5796,25.96623024030498,13.036466884442627,0.5396714833540782,20,Japan,Tablet
5797,23.145875007957283,12.194681619158628,0.6921973845052702,23,India,Tablet
5798,17.451077280541902,11.498785539408235,0.5675368772073088,23,Germany,Mobile
5799,56.44149479181137,8.698283744816074,0.4292019096887265,14,UK,Desktop
5800,12.52405081923991,7.244293559037459,0.6421219818510435,4,UK,Tablet
5801,48.76689315697739,8.513244768778021,0.5855384143050555,19,US,Tablet
5802,29.359860243691177,10.853077272560745,0.3849101563804052,21,Japan,Mobile
5803,20.626077911534164,7.029792558948469,0.5656673827632817,19,UK,Tablet
5804,35.6855635783881,11.653477929278289,0.5913785360681965,18,US,Mobile
5805,46.73335650022453,10.62904618059886,0.4332344048813886,2,Germany,Mobile
5806,37.713083617933314,6.471649466507047,0.6353102287510131,17,India,Tablet
5807,17.80100328330144,7.087985859034776,0.4208083473802909,21,US,Desktop
5808,26.692208344837812,15.983325656031706,0.39135154615016654,8,Japan,Mobile
5809,21.363794084571005,12.559741026871583,0.4597954322742467,10,India,Desktop
5810,18.290042151162652,11.675708793165843,0.5366989405204257,11,India,Tablet
5811,23.03033452585325,11.81130311725362,0.38807590208922504,11,Germany,Desktop
5812,40.406741709221066,11.721786429664997,0.6425630812998925,11,US,Tablet
5813,46.317993818255346,6.799511231109332,0.49206228277473046,18,Germany,Tablet
5814,8.747834598275709,8.052986548762293,0.4875720691626114,4,Germany,Mobile
5815,28.39466503469286,9.76793072993799,0.5738585854618709,10,India,Tablet
5816,25.318505851534574,13.073787040108064,0.5685398422629165,9,UK,Desktop
5817,7.602280931060918,9.662186424406624,0.5589339711847167,15,Japan,Desktop
5818,13.460181957655621,12.958491651632418,0.5297953539646226,7,Germany,Tablet
5819,32.426113927859184,11.157284873962512,0.47729051927705746,21,Germany,Mobile
5820,31.129170343532728,6.515515765397737,0.4443158644094334,4,India,Desktop
5821,33.535379845400634,11.115702492453376,0.4134296724377961,0,US,Mobile
5822,24.10353972288929,11.570950752493541,0.6134091470166071,23,India,Tablet
5823,22.319285378638927,8.468936567051266,0.5197875469464862,12,Germany,Desktop
5824,30.29456239130061,10.058549459828809,0.5245507002809886,9,Germany,Desktop
5825,24.256821518249843,11.462134292635135,0.4455548290897806,8,UK,Mobile
5826,44.93530944152023,16.827238317150478,0.5350390659024604,8,India,Mobile
5827,26.888495421748882,8.80725849534118,0.294747078770479,23,Germany,Desktop
5828,31.6259972123088,10.757620187393204,0.5244054352762768,18,India,Tablet
5829,26.380639111095864,7.90481417036656,0.48167984879548803,9,Japan,Mobile
5830,25.15768256593173,10.572281253565572,0.39844792538271234,23,UK,Desktop
5831,47.061334347838944,8.598394336733973,0.4454369234735428,22,India,Tablet
5832,47.74471916186867,10.693946136075349,0.5889331333405207,17,UK,Mobile
5833,32.416507812988485,8.86208678128935,0.6208461645684942,0,Japan,Desktop
5834,49.40209175544968,6.2372301177193545,0.5843699442458823,1,India,Tablet
5835,36.86425496779685,11.244025005256765,0.3769633170267362,19,US,Tablet
5836,18.115359936102294,11.150198678813423,0.6465878976907053,17,Germany,Tablet
5837,21.92245984118482,14.711473551912473,0.37300643026838987,2,Japan,Mobile
5838,34.726613133465065,12.005823593953108,0.5614626458531954,6,India,Tablet
5839,43.14470108197523,6.622533822504279,0.46729731766535987,8,Germany,Desktop
5840,14.861606549197647,12.331431436232661,0.4142735377474835,6,Japan,Desktop
5841,37.82874519699813,6.304882567258908,0.3279502672989615,10,India,Tablet
5842,28.07321363614357,14.499327268635632,0.549699864349145,16,UK,Mobile
5843,33.86211010571565,3.0406800538118732,0.5676048581603106,18,India,Mobile
5844,37.106706991044064,9.652262313310779,0.45082940771806634,12,Germany,Desktop
5845,31.51434869923443,3.6291660636710414,0.5579040574390851,19,Japan,Desktop
5846,2.613573147074124,9.017796363421569,0.4903222512979936,5,UK,Desktop
5847,27.420895733283626,9.600249515747969,0.6004523092103073,10,Germany,Tablet
5848,30.61050350160148,15.905814705985826,0.40660942402394257,20,US,Desktop
5849,33.114308035821324,7.289573944252433,0.7577877619762511,19,Japan,Desktop
5850,27.80633880547622,11.201862373903108,0.5721076805786274,19,India,Tablet
5851,20.802885040809784,9.147994873316565,0.5100771085229877,16,Germany,Mobile
5852,50.87486194495489,9.064577792958703,0.5638688738700559,18,UK,Mobile
5853,21.311123919340925,10.423524466083208,0.5736211160466892,1,India,Mobile
5854,18.39705288615228,12.057883757034782,0.4037373936872456,20,Japan,Desktop
5855,54.459532130623344,12.52869488190623,0.6454387401163962,20,Japan,Mobile
5856,35.59675360551868,10.926570776336849,0.4566776524227262,18,UK,Tablet
5857,46.33622324699958,17.02348668628654,0.5136478960518762,21,UK,Tablet
5858,33.703594707012236,7.011476173287358,0.5900360572261203,5,US,Tablet
5859,38.671710466744635,11.710933549266645,0.43124888466693223,20,US,Mobile
5860,137.51898315312192,10.646162371746376,1.5342627247990661,13,India,Mobile
5861,27.62751560819776,9.563625206264065,0.413410274810614,19,Japan,Tablet
5862,26.419222878610157,12.363539396268921,0.4752028014943048,19,UK,Desktop
5863,17.61531534776345,7.596481281107492,0.510564801929481,13,UK,Tablet
5864,22.323917307104246,10.360028265209113,0.47033444074768416,17,Japan,Desktop
5865,19.862022738063146,15.133548894706987,0.5504081040755254,20,UK,Desktop
5866,37.26331279775577,11.435141127582218,0.47701159650760316,2,US,Desktop
5867,24.733626055598776,8.664350876760958,0.4010206029229545,10,UK,Tablet
5868,43.114954509651554,6.951040540382613,0.48511609732549665,6,UK,Tablet
5869,31.398636867355634,11.399928877434183,0.40483696010450354,6,India,Desktop
5870,33.45023733899558,11.02160118883213,0.48953947121645586,19,India,Desktop
5871,21.997705546030524,14.114607296981383,0.36153418905095,10,Japan,Mobile
5872,38.17981891338215,8.542814139786731,0.44057809364690864,0,US,Desktop
5873,29.424589221371644,8.371932159283068,0.4218583526209663,2,US,Tablet
5874,20.94169209259421,10.714212832687336,0.6065937544711426,17,India,Tablet
5875,35.58551797054,10.471211374732135,0.3974462325122412,6,Japan,Tablet
5876,38.65052735829733,3.818178257630027,0.5381938747722185,18,US,Mobile
5877,45.04728515854896,14.345287188730909,0.6523712140515955,4,Japan,Tablet
5878,36.39249261657942,10.03660113141591,0.6144641214764738,12,Japan,Desktop
5879,29.414306398397603,12.871422157668412,0.54994625432762,1,UK,Mobile
5880,14.815462565329609,9.131609932614031,0.530984863001301,0,US,Mobile
5881,37.848388165312784,9.713254401704596,0.4786388209150347,13,Germany,Tablet
5882,19.693801764649685,13.20402734091615,0.4440758851683537,19,Japan,Desktop
5883,176.50464607346612,9.385806948699804,1.9544678546860255,1,UK,Mobile
5884,25.227659819640653,11.410046767886309,0.5854125367077698,20,India,Tablet
5885,33.7118929173294,16.520318929284937,0.39664948179174875,9,US,Tablet
5886,27.14499269017622,11.169931605895432,0.5262245367918842,10,Germany,Mobile
5887,11.550756654030025,7.813617988520518,0.4036516726165087,9,Germany,Mobile
5888,21.57570799088075,13.330291537897608,0.5376895556732877,12,Japan,Tablet
5889,31.745326751650772,13.706136487124692,0.3974191589510872,1,Japan,Desktop
5890,9.005658949362587,8.601036742277376,0.3389868592197645,23,US,Tablet
5891,36.42378294085725,11.087446174743102,0.3145661091049883,22,US,Desktop
5892,24.30904930622127,7.050584546813588,0.8123038487199545,9,Japan,Mobile
5893,31.991215302758725,4.528249895172243,0.39377312094892225,3,UK,Tablet
5894,35.77076078380979,9.481732509989257,0.513870521347636,15,Germany,Tablet
5895,34.836011845173346,11.388057207123268,0.5495849173218506,17,Germany,Tablet
5896,43.96546281376139,9.934345821617399,0.2667117856945377,14,Japan,Desktop
5897,38.35204242432269,3.8663143321705533,0.5453491924185212,5,India,Tablet
5898,36.58619011447507,12.47067358451258,0.6516091909040819,4,Germany,Tablet
5899,23.854550318313414,11.034358344983207,0.2857935105640974,22,US,Tablet
5900,47.68428452708523,6.871606254023244,0.6515308049171553,11,Germany,Tablet
5901,24.03783122022691,6.497638707435108,0.49757685929352075,10,Japan,Desktop
5902,122.79043623360668,5.423631877009215,2.2978151561640368,2,Japan,Desktop
5903,16.46767830511608,9.28663727967271,0.5762863505595465,5,Japan,Desktop
5904,22.82899057322652,9.057675231148327,0.5094995124750776,20,US,Tablet
5905,34.44011726183822,10.542780486587235,0.6163690490273216,16,Germany,Desktop
5906,30.883487156873215,6.615248221392058,0.4005687773926878,12,US,Tablet
5907,15.102472408879894,10.949926297037411,0.4338776323059499,15,Japan,Desktop
5908,32.48773402652721,13.862266118854617,0.36452304820146264,20,Germany,Desktop
5909,30.857032592565975,6.3726516401245075,0.6041507579347599,11,US,Tablet
5910,24.445208502230912,9.622515783714453,0.48892327521707635,12,Japan,Tablet
5911,265.3923412520633,8.701520476958116,1.5745623599612286,8,UK,Tablet
5912,26.73038941636542,5.361957633098124,0.6097770963423109,13,India,Desktop
5913,20.890711740628852,11.497240408143961,0.49044271892507935,12,India,Mobile
5914,37.04658902396878,9.616512531325816,0.40681427102243317,1,US,Desktop
5915,20.428772169214113,9.760718424669857,0.6439943090270233,21,Germany,Desktop
5916,112.41399423582926,12.59977392144462,1.9043553844311678,7,US,Desktop
5917,33.783955952452665,10.660616338259402,0.5614509301746942,19,US,Tablet
5918,26.70131772591781,8.28414038934566,0.45086485456378655,8,India,Tablet
5919,27.414819881202472,9.455830277785479,0.5519658032823822,18,US,Tablet
5920,28.65105549008819,11.475587916284683,0.5904045942718221,2,India,Desktop
5921,14.92381931947701,13.023640444864121,0.6133547990447408,7,India,Mobile
5922,29.499404031507982,8.370852867872847,0.4923433878132479,14,India,Tablet
5923,27.6850132660695,13.809302294391326,0.5835339758973089,19,Japan,Tablet
5924,19.089844086002884,9.926867174106853,0.5545680305377154,23,India,Desktop
5925,42.18582208765909,14.65258262920644,0.6267644044661382,21,UK,Desktop
5926,44.89798104316087,13.996334616145965,0.6294734768761936,9,UK,Tablet
5927,54.783291836818066,5.936678653932487,0.39502471457421534,14,US,Mobile
5928,25.917850172460938,13.57227754766499,0.6159567873752556,22,India,Tablet
5929,29.76436345078843,14.875755306294604,0.3682222491258548,9,US,Mobile
5930,22.15964860366647,9.999437854424627,0.449724827762226,17,US,Desktop
5931,17.16904181572304,11.107813015751029,0.42777355288030505,7,US,Desktop
5932,31.438615242227584,8.559395432152114,0.5598692799666469,15,US,Tablet
5933,24.741367592369016,11.30407693715211,0.5500131741650093,13,UK,Mobile
5934,33.96317417166384,11.050583827264187,0.349596073772522,1,India,Tablet
5935,24.44951108143512,9.457965375168666,0.60250679882027,5,India,Desktop
5936,41.865651693707264,15.460906085370588,0.3947564873260912,1,Germany,Mobile
5937,27.58915646888688,9.44029528262565,0.267271979395724,11,Japan,Tablet
5938,32.35392261245034,9.280257430876247,0.34494496781030204,19,US,Mobile
5939,21.219907851616526,8.66859245364341,0.47089850396387706,16,Japan,Mobile
5940,32.50850536010589,9.576406375089462,0.4443375204713102,16,UK,Mobile
5941,36.932006626899465,7.671303846826282,0.5193928886558503,5,US,Mobile
5942,50.936962756336925,10.828621724715287,0.5505852416908251,20,India,Desktop
5943,19.889306836595146,11.191191518477574,0.4803057890323496,16,Germany,Tablet
5944,19.459253405842734,5.52033039201343,0.46606439361819185,0,US,Tablet
5945,39.14018979563276,10.852272318299708,0.35022070892843127,14,Japan,Desktop
5946,15.605503529064883,10.737222992514969,0.6789808761947999,9,Germany,Tablet
5947,34.22672784724975,10.441690852380859,0.5245811755391816,4,Japan,Desktop
5948,20.31154283006134,8.546871299080406,0.45620206266905694,16,UK,Mobile
5949,26.136437935286196,3.842957726294757,0.4992578896538911,12,UK,Desktop
5950,33.731185658587904,11.395111985686626,0.6424492979038238,7,US,Tablet
5951,27.513074986811024,10.535878762952844,0.3934507577689748,23,Japan,Mobile
5952,27.488097641770523,13.014643626110775,0.5201764353176088,7,India,Mobile
5953,36.247677530506934,11.914000149621467,0.5686254613367849,15,Japan,Tablet
5954,48.63181740444635,10.995516774150792,0.3078701980136711,3,Germany,Tablet
5955,25.26503135535743,11.518132117780764,0.39219666420398636,1,Germany,Tablet
5956,353.9273722633087,9.250698528164788,1.4244430969599102,8,US,Tablet
5957,43.50778112152884,15.52389759433914,0.4356538564433462,6,UK,Mobile
5958,36.22776116594961,6.462695048754577,0.5063083663235096,19,UK,Desktop
5959,41.59825037730659,6.210345130004077,0.3650643347374627,3,Japan,Desktop
5960,22.82208638802379,12.696457123966681,0.49766301542857533,7,US,Mobile
5961,39.61828956674823,15.039309697305379,0.5461115226641399,8,Japan,Mobile
5962,11.373780289943305,9.32912493025933,0.5901714256529305,16,US,Desktop
5963,13.828022061476023,11.6452425566304,0.4214949587654877,2,US,Mobile
5964,30.475811608093387,9.846785715053295,0.4510228541743766,3,US,Mobile
5965,36.623636902219886,10.113739880460042,0.49995179723493655,0,Germany,Tablet
5966,23.994032860940713,12.547668089774625,0.41990377517701744,3,India,Desktop
5967,38.843589173562215,9.762967585277329,0.4382485111164157,8,Germany,Tablet
5968,32.346420807260685,16.915013213583222,0.49054613124247465,13,Japan,Tablet
5969,36.50073361481298,8.602631749309808,0.5628217886996013,14,India,Desktop
5970,33.62094210123932,11.800285282160935,0.3929021006944705,18,Germany,Desktop
5971,24.388022884124464,12.897573529505685,0.5048124306784628,15,Germany,Mobile
5972,22.48630587516407,8.341683750163606,0.4942245400442517,12,UK,Desktop
5973,40.351496883994,10.390378210501483,0.5240347657151313,19,India,Mobile
5974,25.368622595898252,10.243359158674107,0.5729923109761891,17,US,Mobile
5975,35.847613860364696,4.560031741342144,0.5357219234682462,6,UK,Tablet
5976,16.932980669482696,10.326820748953688,0.32517338881846436,15,US,Tablet
5977,17.49862877951331,8.84887222220391,0.6477903379844197,0,India,Tablet
5978,28.402445791831074,9.836714453433304,0.7115028692597967,11,UK,Desktop
5979,24.018418868929523,10.914621444124718,0.47539393398734864,15,UK,Mobile
5980,28.673924129218776,11.069248907949476,0.5572035158224181,9,Germany,Desktop
5981,24.87447742862056,12.87934038251859,0.6316268998479393,8,US,Desktop
5982,28.79928574356453,5.453202861366936,0.6041956372259712,23,India,Desktop
5983,27.37097496484721,9.3758934932196,0.6275489057661069,5,US,Desktop
5984,23.22423983299113,9.748821436833223,0.613381088031526,23,Germany,Tablet
5985,33.03514400670632,7.988564446963981,0.4858047980545692,0,India,Mobile
5986,31.86932041804401,7.598046450834965,0.3313576414072952,19,US,Desktop
5987,29.214364704300856,7.302280290299949,0.5339523350541058,19,Germany,Desktop
5988,32.438984424474455,7.565366805446398,0.47856252457581855,6,US,Desktop
5989,33.19300402887809,16.500857791231187,0.3347869352801851,0,Japan,Desktop
5990,47.548696091393566,8.037755910010166,0.38610958959258146,1,India,Desktop
5991,32.19872564554322,10.522061542280488,0.5578553038890899,9,Germany,Tablet
5992,35.25216032740187,6.348494316167264,0.39834323956989803,19,Germany,Mobile
5993,7.50583814782982,7.268532571724609,0.4064615681175824,21,Japan,Tablet
5994,30.373337809012284,9.372291443527205,0.5859146667506527,13,Japan,Mobile
5995,11.780837299840485,6.338882333278643,0.3804032600452013,8,Germany,Tablet
5996,44.93862895852445,6.884700725940146,0.358062005027837,8,Japan,Mobile
5997,32.859501855296365,10.3488778906752,0.4650239453162856,13,Japan,Tablet
5998,17.014856460625964,11.34195832844238,0.4859430142210343,3,Japan,Desktop
5999,35.28540206736227,10.976934634104191,0.4946013106502667,6,Germany,Mobile
6000,26.903707895647877,12.705449064424196,0.5443536314908674,6,UK,Desktop
6001,177.9540846408294,4.367308235498127,1.1952752167140364,22,Germany,Tablet
6002,28.050716376608268,6.908564089989506,0.6077490798498263,3,Germany,Tablet
6003,28.130663765681735,11.770076585690004,0.4906462309262786,15,Japan,Tablet
6004,7.82976159558503,16.972881639819107,0.6001541225812024,0,UK,Mobile
6005,17.898060008879604,10.55975440292122,0.6568649970406477,5,India,Mobile
6006,37.97373717383029,8.63969850697305,0.3299927254623455,15,Germany,Tablet
6007,20.119477950653273,14.277345472526811,0.5879297075143182,10,UK,Desktop
6008,19.776656140521748,9.347205445650761,0.5510087073178378,11,India,Desktop
6009,21.264165634609345,11.876831561173908,0.54437939606465,14,India,Tablet
6010,34.24687939812584,16.157135337134914,0.49722766468354535,1,Germany,Desktop
6011,26.902569618917052,10.873617904071995,0.39727144556312366,14,UK,Desktop
6012,20.90383659432251,11.715649322115631,0.4215175552240541,20,Japan,Desktop
6013,35.253056529690724,13.396186777524177,0.5645817665359167,2,Germany,Mobile
6014,17.33434181201958,13.30275559432966,0.5422497524074245,18,India,Tablet
6015,30.561784054474657,10.369337800911357,0.45809176224497683,10,India,Tablet
6016,25.44780999623774,8.614471229827238,0.5543685442072228,17,Japan,Desktop
6017,43.351633923205455,17.997914034445195,0.4360819710137657,20,US,Mobile
6018,21.384398244702208,10.272167782295108,0.3772147206427317,6,Germany,Tablet
6019,36.964466668686924,7.230765814806986,0.4686221195375739,10,India,Tablet
6020,34.50042372049976,10.937212018907925,0.5579063354467773,18,US,Mobile
6021,24.433581072201864,3.0849371975402136,0.4663893521536976,13,Japan,Tablet
6022,34.535109154159734,10.02395168699317,0.2928079458990821,14,India,Desktop
6023,30.224428433029324,9.61376061656296,0.5066228343782705,11,US,Desktop
6024,27.994877570800824,13.056832909890591,0.6086125260591118,0,Germany,Tablet
6025,39.797371174022096,13.304226573676031,0.4850352047979945,10,Germany,Mobile
6026,19.772314246610613,9.151795674452064,0.4068513809091502,11,US,Tablet
6027,57.94804004006298,9.396473722490112,0.5086608213370609,10,US,Mobile
6028,235.37915432629364,8.616238937387596,2.683766708151685,9,Japan,Desktop
6029,31.007968523952528,9.153460781835735,0.6963548342606862,16,Germany,Tablet
6030,11.145902431016662,10.415990913513841,0.5696590380568798,18,Germany,Mobile
6031,20.99072601454682,10.230295650944926,0.5101672523455119,8,India,Mobile
6032,21.311362524333326,7.935901230633998,0.41097838852274177,2,Germany,Mobile
6033,29.675779897680602,14.419160393385972,0.5213063446222145,10,Japan,Desktop
6034,20.922196755928898,15.944372224446319,0.5779640274450366,3,Germany,Tablet
6035,33.19596540934765,14.808511328245697,0.4210523879124457,4,Germany,Desktop
6036,19.914714685649102,13.11349328640901,0.4105759922396838,14,Germany,Mobile
6037,37.72218742190164,11.193919110719486,0.6121672702872452,4,Germany,Tablet
6038,31.163919724350237,10.983546450767307,0.5837164364271261,16,Germany,Mobile
6039,18.785745399321698,9.42348430844666,0.5331936531233853,6,UK,Mobile
6040,31.908355740144017,11.75973822754036,0.5447798381859398,21,UK,Desktop
6041,17.37695237139575,8.428331893665284,0.7103994246664572,21,Japan,Mobile
6042,24.15238528517282,11.112148260086553,0.45741259900887943,4,US,Tablet
6043,31.00278664927312,12.701266078424236,0.5548161618311536,9,Japan,Mobile
6044,30.177485419548514,11.31652266395183,0.49901764172945184,1,UK,Tablet
6045,18.53981591526065,6.7997797133273465,0.6124689954346625,9,UK,Tablet
6046,44.48561535264299,10.113365363061444,0.39758161919506807,6,US,Tablet
6047,48.89846361497624,10.109439770893522,0.49952364797077636,4,Germany,Tablet
6048,37.53728868303979,11.911425849582866,0.5471507622392769,9,India,Mobile
6049,46.70436863121741,12.086329737077534,0.5170276046468932,21,India,Tablet
6050,27.38013095956177,7.283135331735933,0.6334974806775786,5,Japan,Mobile
6051,34.62709752859916,11.062612428707778,0.3912453281505721,1,US,Desktop
6052,21.489807695927873,8.078404799365597,0.4439344468560652,19,India,Tablet
6053,11.425631186382443,15.887882242767368,0.60404950866227,4,UK,Tablet
6054,6.980999897791843,14.79794612750159,0.489130512252494,15,UK,Tablet
6055,31.29577785602045,5.6136348816089106,0.5821227879240898,0,Germany,Mobile
6056,35.96890839246874,12.16583930808794,0.6096050418185612,11,Japan,Desktop
6057,32.71578675778396,11.237347470197463,0.5899211500007129,8,Japan,Desktop
6058,21.745910350682173,9.52502489221391,0.37978843847217797,20,UK,Tablet
6059,32.83299506037206,13.692607976607293,0.6325840957568553,6,Japan,Mobile
6060,25.68622194193256,7.772257077545226,0.6128801257896488,19,Japan,Desktop
6061,26.389392548878927,9.11021865377375,0.5934244382254388,18,US,Tablet
6062,26.411854970425125,6.075515516148182,0.48182759942674797,17,US,Tablet
6063,22.37503530061716,11.6532969367262,0.4108849344812361,9,UK,Mobile
6064,41.427536863703,9.005876740448,0.3913622550037884,18,Germany,Tablet
6065,29.20856698530598,12.134133291645396,0.5165323430665257,13,US,Mobile
6066,21.752467056153236,9.761502619259913,0.43559834858953944,23,Japan,Mobile
6067,22.506994558182843,7.109872678734154,0.5543497112316231,0,Germany,Desktop
6068,15.673238502873758,17.17585158113347,0.5483299353046033,11,Germany,Tablet
6069,22.59340022053842,9.50175938478815,0.49806213227319196,22,UK,Tablet
6070,22.168483186883755,7.313382686235901,0.5767549086135626,7,Germany,Desktop
6071,21.00531068089187,7.248972272870538,0.5028047909946417,2,US,Mobile
6072,25.751967450579983,8.999213053540531,0.5662195146566493,22,Japan,Tablet
6073,26.372720176268082,9.895572433335419,0.45643833283500745,21,US,Desktop
6074,20.480125398422174,15.688015978363158,0.3892128592199659,13,US,Tablet
6075,35.80248386025864,13.25211527623265,0.2543386473819791,11,UK,Tablet
6076,41.19720243236842,16.12057637971258,0.630136021877729,7,India,Tablet
6077,15.625217901470936,12.598911034742944,0.5152033898555296,3,Japan,Mobile
6078,33.547555835863776,9.003412590573156,0.597923120769607,7,Germany,Tablet
6079,44.71231415548761,11.249266808939177,0.5368054457933732,13,India,Tablet
6080,20.741656090505085,8.32790328763818,0.3916023714265248,18,US,Desktop
6081,23.400079815461538,8.495071221585128,0.5377416090275766,4,US,Tablet
6082,36.8643760387927,6.0443800930293285,0.38128431415780123,20,India,Tablet
6083,23.657381973605876,13.818831330527363,0.48685662990924,11,Japan,Desktop
6084,30.227317896385454,8.75995673978138,0.4552078884264183,21,India,Tablet
6085,31.79142223533451,13.221974368834893,0.44438460386881307,12,Japan,Mobile
6086,20.07059285806815,14.601260538122375,0.4744675165798786,5,Germany,Tablet
6087,39.184716750482906,8.8088753940099,0.28279379571414465,17,UK,Tablet
6088,40.32863381108405,11.819883582365284,0.5815335708758758,6,Japan,Tablet
6089,37.85413480945702,10.455908265680138,0.44598346897073915,20,US,Tablet
6090,38.61320921907358,14.5297396937549,0.3999298401290795,10,Germany,Tablet
6091,27.111496164145578,10.092876599161407,0.5113302348979751,3,US,Mobile
6092,42.21429807269837,13.361041798694412,0.5300684713387042,19,Germany,Desktop
6093,31.634537652957917,10.241974802873175,0.520643734402505,5,Japan,Mobile
6094,31.98500336513845,9.240279791924333,0.47091570429081814,7,US,Desktop
6095,34.851038986031455,15.165307070215512,0.39321405030602224,7,Japan,Mobile
6096,31.445090264305986,7.64182474335329,0.43080674701981314,7,US,Mobile
6097,4.672846452466683,6.656476948190192,0.4756854717645757,4,US,Tablet
6098,22.976225364859637,11.288793331362125,0.5466936159258625,7,Japan,Mobile
6099,23.225403547214405,15.303916493440823,0.45691981719197805,16,Germany,Desktop
6100,45.95175098121093,7.575935816850344,0.5722823498955836,20,Germany,Desktop
6101,30.566448696736657,9.192456456795306,0.40548131506122137,15,Japan,Tablet
6102,20.17388701546725,8.606439606388745,0.4963923161860607,5,India,Tablet
6103,51.71572860527421,5.467579207340611,0.5701748355683722,16,US,Tablet
6104,20.611933891569272,11.715410788305753,0.6356107432371326,8,Germany,Tablet
6105,31.042106591087062,11.616938281949313,0.639707283814252,7,Japan,Desktop
6106,36.00162923079662,9.64683606489702,0.6097501141556058,8,UK,Mobile
6107,40.50407706230705,14.153850495971186,0.4776414881399299,20,Japan,Tablet
6108,15.215179324604868,13.40626207143104,0.4491300118558524,3,Germany,Tablet
6109,35.2612087043743,10.143541090053587,0.6475139018521308,11,UK,Mobile
6110,35.49889072337888,7.224226493904982,0.47033336684037486,11,Germany,Tablet
6111,16.44182007455079,8.99304249250693,0.5728902062401853,14,Japan,Tablet
6112,29.439412303248716,12.403366816511628,0.6065308282798366,23,US,Tablet
6113,177.49058997336772,14.089492680021145,1.9321588892607664,17,Germany,Desktop
6114,21.725465479492954,16.571482858124625,0.5074496242427812,15,Germany,Mobile
6115,11.671360223161031,9.219418073163974,0.39356751793209815,4,India,Tablet
6116,39.43666154781836,12.985660391494227,0.41966238191640565,14,Germany,Desktop
6117,29.162593919248824,10.310763636062331,0.5233635594489894,2,India,Tablet
6118,47.023230696298356,8.92659205115677,0.3710826653062771,4,Germany,Mobile
6119,47.99439245670909,9.864183335519751,0.5546908948400663,17,Germany,Desktop
6120,23.57056296960812,6.014706941612962,0.6097444049418138,8,US,Tablet
6121,25.539913523549632,8.486116964140173,0.5034539711824018,4,US,Mobile
6122,52.986536789243296,13.395425094033076,0.4201568344667176,16,US,Desktop
6123,26.76716349014124,12.761703682418602,0.3329965232459463,12,UK,Tablet
6124,39.201810301164215,9.278607702777506,0.3736115105096044,23,Germany,Desktop
6125,15.455995910458567,10.601770324636123,0.5920878998117941,12,US,Tablet
6126,33.65184903574782,10.124135250913898,0.41077165289098017,20,UK,Mobile
6127,18.864101860122453,11.709254459248932,0.400558138526968,4,Japan,Mobile
6128,30.68073223828352,10.337757493997001,0.5812259252010555,5,US,Mobile
6129,34.33149495428251,12.630427292326283,0.5362322872638137,8,US,Tablet
6130,20.9842661231507,10.834370922843679,0.4800573503464151,5,Germany,Tablet
6131,14.531422281908426,11.025904502566892,0.439150301246585,10,India,Mobile
6132,24.61183925574273,9.125435651885605,0.43094021443796215,16,Japan,Tablet
6133,18.269912974681915,13.813483392440954,0.5539880384292929,10,UK,Tablet
6134,24.705696209218516,10.709437714716463,0.6388890089862233,1,Germany,Tablet
6135,31.698551807957323,10.180944153074467,0.5778403343841158,2,Japan,Tablet
6136,35.25138294110154,10.522993256991596,0.6700696269207308,0,Japan,Tablet
6137,13.292888973074174,12.408932573397998,0.45065874937500694,6,UK,Desktop
6138,24.862420907027982,11.48593186931752,0.47749997787944304,19,US,Mobile
6139,28.473397832511257,10.222291305823951,0.5600262862737967,0,India,Tablet
6140,152.19060944333108,6.42783268601543,1.971022542385911,23,UK,Desktop
6141,27.24278303756774,11.557710633782202,0.6778745268868288,1,India,Mobile
6142,15.491569602450202,5.176453257259501,0.5803924713364562,11,India,Tablet
6143,26.81799173932565,3.959831659062571,0.5543636358653312,21,UK,Tablet
6144,20.34064850318646,16.292022342276454,0.4810308611276396,14,UK,Tablet
6145,32.66152536075606,8.649370684842538,0.5369482984600961,12,India,Desktop
6146,17.723796928932618,7.49428580750716,0.4377341381176449,8,India,Mobile
6147,48.47828164080407,5.602541075227713,0.4764882209832537,4,US,Mobile
6148,23.815292411218678,15.354463003010935,0.5164061833647013,0,US,Desktop
6149,24.421729184972786,10.220280062664383,0.36954669266015083,17,Japan,Tablet
6150,19.772106914251133,9.878330735064607,0.49737521563803133,14,Germany,Tablet
6151,18.17927431838394,12.295042497991059,0.42368955157654437,9,UK,Desktop
6152,23.794440262401224,5.357735938073607,0.46083924671425003,17,India,Desktop
6153,29.262873963720025,12.055892999719537,0.51489792796232,21,Germany,Desktop
6154,44.55487539998292,12.914460230483078,0.4877905263767706,10,Japan,Mobile
6155,36.45599254298837,9.40034367671437,0.3035249163788802,18,US,Desktop
6156,0.473758484696841,13.163778881801269,0.4826282191058132,13,Japan,Mobile
6157,1.5609410367139915,11.488004982657065,0.370323009508982,8,Japan,Tablet
6158,18.928825813273882,6.058552718327188,0.4911446197433278,11,US,Mobile
6159,23.612412397657046,7.067905033394492,0.5292017140990299,4,US,Mobile
6160,40.5989186289501,10.770070584432935,0.32100751694298546,5,UK,Mobile
6161,12.16275822113873,6.615653243562386,0.5526699818541245,15,Germany,Tablet
6162,47.801580769609615,9.565584525103894,0.37311539881137845,1,US,Desktop
6163,40.36368229487448,9.522851372017554,0.5632535562483071,7,UK,Mobile
6164,27.489131806529155,9.57224781886349,0.405754775153747,23,US,Mobile
6165,143.31942919263858,5.370828122506877,1.0680943117223318,19,Germany,Tablet
6166,34.513502595597885,11.873842933083264,0.42201684431551506,18,US,Desktop
6167,17.048953308363107,10.496668324506336,0.5340680318249741,13,US,Desktop
6168,8.902685242394167,16.40260851456886,0.4660967624736925,10,Japan,Tablet
6169,14.007995642497498,10.829954154168792,0.6626039333725754,8,UK,Mobile
6170,29.655329363829168,4.696139610897793,0.44238500247273216,7,India,Tablet
6171,295.70578584883225,14.427370177676528,2.7705858268923045,14,India,Desktop
6172,21.880042770284927,5.932085024885062,0.3635895944594614,14,US,Desktop
6173,32.01398528657356,12.423715558580668,0.4568186080422594,9,India,Mobile
6174,38.33812009729118,7.605194761410895,0.5803581983669605,19,US,Desktop
6175,34.93645316716525,8.724172283877602,0.4343825772234374,23,UK,Mobile
6176,20.449715643754715,2.3672917947895176,0.3783203446540011,18,India,Tablet
6177,31.87261123405621,9.303746774808868,0.41614709604835676,5,US,Mobile
6178,34.24312129807198,6.2202030607322145,0.590920150867227,14,India,Desktop
6179,216.47854613965202,13.02885268902555,1.7548487031826583,22,UK,Mobile
6180,22.539482261834156,13.022458348956096,0.35995652280527796,12,US,Desktop
6181,18.58157935839133,8.736520394829437,0.5309697657823784,11,US,Tablet
6182,18.741278350867297,12.967838710082592,0.3298456628506255,2,US,Tablet
6183,15.31654649541128,9.329198760802718,0.7546741442375061,13,Germany,Mobile
6184,22.267845850827488,7.16757760507748,0.5040740535038488,8,Germany,Mobile
6185,15.03442414937046,8.37736264824174,0.6048284172964136,19,UK,Desktop
6186,29.812465062342564,7.754974991980838,0.4667277436514599,10,Japan,Desktop
6187,26.86558066689274,14.455439437959008,0.4650813483360273,15,Japan,Desktop
6188,25.364373652051295,15.087645987915884,0.5289266576446987,11,Japan,Desktop
6189,23.659290313165727,13.042841943372398,0.544424528847194,2,Japan,Tablet
6190,43.49107540952448,6.002628941765329,0.5767807248425773,20,India,Tablet
6191,26.387726933566938,4.280386338235394,0.4975902085133705,6,Germany,Mobile
6192,20.914452822915493,8.62258058717957,0.5096027208875392,6,UK,Tablet
6193,28.1959112595623,3.6546454524802616,0.5521163204494094,16,UK,Tablet
6194,38.04835341830601,8.167696013544262,0.6238006973979543,8,India,Desktop
6195,45.50858154994372,9.921539952706087,0.46300394391391025,17,Germany,Desktop
6196,24.961771991110105,14.131838716683173,0.5016013483805417,12,Japan,Desktop
6197,22.45884743550782,14.084549463700888,0.4890097571397315,12,Japan,Tablet
6198,20.631725256261962,9.926143576458047,0.39188218334529984,20,UK,Mobile
6199,46.2451305671854,8.971221643869205,0.4126412354999544,3,US,Desktop
6200,40.220216556311314,10.087237010789051,0.6705930954474315,13,India,Desktop
6201,37.309397804556845,5.287887822244152,0.4720986429436523,10,UK,Desktop
6202,22.974263736153098,9.078287032716243,0.43194826726981,9,US,Tablet
6203,34.70978436202762,11.015170067367842,0.492636173573803,17,UK,Desktop
6204,38.08380271776211,11.683811531477257,0.3746312735845744,17,Germany,Tablet
6205,18.466733979377032,12.257982692393607,0.33612130929863426,10,India,Mobile
6206,18.643117522005767,8.068888712297039,0.5994720331066874,9,Japan,Mobile
6207,21.350726524030126,11.575246057007497,0.28043796560401657,11,Japan,Mobile
6208,25.718224884090997,8.271787269216066,0.6348893689926649,16,Germany,Mobile
6209,24.411950300691714,6.936601096497995,0.5615814733495486,14,Germany,Desktop
6210,31.45217297966297,7.439494661120304,0.5393376601319078,1,US,Mobile
6211,48.05959721483584,14.958391621672288,0.47408166133015195,8,India,Desktop
6212,37.77115549679737,4.944151562784666,0.49474663907234895,19,UK,Mobile
6213,46.079489798475464,12.621738342895839,0.6745823661573185,21,UK,Desktop
6214,22.800080157656687,10.51596994083213,0.5775678999843539,3,India,Desktop
6215,7.775887708838614,9.11479355237122,0.6381007806414176,1,Japan,Tablet
6216,40.08869221178465,8.386454652712967,0.4344143574149988,19,Japan,Desktop
6217,37.703271800861984,10.279202874653302,0.531722518104603,14,Germany,Tablet
6218,27.69043093024024,11.935365891412037,0.5305096380576344,16,Japan,Desktop
6219,28.368883169116092,11.65657308353747,0.442028303117448,8,Germany,Tablet
6220,30.301860032560864,4.633700920434182,0.2939374965202097,11,Germany,Desktop
6221,34.16568922445898,8.165427043197653,0.4435237611107805,4,Germany,Tablet
6222,95.13775727619264,6.20274678622972,0.9974588592713677,15,India,Tablet
6223,47.111386812365126,8.276207119222745,0.7290869803724149,9,UK,Desktop
6224,35.704519429946814,15.188040809449454,0.4781428233997733,11,Japan,Desktop
6225,37.447222387808296,10.439832413889308,0.47035844558517514,19,Germany,Tablet
6226,31.877652266993245,15.390006780866674,0.6826698913436402,17,Germany,Mobile
6227,38.2120245140505,11.043408908552227,0.4945231820110785,3,Germany,Desktop
6228,32.84726036134937,7.164944137543959,0.46886430190078215,15,Germany,Mobile
6229,35.8041379395342,9.268228858642916,0.5680778515847744,22,Japan,Desktop
6230,35.04858457955945,9.147735270852058,0.6399808781392883,23,US,Mobile
6231,30.48556443599763,9.63979038681814,0.5577096128287997,1,UK,Desktop
6232,32.752169817744736,12.380830971276053,0.6268352427773896,9,UK,Desktop
6233,15.076129078956388,8.264791002996963,0.6495910808166883,18,UK,Mobile
6234,25.764418949543003,4.829152529964606,0.5144332455233807,22,India,Desktop
6235,32.829457600604535,5.195108201769711,0.5450282299070255,0,Japan,Tablet
6236,30.279951941791953,6.166386030128285,0.4446720866225853,23,Germany,Desktop
6237,43.1913166648994,8.775990895432624,0.6216580448934779,7,Japan,Desktop
6238,46.77821137273166,13.585127693962317,0.5480675273026598,11,UK,Desktop
6239,32.992870582600325,9.793400112268428,0.7278122691431869,17,UK,Mobile
6240,28.499048218035377,10.722333128316974,0.4314676393315958,0,Japan,Mobile
6241,30.442960162027223,16.997540663252643,0.5378463696745408,15,US,Desktop
6242,235.2901610371418,5.2010949903958625,1.9273330545808598,13,US,Desktop
6243,58.28092296318691,10.102376213405272,0.5659422057772069,22,UK,Mobile
6244,32.3002494228991,11.767628192767951,0.48975491482410016,8,India,Tablet
6245,34.37959916107052,13.189449169918682,0.5339144599783214,16,UK,Tablet
6246,9.846540595899178,13.469356641555672,0.5226905405628304,15,US,Tablet
6247,23.32531789252399,6.326291010972245,0.5441379937008265,22,India,Tablet
6248,18.134943634604625,8.824042847298319,0.49558977696116696,19,UK,Desktop
6249,12.999695403820862,7.266775021804822,0.5322445134547402,3,Japan,Desktop
6250,29.50750470287291,11.35594705418487,0.5280531323692308,0,US,Tablet
6251,32.242721456589415,11.267062950280227,0.5594374944791632,3,Japan,Tablet
6252,29.16668856431,14.02160405820379,0.5162207801389397,19,US,Mobile
6253,48.95319871856033,10.264146920212523,0.46491786533522456,9,Germany,Mobile
6254,7.111062823807515,9.841010735181692,0.5259747314021552,20,US,Mobile
6255,41.41589637436873,10.513981409506444,0.6399607701941594,18,US,Desktop
6256,33.76956655239447,6.131062234003094,0.5092201148786122,11,Japan,Desktop
6257,36.51597050483282,11.938591418420003,0.4027271159228017,8,US,Mobile
6258,25.699205620183296,6.935779975327225,0.30811291890377834,2,India,Mobile
6259,31.943305586407142,10.936787224471637,0.5045396155137605,19,Japan,Tablet
6260,36.01729783596002,8.09504812090796,0.38393781071922856,1,India,Mobile
6261,38.819112903597095,8.96886449665958,0.5688200810562096,21,UK,Mobile
6262,25.95016896450699,11.113935311841171,0.4925703998434105,17,US,Tablet
6263,25.670902916263078,11.758652817774422,0.5491521867213096,21,Germany,Mobile
6264,33.14526555001688,11.374995127786914,0.48365157949343596,15,Japan,Tablet
6265,17.54617625476794,12.716889468088793,0.5642194345744959,4,UK,Desktop
6266,19.206515709454656,11.600350940749813,0.49362110269591725,14,UK,Mobile
6267,36.214785170753785,12.751838368729867,0.5744185306182338,9,US,Desktop
6268,33.526528964068014,8.559849509682316,0.5700148152802642,8,UK,Mobile
6269,38.44715444557263,9.877259687857663,0.5212772916321912,16,Germany,Mobile
6270,22.036426644853975,9.978924538289785,0.48931082644693036,2,US,Tablet
6271,21.365557722332795,12.390367969584274,0.4199345645968988,2,India,Mobile
6272,34.698450949915554,12.12534317350521,0.6623533611097832,3,Germany,Mobile
6273,29.991326881531407,11.622603235871464,0.5300808820210696,1,US,Tablet
6274,15.74257187162729,5.967848562405651,0.44649849766336036,6,UK,Desktop
6275,133.0386760825457,7.404791855546593,1.1809114078463263,22,UK,Tablet
6276,18.085948131410447,6.936537809523115,0.5605252580372388,3,US,Tablet
6277,31.007309106617942,8.41772422581842,0.46071287142823414,10,UK,Desktop
6278,9.834167303981488,12.459897836386896,0.4495063839955897,1,UK,Desktop
6279,40.668719741976105,13.410848426805348,0.4613723651490197,13,Germany,Mobile
6280,35.19405000027084,10.53695014942547,0.45656648289297547,6,Germany,Tablet
6281,24.353182135420887,10.13800464077445,0.5547015634910429,21,India,Desktop
6282,32.11844697489175,14.710261668752363,0.5993683549954529,20,Japan,Mobile
6283,11.885002821442708,5.490502531938372,0.6463628903978126,15,Germany,Mobile
6284,47.90105184647726,11.433630519825233,0.47759487721085125,2,Germany,Desktop
6285,27.887806580890185,8.477526025264243,0.4971389731710157,4,India,Mobile
6286,28.04501535884358,13.619535660139096,0.6090014972073472,21,Japan,Desktop
6287,46.84152444355489,13.067416525703653,0.5460014175543719,15,UK,Tablet
6288,17.489418096458465,13.755106195417742,0.5324539339729896,23,India,Desktop
6289,31.49514692609348,11.892224579083434,0.452934391645379,0,UK,Mobile
6290,15.136783001411104,4.76075132125394,0.2610297638478404,7,UK,Mobile
6291,27.489413148415,12.329879005898015,0.49960339713346896,18,India,Tablet
6292,10.902005461682329,12.029493944719707,0.4120416848823886,2,UK,Tablet
6293,26.161750255596257,11.050536785720546,0.4696890338578998,21,US,Tablet
6294,25.527310453527697,10.879820492266346,0.5100900432299291,13,Germany,Tablet
6295,26.196187047431987,12.076686798789034,0.5555012695107278,18,Japan,Desktop
6296,39.03733153034426,6.818842589073222,0.6224098431195186,20,Germany,Tablet
6297,42.55042210966555,8.529378684978283,0.5056500482526548,8,US,Tablet
6298,31.95880891904289,12.342056305486485,0.342668841065768,7,Germany,Tablet
6299,37.46725701524703,7.878287541073311,0.53454508948037,5,Germany,Desktop
6300,24.57346384701075,14.83443575999287,0.6638431649776674,12,UK,Mobile
6301,35.16505620017957,10.002004240989699,0.6204669980679847,23,UK,Desktop
6302,36.95666689488488,6.822789095854394,0.40736135630052145,16,Japan,Mobile
6303,44.370952284368954,13.130266710259773,0.31509863403497534,21,India,Desktop
6304,32.61017256521552,10.297628494612594,0.5083170309563866,5,Germany,Desktop
6305,17.227033198741275,10.420322149936274,0.5243377486964077,3,UK,Tablet
6306,28.87852355408259,8.791832918698589,0.49196549669584205,1,Japan,Desktop
6307,33.81103095591606,12.198891640901696,0.5582341236115715,2,UK,Desktop
6308,45.7561798385257,9.91956758274438,0.48100169444049223,8,US,Desktop
6309,20.43838659432308,7.68466531131533,0.5642958857556434,7,Japan,Mobile
6310,7.969519307813325,9.070632625461634,0.44040329061642197,19,Germany,Mobile
6311,29.10320483180248,6.087682500133989,0.5525370489296458,10,US,Desktop
6312,3.789152735370127,8.755090464380519,0.493033932792351,19,India,Mobile
6313,39.77355023528059,6.255931905785603,0.6511223259792548,15,UK,Desktop
6314,29.06870232758221,9.946257084258834,0.5891894234391353,4,US,Mobile
6315,33.81134233564726,10.013545663809811,0.49874537018741827,9,US,Tablet
6316,20.807766672354262,12.895230902807974,0.5756520518412145,12,UK,Mobile
6317,24.520539554347764,11.118216404735008,0.6153225861708757,6,UK,Desktop
6318,37.91885956026869,8.393112439629652,0.5000225065651595,6,Japan,Mobile
6319,34.216221348398705,10.82015920776253,0.43516475106488983,11,UK,Desktop
6320,45.30629619882593,8.394898121954274,0.46003694823672103,4,Germany,Desktop
6321,21.18542796994472,8.464760813483103,0.5763577902656466,7,Japan,Desktop
6322,29.88627389062673,14.29411278179765,0.583810794226687,3,Germany,Desktop
6323,22.685794661220488,7.322466288535674,0.3527363784948005,14,UK,Mobile
6324,29.784499778377917,11.774788211962509,0.4923954376535818,23,India,Mobile
6325,122.5514182182296,10.30233173817532,1.3374079160115562,5,Japan,Desktop
6326,27.751070738398745,8.001084755125348,0.6474453073527583,10,Japan,Tablet
6327,19.621799469333034,10.385078409746388,0.6762420810498431,21,Japan,Mobile
6328,30.207799249483404,9.472004309915308,0.7077168099916168,4,UK,Desktop
6329,31.512970769098636,10.672720656018758,0.6839789689689824,0,Japan,Mobile
6330,17.64918713172363,10.318290489450908,0.5328194670293134,1,India,Desktop
6331,45.01662324629143,8.482654268875477,0.6115318477112202,0,India,Mobile
6332,31.71498132931163,11.168456898058912,0.35641099428429823,19,US,Mobile
6333,29.06698993006742,6.825761245584992,0.5425787641929853,21,Germany,Mobile
6334,30.698174842378812,10.046860319328578,0.4697984813387108,1,Japan,Desktop
6335,51.140364901896945,10.803768252916873,0.45555437361929646,1,Germany,Tablet
6336,34.73692945146025,5.535768753839846,0.4919161448814174,14,Japan,Desktop
6337,36.05442372425445,11.282552063358636,0.41649452755628885,23,India,Mobile
6338,21.23109926322737,9.492919842426627,0.3420613096660232,23,Japan,Mobile
6339,29.7262864891628,8.195077280497653,0.3786153315151459,1,UK,Tablet
6340,27.42590206876161,14.220070470753264,0.4995447861870756,6,India,Desktop
6341,24.029122373669388,12.238749532379368,0.4516141970313199,6,UK,Mobile
6342,30.675226637453864,13.870040927888535,0.6179964954856453,21,UK,Tablet
6343,30.77395854831592,15.998532941903948,0.5236803620821404,4,Germany,Mobile
6344,23.57930230706915,10.464572046715288,0.4621262342912428,18,Germany,Tablet
6345,36.14054514075232,10.955296869667757,0.4890455319520298,23,UK,Mobile
6346,46.58546130355118,7.417559528693351,0.6031239013854547,1,US,Mobile
6347,39.005137066699916,4.661079642533531,0.4210426406890981,15,Japan,Tablet
6348,38.56775064586623,7.5422570120766785,0.28902071450808253,8,India,Desktop
6349,21.63935334754358,9.911815460001563,0.49128791332873434,3,India,Desktop
6350,37.838926877326685,3.355547118735922,0.43262777892421017,16,India,Desktop
6351,20.445326134544338,7.523423962526216,0.5711080124486398,13,UK,Desktop
6352,43.996341202130196,10.951218657454593,0.4372289623464824,11,Germany,Mobile
6353,24.65023129613152,10.216944810367284,0.5287605180012931,14,US,Tablet
6354,31.443838021600893,12.232992253472698,0.5582472740263571,9,Japan,Tablet
6355,42.820870191847575,11.740314027645493,0.6064781047427894,16,Germany,Tablet
6356,43.40257853812753,13.254503186821868,0.7304333449024186,13,Japan,Desktop
6357,40.18728013822805,10.367139708294253,0.49022083291772306,7,Germany,Desktop
6358,38.46409910786009,13.128236833873952,0.4482463806602085,14,India,Desktop
6359,11.273029442279594,10.449202222372355,0.3723521311573218,4,Japan,Mobile
6360,43.679362074351495,14.42679103485802,0.46249076356042507,16,US,Desktop
6361,5.0166495877799235,11.44469226061245,0.4370175270854698,10,US,Mobile
6362,40.948268211972334,7.148204187276892,0.5510415928936728,22,Japan,Mobile
6363,32.065644781612235,5.9155037742838115,0.6187403469657362,18,US,Mobile
6364,36.59411174872548,12.612976924902707,0.48100164242197,9,US,Tablet
6365,28.17682042505073,14.767189691162173,0.5679140728197483,14,UK,Desktop
6366,29.89528657968531,13.473398694514326,0.4409793093257546,4,India,Tablet
6367,35.03515869482221,8.753538579749044,0.5187783882732916,14,Japan,Desktop
6368,32.81629151493906,14.976635829625295,0.42587398125542064,12,India,Mobile
6369,24.57229428726862,8.82715545666978,0.5292310998344955,9,US,Mobile
6370,23.86859353962484,10.363551809441951,0.5631133188958252,17,Germany,Mobile
6371,20.63525490383801,13.07312606472021,0.4081139517308241,15,India,Desktop
6372,22.369699281653084,10.068004395424275,0.3015791023556449,14,Germany,Desktop
6373,33.59584618393751,13.128792206658023,0.592135197690333,12,UK,Mobile
6374,25.674040310834343,14.550227502193913,0.47486588702946564,15,Japan,Desktop
6375,43.820241886884716,15.559762151678951,0.5990395005035402,0,Japan,Mobile
6376,20.920347696162608,10.437129934370065,0.4181709490734341,0,US,Mobile
6377,23.8752930769214,12.57999355677719,0.5052086327088551,14,India,Desktop
6378,43.46355723133857,5.654298614733262,0.34304430370752775,6,Germany,Mobile
6379,33.733740234568856,12.238871680481436,0.5139808520976415,0,UK,Mobile
6380,23.80950948852968,6.56423998922927,0.4061589793823438,16,Japan,Mobile
6381,40.43787704311153,12.79712259857251,0.2705624982202456,11,UK,Mobile
6382,34.820550183230566,13.459274734566447,0.5773389389622072,5,Japan,Mobile
6383,53.18015452629284,8.802482735963526,0.44134839076707244,11,US,Desktop
6384,156.93504704750978,7.871132559371865,1.7041897725657011,16,UK,Mobile
6385,38.75416363914872,8.202552520632329,0.7367572627822855,4,Japan,Tablet
6386,24.837124814231096,13.048703296147886,0.3695676012316678,18,US,Desktop
6387,25.429967862920453,14.44873897958798,0.46917543283483476,15,Japan,Tablet
6388,31.04021863551068,11.948756300201293,0.6017594317831576,10,US,Tablet
6389,36.03817743687198,14.085247740231475,0.43245865995706934,20,India,Tablet
6390,34.40296918596956,8.455144076399499,0.5744284115373349,1,Germany,Mobile
6391,33.656351878169644,7.554895563826947,0.44737253154428924,19,Germany,Desktop
6392,24.66672139628483,13.30069158511417,0.5531849201401499,22,UK,Mobile
6393,29.3073332077909,13.857116934108124,0.3325332883003946,14,US,Tablet
6394,49.57434092624129,11.591023942058685,0.49906845015926926,12,US,Tablet
6395,27.592237534444273,13.902891601202839,0.5168040641334211,20,Germany,Tablet
6396,39.13015191576429,10.543653820558653,0.4215489959104926,14,India,Mobile
6397,32.460188550201444,6.571512797731576,0.3758352879992464,2,India,Tablet
6398,27.415806177056155,9.933927903959587,0.3825861423144066,19,Germany,Tablet
6399,28.253940513271928,12.5749102131003,0.5696195058395925,18,India,Tablet
6400,33.77712663531603,6.313484380732396,0.46033167851438783,20,US,Mobile
6401,37.078876299786984,11.384830645697738,0.3556904304371149,22,Germany,Mobile
6402,25.481686845215975,11.373343055559221,0.44932745955593817,2,India,Tablet
6403,40.69437027823809,13.787903894984062,0.6582823713545592,19,US,Mobile
6404,21.598155556248727,14.631677072522539,0.4605503238439042,0,India,Mobile
6405,35.47967410522867,7.213842017821771,0.602952140563179,19,US,Mobile
6406,28.577454958798032,10.517949804665722,0.6989098958517265,18,Germany,Tablet
6407,19.78763977593883,6.059171689621321,0.5932652565678126,22,US,Desktop
6408,27.29777168005693,7.012750327822844,0.5628932528146168,12,US,Mobile
6409,30.265287904091846,11.617717804494244,0.39059134457089273,15,UK,Mobile
6410,37.26946897187315,10.55988802883655,0.5656250478344134,12,India,Desktop
6411,14.800152530726384,11.062680790960915,0.6047550087005327,8,India,Desktop
6412,21.623219395697554,4.304679640570921,0.40807740018106997,12,US,Desktop
6413,19.08060154239822,9.104122858838943,0.6228803702820905,17,US,Desktop
6414,34.807050815269506,10.667640310032748,0.5801362579455983,15,Japan,Tablet
6415,28.39279630505703,8.18922381595782,0.4292628258986482,9,UK,Mobile
6416,26.6993314759858,7.687545018868732,0.3942218755700796,8,Germany,Mobile
6417,41.35343229160811,9.781223608973063,0.44261025285677236,3,US,Tablet
6418,28.266350405961266,9.267781328880384,0.2738486428034771,3,India,Mobile
6419,24.74304030088496,12.012975914465798,0.40551695598245086,12,US,Desktop
6420,34.53009291603747,12.010635059601483,0.40882161030816966,21,Germany,Mobile
6421,37.21329781053581,13.132375129865467,0.4097320560406224,5,Japan,Mobile
6422,45.54423456815391,10.933439114251609,0.43905584393670277,5,Germany,Tablet
6423,18.648762812385755,11.479607872518947,0.5443085412926814,18,Japan,Mobile
6424,35.49295321009979,13.170243075139517,0.6534501543101671,4,India,Desktop
6425,167.22725499325537,14.445686504419012,1.646150756568994,16,US,Mobile
6426,31.792792607133798,8.959648603840456,0.5469903623485748,1,Germany,Mobile
6427,41.91112373697262,11.881237138105423,0.5683297439446501,18,India,Tablet
6428,32.698010903772946,6.424514769084088,0.38202018087571865,2,US,Mobile
6429,23.823382978268366,5.060710600067082,0.5413716668455583,8,Japan,Tablet
6430,33.526058601085424,10.102080889392635,0.5918772214370697,20,Germany,Desktop
6431,32.99344244702618,7.708720699463434,0.4012808684718372,3,US,Tablet
6432,30.969821685899078,11.903578362650633,0.2643744493074037,20,India,Mobile
6433,24.9492552223346,5.485068741331418,0.2560882977969863,13,UK,Mobile
6434,11.619973865625788,13.437882178794467,0.5605225095237645,23,Germany,Desktop
6435,45.45982208795678,9.317208685976352,0.47235208038577275,14,Germany,Desktop
6436,17.986950698289466,7.218867637715356,0.406019542845587,3,US,Desktop
6437,27.564033218932032,9.925745959809056,0.5574731687703067,18,US,Tablet
6438,41.10196447273101,7.043720642271827,0.6359529349375959,6,US,Desktop
6439,23.52563632694737,13.21122905342666,0.547439022197592,7,Germany,Desktop
6440,42.21247478228829,14.072367545046209,0.30963106948352526,21,Japan,Mobile
6441,41.18187572603073,11.70867907995003,0.6041035308156122,1,Germany,Mobile
6442,20.0386755338976,8.105287435518058,0.33951404509726946,19,Germany,Desktop
6443,47.20501298469581,6.831487835967095,0.5642844269515359,20,UK,Mobile
6444,25.81919425703112,14.317946867655312,0.5023846540125047,17,Japan,Tablet
6445,20.762583696392554,10.032513657521822,0.658312518642815,9,UK,Desktop
6446,38.8334280599202,10.706291542477517,0.462933228862227,2,Germany,Tablet
6447,25.870385644373485,11.188585250442898,0.4749296326248629,12,US,Tablet
6448,33.99661562890141,8.88972072963215,0.5533825244928803,23,Japan,Mobile
6449,35.82045221359133,10.911972024917135,0.39826024571875657,12,US,Desktop
6450,35.22719770813407,9.438982255914803,0.5386695695982189,18,Japan,Desktop
6451,78.8946406665799,10.798694480997137,1.0544825616756373,20,India,Tablet
6452,30.161716971260624,10.007073305045516,0.5174959564767805,15,India,Mobile
6453,47.097132043632755,8.702305596900517,0.40251985704802784,1,Japan,Mobile
6454,31.948809912126396,9.370846812562261,0.6316969529171486,1,UK,Desktop
6455,16.00545331153806,15.3999071158309,0.4910936605663624,16,UK,Mobile
6456,22.232905970541125,16.019296253961542,0.37406597825346155,12,Japan,Mobile
6457,34.34395954888042,11.658831836047723,0.6243817014151866,14,UK,Tablet
6458,33.009973953424534,8.58394618123283,0.5258507386871442,19,UK,Mobile
6459,47.91141562572392,9.11298701711115,0.45748077568331025,19,US,Tablet
6460,34.23431424361733,6.023228551666751,0.475568201197381,10,UK,Mobile
6461,30.808993514507993,10.66516582250952,0.5870865831476659,7,Japan,Mobile
6462,43.298432734313764,8.56154812756416,0.5108673923860249,9,India,Tablet
6463,27.326348382986243,13.435363060737465,0.4264961829998078,4,UK,Desktop
6464,26.930857416731364,11.601044180663415,0.4237839330294326,15,UK,Desktop
6465,49.05142436635515,5.886308129569263,0.44796885930266495,20,Germany,Tablet
6466,49.35604697885549,7.097877994807382,0.5757952172690003,19,US,Tablet
6467,35.012453918819006,9.64805545873725,0.44157438253649384,23,Germany,Tablet
6468,19.4490152745081,12.130277237467537,0.46892838253069224,2,Germany,Tablet
6469,46.168496296381974,9.046211176299625,0.7249231902351712,11,UK,Desktop
6470,44.10821134565053,12.739066320095292,0.6554317482381828,0,UK,Desktop
6471,21.323471147578985,9.738831761201046,0.5503091125791235,13,US,Mobile
6472,37.594491914534146,5.861759810512471,0.5118194186350384,6,US,Mobile
6473,34.03021050954603,8.504379042256483,0.38996397015276507,8,India,Tablet
6474,21.67253075525833,4.335001312334255,0.46777069738921007,5,Germany,Mobile
6475,17.729502541153842,8.063969270467704,0.3905039559340756,2,Japan,Tablet
6476,26.097211016805193,3.3117086487580263,0.41830119774541985,0,India,Desktop
6477,20.47640932808044,5.030859352657869,0.5274829213025597,18,Japan,Tablet
6478,25.321687480366624,9.51552850492281,0.4379547113839168,3,India,Tablet
6479,20.95855493526264,9.184243898592115,0.47656942411661285,5,Japan,Mobile
6480,23.10835340947607,4.514854116118703,0.4381090472239235,8,Japan,Desktop
6481,21.696125564217667,8.47280944389738,0.4748748584727987,21,Germany,Desktop
6482,25.11406957829798,14.284014241027371,0.34300099536083317,11,UK,Tablet
6483,25.964798893851757,11.802281106478297,0.3514868858610549,11,Germany,Tablet
6484,25.341681569345052,7.186035542326799,0.5520175005640244,3,Japan,Tablet
6485,20.004766912420976,10.798324591470417,0.5280010979230821,8,India,Tablet
6486,53.118353311089976,10.996286005187928,0.6080163791086399,18,Germany,Tablet
6487,30.42817403905596,7.560390379732668,0.39497100893956677,19,Japan,Tablet
6488,30.751668773621756,12.576641681702636,0.5027419561825052,8,Japan,Mobile
6489,38.18843886289353,11.495337410683028,0.7341145383460796,17,India,Desktop
6490,22.478797378620193,13.34730836369304,0.6491918105409169,11,UK,Desktop
6491,31.17466222846773,4.258206214427328,0.4758711868443824,16,US,Desktop
6492,16.12957334135435,16.117245860943815,0.6566512975367019,13,Germany,Desktop
6493,23.28204631535032,13.295426206271761,0.627684102818235,23,Japan,Desktop
6494,53.56459402035124,14.433578112086241,0.6027568078999574,22,Japan,Tablet
6495,29.6521490183856,5.245985432999367,0.6430951059234539,15,Germany,Tablet
6496,24.28944599254019,10.246398269205661,0.5475648848817878,15,US,Desktop
6497,23.321578950881385,7.998852561257243,0.5996853639738022,1,India,Mobile
6498,43.218086894357526,10.806717024295487,0.3551073928336163,13,US,Desktop
6499,27.332918976966294,7.125296386708884,0.37665583645588613,14,US,Tablet
6500,14.22370655387783,8.336573188522646,0.4533567435837424,2,UK,Tablet
6501,31.458779078145767,5.7081698513440795,0.48514223309566556,1,Germany,Mobile
6502,38.33045002295238,15.263463249115262,0.3771328137791693,6,Germany,Mobile
6503,15.032912900556145,8.631849593552994,0.4089315172750516,0,US,Tablet
6504,22.88460281835515,13.517773437445655,0.5735328388282581,10,India,Desktop
6505,21.94388819639473,11.913438001989567,0.37706707215166807,20,India,Mobile
6506,18.95717117091244,7.650850709015069,0.5050581429998318,10,India,Desktop
6507,26.349099133683712,10.862846558592668,0.43901006489662353,21,UK,Mobile
6508,32.00193138884098,11.310378564840223,0.31679737717085227,0,India,Mobile
6509,15.973003004478079,10.103494186777624,0.5903282701875641,15,Japan,Tablet
6510,52.616454493013315,12.88745620954982,0.458748774062387,12,India,Mobile
6511,25.87254628732598,10.9931401094762,0.5597652598910043,4,US,Mobile
6512,15.128600584787327,11.508860993419722,0.6180786185147759,17,US,Tablet
6513,35.27581449634808,16.84609084950138,0.49177090004580226,23,Japan,Mobile
6514,20.038870398892417,11.927411908925503,0.5878364959675242,11,UK,Tablet
6515,25.8803438092264,8.888400442261023,0.328450207798627,7,UK,Mobile
6516,38.38158234517181,10.46740792799692,0.508732367041949,6,Japan,Desktop
6517,21.79315584260492,6.446524139336541,0.49484378577562343,22,India,Tablet
6518,27.271672376127395,10.031048881614701,0.4393999669688303,4,US,Mobile
6519,22.77451469643515,8.81264129897614,0.4207222210738743,10,UK,Desktop
6520,47.64253913436711,11.151465171160698,0.5069206143239108,1,US,Mobile
6521,39.66985715545717,7.671842118329418,0.5216336392027092,11,Germany,Tablet
6522,16.520664286318507,13.703362114472506,0.4985026842550683,13,Germany,Tablet
6523,38.87028081033492,14.239840800549251,0.585131563112523,10,Japan,Tablet
6524,17.14165290309989,7.3945971210311665,0.7061851744631051,14,India,Desktop
6525,26.298235206357468,9.136012392487839,0.476205333836621,20,India,Desktop
6526,15.169595612073806,8.31579588197925,0.46335653764753554,14,UK,Mobile
6527,21.50506032039297,12.532138658230703,0.4615958745978077,12,Germany,Mobile
6528,24.171947436971315,8.430431840093593,0.5662375257050012,1,Germany,Mobile
6529,44.78193903340043,8.292401751573125,0.5519682421519668,3,US,Desktop
6530,20.66343113382394,5.651269895534082,0.4819172512601687,23,India,Mobile
6531,11.197508166868229,14.647122848283317,0.6764911106663427,19,Germany,Tablet
6532,24.442264185544264,5.15825395575062,0.5279762504451346,23,UK,Tablet
6533,26.315823558174895,12.078972184397962,0.5550211626796643,20,Japan,Tablet
6534,33.03207270388723,10.231785064148585,0.6664609770045733,22,Germany,Mobile
6535,30.494406403951462,13.355054809233712,0.5773738120329892,9,Germany,Mobile
6536,32.25471414488285,13.79041016457159,0.44823396302836727,12,Germany,Mobile
6537,24.390370467807347,9.761730842180539,0.45581008426758285,23,US,Desktop
6538,32.52361559096127,16.551731601201677,0.35552396094406646,11,US,Mobile
6539,29.611095928511066,8.445316536609788,0.5530628342999229,15,US,Mobile
6540,37.12339486881709,2.479760019339425,0.32746059025165997,21,US,Mobile
6541,32.78467001139752,11.436886530653089,0.5090276813436336,17,UK,Mobile
6542,20.454366106778867,13.973348510535516,0.6153931931744475,5,US,Desktop
6543,170.98052209601886,9.355144648892072,1.5028088028561748,13,US,Mobile
6544,21.076545797278914,12.415025974953542,0.4220352509151727,16,Germany,Tablet
6545,22.24711178296282,7.332211452980915,0.49858334044982117,3,UK,Desktop
6546,24.602618033128664,2.75245987349353,0.33430488037268574,8,US,Tablet
6547,42.91496251725967,9.759972456672747,0.5213812678044629,16,Japan,Mobile
6548,50.60903613940942,9.429692469425122,0.4740649130783173,16,India,Mobile
6549,49.63860429784709,12.788635136119568,0.38871123279837333,7,Japan,Desktop
6550,11.304569377398273,6.681933763337865,0.4986410240319794,14,Japan,Tablet
6551,18.5531453463714,4.642450928591877,0.4912751988491539,18,Germany,Mobile
6552,26.41281133845275,13.77314537415994,0.5436705388140721,9,Germany,Mobile
6553,27.124914954646606,9.842992404027314,0.5679099821743225,5,Germany,Desktop
6554,107.62820546275823,10.55673496628343,1.0707018173231515,17,UK,Tablet
6555,4.138660930311055,14.766606504998094,0.4332584020077093,15,US,Tablet
6556,30.138709020599844,15.083935845425838,0.5492671381847718,4,UK,Mobile
6557,20.27510356435336,9.456543137606133,0.62513914680706,8,Germany,Mobile
6558,30.43313502667482,9.502873943059232,0.3363836079881493,15,US,Desktop
6559,27.35911596982293,11.381780538369284,0.5894310268238782,23,Japan,Tablet
6560,28.187997249149127,9.797892524243457,0.5082916781967718,20,India,Tablet
6561,41.44577527340067,13.689828942280187,0.6917514985859867,22,UK,Desktop
6562,47.29034596044113,9.277947939801209,0.38523254890419256,16,US,Desktop
6563,41.2153676018058,8.2167005516729,0.5844605578902347,15,UK,Mobile
6564,43.93692778345353,8.457177630874451,0.3926280238453092,12,UK,Desktop
6565,18.094600700926087,2.4813432626776386,0.4779386102668735,2,India,Desktop
6566,29.156123845112596,10.913017473096497,0.524579491195508,2,India,Tablet
6567,15.552997169262808,10.71578989695108,0.4966560153831267,10,Germany,Mobile
6568,47.429221617971166,6.049428218182879,0.5162028406791406,17,India,Desktop
6569,36.01249773954892,9.45624911022646,0.6313024647929897,5,US,Mobile
6570,24.091357770827763,11.329480965893731,0.5668468448288414,18,Germany,Desktop
6571,36.764449869453514,6.663987182122002,0.4979799528926045,14,UK,Tablet
6572,26.80380443064235,8.002187844722162,0.556419360789352,6,India,Mobile
6573,42.85202498789968,16.24030885532699,0.4599199590780358,18,India,Mobile
6574,33.98262352996399,13.106819635613203,0.38340188641289397,18,Germany,Mobile
6575,36.71574408608057,11.199804766278998,0.5739347470405585,13,UK,Tablet
6576,274.4573887738491,12.379794959525167,1.631517260638547,1,Japan,Desktop
6577,24.02197119824612,11.65387655564993,0.544226863467187,17,Japan,Mobile
6578,42.22312054678447,10.615274845115223,0.2862052223950662,15,Germany,Desktop
6579,31.58785179471538,6.617047719156549,0.5608650232662342,7,US,Tablet
6580,31.74888532509501,11.712077618914707,0.49949761372723817,7,Germany,Desktop
6581,20.597655224740045,7.098319151282837,0.36287969667040665,1,Japan,Mobile
6582,28.88168948922278,11.83295147032739,0.30248389979134016,9,US,Tablet
6583,27.210302518500104,14.251373323442385,0.5635869897706471,18,Japan,Tablet
6584,27.75206632331371,12.02270095739269,0.4693567737957714,19,Germany,Mobile
6585,17.67117250221846,8.758900370695276,0.49608795848702464,6,Japan,Desktop
6586,32.529735349668066,12.772529196284289,0.5463070732636389,10,India,Mobile
6587,23.59981604022572,5.900259540259116,0.3509598783504677,23,US,Tablet
6588,31.731353799240562,6.498331912391031,0.49275219189114106,6,Japan,Desktop
6589,16.826427691352368,12.731707145898476,0.480106517325917,13,US,Tablet
6590,34.7676964322324,8.071169044086798,0.5725624724624209,11,US,Mobile
6591,27.890152616242492,12.496737269805303,0.5557621114572165,10,US,Tablet
6592,28.20175097011008,13.4975175279876,0.6495868388663064,6,Germany,Mobile
6593,27.2149422474521,11.973645059408142,0.45681151752030885,21,Germany,Tablet
6594,37.888846414371145,13.5206502499094,0.3888539026383593,9,UK,Tablet
6595,9.334006814243132,11.2167895398212,0.33064754483366776,10,Germany,Desktop
6596,34.894141230909746,11.534137593851403,0.4885032520094906,12,UK,Mobile
6597,150.74700651565377,9.327438772882708,1.9116997370898026,1,India,Mobile
6598,33.58873845314668,10.10548520939517,0.44052707096745947,21,India,Desktop
6599,30.19505359242748,15.73686124223711,0.41043100183227543,7,UK,Desktop
6600,5.6135539463854975,12.211664402407424,0.495338197706435,5,UK,Desktop
6601,19.24522161848904,11.514989754735643,0.5039268252172661,2,Japan,Desktop
6602,47.449852356942,12.329911722722803,0.3801214182291693,17,Germany,Tablet
6603,14.135947384313637,9.33070683968198,0.54291922530744,2,UK,Desktop
6604,30.809751426791795,8.220132791435859,0.5404632633808178,6,Germany,Mobile
6605,34.21192698935679,6.97098699852062,0.5264685406020052,10,US,Mobile
6606,40.85610922136531,12.756898823660194,0.7826485717995673,14,Germany,Tablet
6607,19.706461344137367,12.4284159268263,0.5444687070400274,6,UK,Desktop
6608,26.5404872529666,7.436675162323906,0.5312315015666043,4,US,Tablet
6609,21.347669488303403,11.313261337220135,0.3806065428127079,15,Japan,Tablet
6610,22.673673498727283,4.3079955411309605,0.6934864213678791,19,UK,Desktop
6611,19.714831331436102,8.473276003014936,0.4945041827633684,1,US,Mobile
6612,32.88472786050206,14.247079930162103,0.48935956615027204,23,Japan,Tablet
6613,14.41985644954883,12.18968079861892,0.4428735334484961,15,US,Desktop
6614,44.39243149316979,6.587370537809934,0.4923875375844953,5,Japan,Mobile
6615,19.74253621874103,15.117331262569675,0.43529281748561743,10,US,Mobile
6616,29.760260130174125,12.07938928343394,0.37445833450492805,23,Germany,Mobile
6617,3.2073955377900774,7.373576732391894,0.6017942383667394,23,UK,Tablet
6618,27.961411117554345,9.144711430307945,0.590488622720243,1,UK,Tablet
6619,47.53647956596003,9.24191152180042,0.40960639081300354,9,Germany,Mobile
6620,50.747481473141086,8.29703872497068,0.6021050770170532,17,US,Desktop
6621,26.218676252025574,3.451205317885295,0.4193350906404689,1,Germany,Mobile
6622,38.94688187494201,10.595620893980579,0.5337595246289636,19,Japan,Mobile
6623,123.09300792617455,9.029230435645248,2.089974588092511,15,Japan,Tablet
6624,26.93409551205815,10.097410158305319,0.456493967429521,15,Japan,Tablet
6625,31.460065161670826,6.105048398775361,0.435468483198318,6,India,Tablet
6626,39.56183912809923,12.454959852187136,0.4368674088840482,23,Germany,Mobile
6627,26.55638698465598,10.432813646383789,0.5283235219037669,2,Japan,Tablet
6628,37.98992943338801,12.879410940192818,0.4343854524806539,8,Germany,Desktop
6629,46.995075841804166,10.568047808204788,0.5327920998093005,16,Germany,Tablet
6630,14.324449156984278,8.75846940411293,0.5896696137871603,4,US,Tablet
6631,48.254227683630646,7.995357441056573,0.6252420993403441,16,Germany,Mobile
6632,47.506594635438276,3.5747335136901057,0.4155071326903933,3,UK,Tablet
6633,37.212064358847094,11.404433159893122,0.6129990837142896,10,Germany,Mobile
6634,36.691407728545045,12.231162771895317,0.49370885844907586,22,Germany,Desktop
6635,36.448407618088424,13.72330605776211,0.3195862024641194,11,US,Mobile
6636,20.14439022187652,6.882159780391699,0.7261270973319904,9,Japan,Tablet
6637,21.371269816240485,5.905389816020491,0.6041226423692037,14,India,Mobile
6638,37.2428715519419,5.262661430668635,0.459386228495571,6,US,Tablet
6639,27.17737136723588,10.096548349600221,0.5601052099976509,14,Japan,Mobile
6640,39.31356464317926,4.573692632304807,0.5377054533480946,12,Japan,Tablet
6641,44.85951055890827,8.176589772154767,0.4428333627519976,22,India,Desktop
6642,20.41399515511541,11.806654346545145,0.45852825903797967,11,Japan,Mobile
6643,20.133573722737413,6.552807610900938,0.523040391231775,5,Germany,Mobile
6644,25.709038331720233,13.641382139092025,0.7051242894934805,16,Japan,Desktop
6645,31.803332094875216,11.095730483610522,0.31841991123432506,5,Japan,Mobile
6646,23.044557890619277,8.052429694477395,0.4825219528387965,3,US,Mobile
6647,20.978996632613292,7.791894191311901,0.5065973071495732,18,Japan,Desktop
6648,21.116808475415446,8.532653064368755,0.3946297051032517,17,Japan,Mobile
6649,19.914119890325438,8.483253933408884,0.3981038914143794,8,UK,Desktop
6650,28.046093506862654,11.410624211762375,0.5677098211630505,16,Japan,Desktop
6651,18.73974325580557,5.487261181161214,0.4281732335469597,23,India,Desktop
6652,9.875988032896089,9.678081207760686,0.4098836963307414,15,India,Desktop
6653,23.38840301548359,6.085003911624105,0.6217089833249332,0,India,Tablet
6654,25.818799599476975,8.602260481563981,0.5977961376360132,1,Germany,Tablet
6655,49.24053278461942,11.600698316061788,0.4757344235223935,1,Japan,Mobile
6656,36.43387064230309,8.627024156808208,0.6712872020829049,11,US,Mobile
6657,37.31143052915092,6.496345803849951,0.49057669294978573,10,UK,Tablet
6658,30.555731327371983,14.364796163947872,0.4319284427980408,4,India,Desktop
6659,48.275004886920655,7.983213670886927,0.4233642862998245,9,India,Mobile
6660,21.62852881617739,13.951552197772774,0.4956538761301401,8,US,Mobile
6661,42.37345593979897,9.891861926627175,0.41680167860388473,11,India,Desktop
6662,29.457341093395634,6.612120315146447,0.6079466097589541,16,US,Tablet
6663,38.91359361711219,13.2698717163313,0.5872413561649084,3,India,Mobile
6664,22.512264741107444,7.815880495276251,0.43551259094314126,2,UK,Mobile
6665,11.521296113314037,11.486108208948657,0.4741259601781615,3,US,Mobile
6666,41.39174039396519,11.100127591667862,0.6275532907685208,0,US,Desktop
6667,36.144351001732296,10.531866841920477,0.45879110678712554,8,UK,Desktop
6668,41.439642602025685,6.410849362145985,0.4918245833146546,1,UK,Tablet
6669,17.063613212827622,3.8276912831248904,0.5272320267680906,20,India,Desktop
6670,21.41120126600794,8.048220873928182,0.5588499727022084,18,US,Mobile
6671,29.665275610211392,3.599743559364711,0.5144301021558213,13,Japan,Mobile
6672,22.879163258050944,12.467575935629625,0.49358841479655735,22,US,Mobile
6673,35.14836402589536,9.624600834193766,0.313820123666456,5,US,Desktop
6674,30.114234401535423,11.314345167335354,0.6110491910259581,6,UK,Mobile
6675,23.99011804573556,11.16443655811709,0.6406499296274626,6,India,Mobile
6676,28.522576816568833,12.140035926942707,0.6082038667210948,2,India,Mobile
6677,21.718034500151695,6.725870177402153,0.4612031696529024,5,US,Tablet
6678,25.415641461843112,7.6117733446183555,0.3472629724202979,16,Japan,Desktop
6679,21.494226367567443,11.501238191745783,0.4972345216813909,1,Germany,Desktop
6680,45.64374995259191,4.3909306470275045,0.7499891212737211,16,India,Desktop
6681,24.37584538002111,9.329211282190533,0.45042151724927804,18,Japan,Mobile
6682,27.78659841925129,14.308378836398997,0.5191516491232404,1,India,Tablet
6683,23.921571301568868,10.951177889696416,0.4820622122117705,1,UK,Tablet
6684,21.20229493753683,13.58887458429433,0.496413525188799,20,India,Mobile
6685,48.0076057100996,6.893213090421899,0.5385311249707074,18,India,Mobile
6686,42.94260278344686,14.166823219778294,0.39715711304951945,3,Germany,Tablet
6687,17.962527409657753,12.296639851769925,0.4662431342286786,10,Japan,Tablet
6688,39.67485040530214,6.335956086055559,0.530304512991311,5,Germany,Tablet
6689,10.565799163515859,9.947232698798256,0.4012170397776795,5,India,Tablet
6690,35.8272170553692,12.440024596636013,0.6342839205711003,9,UK,Mobile
6691,167.01680964798084,12.034565532426804,2.6119081268722497,20,US,Tablet
6692,20.31216534455235,10.998827800908234,0.5947655027495365,6,India,Tablet
6693,25.328108209953328,13.916060176483644,0.6100507083324678,14,UK,Tablet
6694,28.55946775093218,7.460668412016055,0.4162019515410216,22,Germany,Desktop
6695,18.181445045869253,8.479466841083916,0.6727445685827326,10,India,Tablet
6696,36.046938276630364,8.201311862642134,0.6870304902645952,20,UK,Desktop
6697,35.512426747911356,13.713453310713216,0.2035746272711163,3,UK,Tablet
6698,29.18141452893582,9.356598469365524,0.48911632306870106,16,Germany,Mobile
6699,22.93885751502662,10.272695352431048,0.39640578363196516,18,Japan,Mobile
6700,27.914855651492395,11.016692523931503,0.4527823441885269,16,Germany,Mobile
6701,37.63585160013536,11.056111242324567,0.5742244950671251,9,UK,Desktop
6702,13.926894467868788,10.623221150535517,0.5285811140384431,10,Germany,Mobile
6703,22.54011773399524,11.341350355368728,0.48988728365262,16,Germany,Mobile
6704,21.44572209650157,10.807328476807362,0.4828372002163623,5,Germany,Tablet
6705,43.917668480958085,11.691833915731191,0.5897814954192062,16,US,Tablet
6706,25.56721098508934,13.477314608602395,0.6316709244681868,8,US,Tablet
6707,16.99874572765792,13.192845865994329,0.42570564723224474,8,Germany,Desktop
6708,32.99574183263883,13.266299010089451,0.5328442978995337,13,India,Tablet
6709,53.12673060787445,16.825582921728703,0.45425810419066104,23,India,Desktop
6710,23.26286064387805,11.765705479573503,0.6158424555781212,22,UK,Tablet
6711,34.985152747447884,8.08132634690147,0.4010258293018243,13,Japan,Mobile
6712,18.35264721726417,12.1484621139329,0.7209309519058561,5,Germany,Mobile
6713,39.16484670132304,4.107400830808236,0.5992327125705565,8,Germany,Tablet
6714,34.62353435744702,6.9427365696594725,0.4852063466130029,18,UK,Mobile
6715,21.690823175292216,6.479194677316615,0.6989135179677378,14,Japan,Desktop
6716,31.259270120219146,6.039797260635261,0.46461554387229687,6,UK,Desktop
6717,20.952813358961386,12.08427898661748,0.5949717328989518,3,Japan,Desktop
6718,24.5806518986749,15.02448867822913,0.32422981393066463,20,Japan,Desktop
6719,15.973973949730082,8.506105684175084,0.599828284044749,4,UK,Tablet
6720,30.44293613727623,7.260736256283627,0.4376093849398577,1,Germany,Tablet
6721,26.8272854671299,7.618578149332247,0.43910093083618856,14,UK,Desktop
6722,47.6644263305243,5.352154931795175,0.5297139660054857,14,Germany,Mobile
6723,27.93824256020124,9.442972088062968,0.541936239442776,6,Germany,Tablet
6724,49.8016140416602,7.740569464551559,0.5345004871790207,2,India,Desktop
6725,35.058422988398746,13.691592286605164,0.5749827705043913,0,India,Desktop
6726,50.20945876979802,2.807892699387094,0.6631278306667931,1,India,Mobile
6727,29.766155862941037,7.592653798276637,0.5330559576048938,9,US,Desktop
6728,39.21296945227478,8.636048156661662,0.4463518328681846,23,India,Desktop
6729,18.304668493242414,7.649513368036844,0.4792002225550195,9,US,Tablet
6730,50.19888689039027,9.186705875231173,0.4022162217871722,0,Germany,Desktop
6731,23.761627562224497,13.376549034712834,0.5618672248642077,16,Japan,Desktop
6732,29.696338652469475,9.633780752499188,0.5341658428667222,21,US,Desktop
6733,40.83452195488486,8.482981890413294,0.4466274415654491,13,US,Desktop
6734,22.66772591840964,12.718807472712163,0.63851021061747,4,US,Mobile
6735,28.583167994521514,7.549490648309909,0.504714794783425,11,Germany,Tablet
6736,30.889993080908614,7.649885484949451,0.3998160204017214,1,India,Mobile
6737,34.807857150319265,6.424691638876883,0.5001729767269973,15,Germany,Desktop
6738,21.290262311325574,15.049989305106866,0.42702619260162483,5,US,Mobile
6739,14.482096198127003,14.425234261138707,0.4214268405927642,19,Germany,Tablet
6740,35.02753379939373,12.654108663123173,0.5211647595718379,0,Germany,Mobile
6741,33.27376188948173,10.828767866242705,0.5159240578836802,0,UK,Tablet
6742,32.79869714670259,9.045985591728861,0.4624206280376982,8,India,Mobile
6743,43.906097511769794,10.420493047397423,0.5244899879653836,20,Japan,Desktop
6744,13.762609308308015,10.594798050678387,0.22469389269860657,3,Germany,Tablet
6745,36.94210218729692,9.429212407106327,0.51383072061147,1,Germany,Tablet
6746,26.451805251982197,11.138870775327366,0.6796993722069792,17,UK,Desktop
6747,40.5221751650818,10.92929204083772,0.4344724810163291,15,UK,Desktop
6748,33.81000095556178,5.674605076534205,0.5054690612536686,17,UK,Mobile
6749,22.111209233181796,13.791051839245569,0.2952569107462103,7,Germany,Tablet
6750,35.44770133596919,8.560919815351646,0.5628848515366549,16,India,Desktop
6751,27.47829452267143,13.86987723699605,0.5693626342185912,1,India,Mobile
6752,41.541929989745626,13.915048429899851,0.5577448232614446,9,Japan,Tablet
6753,15.399760130302871,8.997001378127699,0.551001259168167,22,India,Desktop
6754,38.66253522425526,15.29033507939798,0.720294891400192,11,India,Desktop
6755,37.19053990437058,10.638207390913486,0.4377418477141874,6,Japan,Desktop
6756,31.76024349103996,14.129423666458733,0.40618712195738504,22,US,Tablet
6757,16.750128442458546,11.606465163152347,0.5477323866488908,12,UK,Tablet
6758,26.5647462732597,7.659478138597863,0.6046644289551285,13,US,Mobile
6759,22.71758652372993,6.215135370509946,0.3813373108596394,19,UK,Mobile
6760,29.632980371677675,5.944263632072684,0.47114094788314215,9,Germany,Mobile
6761,29.523703282877666,5.784843849119038,0.5701754321432199,13,India,Mobile
6762,33.192489617372956,7.284779703496426,0.45003756751579926,9,India,Tablet
6763,33.67877390287733,9.771693584355377,0.3323593711124816,13,India,Desktop
6764,22.882817890545645,7.607632463351576,0.3872988931015583,3,Germany,Mobile
6765,29.14426992255948,7.750299919832672,0.5649457782274945,22,India,Mobile
6766,32.03571112116462,8.990027568491655,0.5548439589304988,10,UK,Desktop
6767,23.263688849933686,7.103595171926278,0.3104475577380189,12,US,Mobile
6768,38.68153367535146,12.607613156950524,0.421929708272634,10,India,Tablet
6769,37.02626130099023,13.659406110164918,0.5630506503446601,17,Japan,Desktop
6770,16.893345512959364,9.730385597560746,0.3540296242956519,21,Japan,Tablet
6771,34.231497525455474,9.12120221535104,0.5610240305428507,18,US,Mobile
6772,30.66173248151002,8.314676164933372,0.7761371582970791,18,US,Mobile
6773,33.089661907809614,13.573459003977057,0.5136337693076858,7,India,Tablet
6774,13.346494218678274,13.796919571197558,0.39661079923514975,3,Japan,Tablet
6775,41.686030103782755,9.749708450621995,0.4278661165844264,23,US,Mobile
6776,36.26373270464415,12.740915249698038,0.568332562515531,21,India,Tablet
6777,34.520444674184645,8.58383710179096,0.4900146726677405,13,Japan,Tablet
6778,35.43614956389546,10.614762258234462,0.5033047557046147,11,US,Mobile
6779,32.545580024425476,7.974202521685773,0.5081171806127778,18,UK,Mobile
6780,42.04592613602295,7.086520545522049,0.48549085199562714,19,UK,Tablet
6781,23.339145698277335,7.385224805217774,0.6038350074282066,12,US,Tablet
6782,28.344671954999818,9.48177838916801,0.4411804424122644,1,Japan,Mobile
6783,22.072758508874514,7.799286059700771,0.42173375370488375,20,US,Mobile
6784,31.892020961543878,15.80639932915425,0.5442095642632487,11,Germany,Mobile
6785,17.589061808903594,10.203047017200394,0.5398640191401667,15,US,Tablet
6786,28.912615986402013,7.267668541986799,0.4598548106712632,20,Germany,Mobile
6787,40.560130305195266,12.302155820970185,0.3085655961433511,23,Germany,Desktop
6788,25.41521575530138,7.7205116383100725,0.6221915635000582,0,UK,Mobile
6789,22.928255631829074,10.71353142403278,0.5099903143540673,7,Germany,Tablet
6790,23.9129927011499,11.093055734838249,0.59667038823133,10,UK,Mobile
6791,39.81367902995452,5.644926042242561,0.32117132126186776,19,Japan,Mobile
6792,43.04513297639584,10.482764865054445,0.6607276388348853,13,Japan,Tablet
6793,31.440497832428,9.461415066091647,0.3929269415278158,3,India,Mobile
6794,27.91081521203973,13.972115974544717,0.27047602953606875,19,US,Desktop
6795,36.94668639794112,10.62462551804284,0.5755744724937433,17,UK,Desktop
6796,22.97534306602741,11.628626621277986,0.38861177745087705,8,UK,Mobile
6797,43.422041183368776,6.2792192162342335,0.5312103004520479,14,Germany,Mobile
6798,26.77044922688919,12.599183497046486,0.4778189324430753,20,UK,Mobile
6799,16.259484270425197,4.384623631488612,0.41384946466132894,11,Japan,Mobile
6800,19.316175916751522,9.265406425458925,0.6372139211331148,13,Japan,Mobile
6801,35.417337475036085,15.470174972333908,0.6253387072315437,16,Japan,Mobile
6802,45.03327128165174,6.248155550287804,0.6058489304363598,16,Germany,Tablet
6803,34.75389783255606,14.538233059852676,0.4961364877911113,2,India,Tablet
6804,35.16095801716586,9.194666498981203,0.524080481815185,8,UK,Desktop
6805,40.73416891291197,10.071274877986795,0.517504253562102,10,Germany,Desktop
6806,20.712845205536656,12.859380698955519,0.45549084292845354,0,US,Mobile
6807,44.975830319593555,10.101828323559024,0.527856816581574,11,Germany,Desktop
6808,23.197393136116848,12.807869253477998,0.525680720757193,9,UK,Tablet
6809,21.403274647055078,9.25616825921342,0.5018066457522437,14,UK,Tablet
6810,30.796024564826553,5.988266505589841,0.5367806232681986,22,Japan,Tablet
6811,43.68304063518161,11.25478585534748,0.5242836582662548,8,Germany,Tablet
6812,30.313553763143958,3.0306310328471184,0.5294338790264577,8,Japan,Tablet
6813,40.6969329368198,5.31539915590537,0.6094217678563516,0,Germany,Mobile
6814,25.818497800949594,12.93465038779853,0.6236433888495362,13,Japan,Tablet
6815,43.762530099709075,5.069365331464679,0.5273858560854412,10,US,Tablet
6816,34.32677975835861,5.6877280662396625,0.5340227271739064,20,UK,Mobile
6817,27.695134123742854,14.11890361382775,0.4973636810953665,14,Germany,Tablet
6818,34.415017764541155,8.439368337024483,0.374003603389649,9,UK,Desktop
6819,21.454626942094357,9.13627980443063,0.45061317567977754,18,India,Desktop
6820,27.206705555250394,11.613972290429695,0.41193953306218534,7,UK,Tablet
6821,33.88891758011673,16.46746982279509,0.6386216243499985,7,US,Tablet
6822,35.50208518256739,14.863869699339247,0.4597790678856474,13,Germany,Tablet
6823,23.00836849146351,11.313484341452252,0.49313738391698514,17,US,Desktop
6824,37.911423658552685,8.21059952540082,0.44401634441917004,9,UK,Tablet
6825,42.85391470156406,15.022359799453836,0.4356693247724514,14,UK,Desktop
6826,28.630500147958383,11.1561590058774,0.5984677832545727,13,Germany,Tablet
6827,14.103734268411438,8.68290235291915,0.6191089556009334,0,UK,Tablet
6828,29.428608127778624,5.99067824239652,0.42859418979936725,1,UK,Mobile
6829,41.1684840335722,12.755666424735056,0.5068808908669549,7,Japan,Tablet
6830,33.099863609054175,12.234306108638663,0.3475635120417143,23,UK,Mobile
6831,32.6180045563837,8.591780015164963,0.3770378438966019,20,Germany,Desktop
6832,36.58343062659846,13.80611236261453,0.3527952950894876,10,India,Mobile
6833,42.25721972362699,12.825270280999458,0.6246110580206883,6,India,Mobile
6834,18.64656437591468,14.064672285377888,0.5479672662705106,13,India,Desktop
6835,28.42296848231492,13.270149880390559,0.4507585805044438,18,Germany,Desktop
6836,37.264845124801724,6.600413303249098,0.3900401726269424,18,Germany,Mobile
6837,44.315668585327586,9.711333791616635,0.5261994489414985,4,Germany,Mobile
6838,26.825460231091025,9.867756951570293,0.5899810729094825,5,US,Tablet
6839,33.51514318707725,12.889431648349651,0.5508005362450382,9,US,Tablet
6840,32.940370765798875,12.609410286710172,0.4303801125896504,5,Japan,Mobile
6841,36.74757890142229,5.632411224472279,0.4634171656632095,15,US,Desktop
6842,38.33621624056439,16.79525167417229,0.3589334079369795,4,India,Tablet
6843,24.197953595575537,7.790551758901703,0.5663714707399845,14,UK,Mobile
6844,16.725538321916698,8.669740752644493,0.6350306646794734,11,India,Desktop
6845,29.64463103860204,3.1859142426978977,0.4422813533754274,12,India,Mobile
6846,36.65667833000219,6.687227340505732,0.5682053324528096,8,Japan,Desktop
6847,28.898064144491237,8.665280280843598,0.43363920836110426,22,India,Mobile
6848,13.447893452243072,12.75601285148358,0.5506719752451578,20,India,Mobile
6849,20.815287557375157,10.653283035702003,0.5897359152551508,16,Germany,Tablet
6850,39.82455078043179,13.323829519260217,0.4226463548961642,6,US,Tablet
6851,32.23899081927393,3.1733904653921883,0.5478321681639574,16,US,Desktop
6852,43.91575825658954,12.696316888166766,0.43347164187972026,14,Japan,Tablet
6853,32.624556155464695,6.074590803960415,0.2412181401366666,10,UK,Tablet
6854,49.49188923634222,5.927773467171347,0.4217516755854639,11,US,Desktop
6855,29.76131222691834,15.211714692146057,0.5736680019608723,12,India,Mobile
6856,28.316587967825036,14.871865525957492,0.47923174795829854,21,UK,Desktop
6857,33.67467366448355,6.6363112598826675,0.6462298062939181,6,India,Mobile
6858,22.13651920001049,7.98944918425831,0.4824932796721753,12,US,Tablet
6859,48.92735928892689,10.374574364919793,0.49463296990826866,19,India,Mobile
6860,27.09778950283842,7.8361646230389255,0.5441762333650944,16,India,Mobile
6861,10.798761743180357,6.614387408803893,0.40297440439768956,23,US,Mobile
6862,33.55734215454377,9.744840311536326,0.3460591211830412,8,India,Mobile
6863,31.980767491778856,6.620975233934868,0.5384435642266194,6,US,Tablet
6864,22.77294524690761,8.698460711540402,0.442430916031573,3,India,Desktop
6865,52.55801551936116,10.586405483863473,0.4505667093489618,0,US,Mobile
6866,25.08886426278257,9.714353825996824,0.5400818456638014,15,US,Desktop
6867,35.66180872060375,9.690818897040053,0.5168374521118972,12,India,Mobile
6868,40.14839121739698,8.382120740909953,0.482224087874432,12,UK,Tablet
6869,10.109444140857097,7.54940973879091,0.31406789837318144,5,Japan,Tablet
6870,35.778175908262114,14.788714666440388,0.501468671336104,10,UK,Tablet
6871,45.24627845913136,16.93402547259705,0.5146797407533076,2,India,Tablet
6872,37.26951030418669,9.00182856081159,0.5897715321322791,18,UK,Desktop
6873,28.534995010625657,15.503107975701038,0.6497459187575443,11,Japan,Tablet
6874,29.660228682259216,7.407206041287367,0.6319706018894514,22,Germany,Tablet
6875,25.03922305833256,6.9187877740898305,0.4395241445199613,4,Japan,Desktop
6876,26.691513011024774,5.880997674042024,0.4814351519174294,10,US,Mobile
6877,39.012168583066206,6.729381613041503,0.630208013725564,4,India,Mobile
6878,30.79084907634642,13.151558202605825,0.47528805584919054,21,Germany,Mobile
6879,21.62168814112931,12.017331408437723,0.613964317334792,2,Japan,Mobile
6880,36.23038328956946,11.716760941314591,0.45360404857245473,9,Germany,Mobile
6881,16.872797687949266,10.577532666541414,0.7209567584407841,13,Japan,Desktop
6882,25.326860479902937,18.865230809491432,0.5087531885503326,11,Japan,Tablet
6883,38.150358582268815,10.729046093038212,0.32013069722623955,14,Germany,Tablet
6884,22.9741735640129,10.336657180165318,0.5428026321086081,19,UK,Desktop
6885,30.612323921843736,7.653113242626535,0.543814122707136,11,UK,Mobile
6886,18.1668795672877,10.814082989027353,0.2970434671990003,22,Japan,Tablet
6887,32.427218535190825,7.62156481117438,0.5965786289666155,4,US,Desktop
6888,36.30979381099895,4.142199838732004,0.44305345295110454,22,Germany,Mobile
6889,27.62059934039761,8.15116732310147,0.47576093067603714,20,UK,Tablet
6890,126.53675749594179,13.014096509736508,2.12132642646302,22,US,Desktop
6891,30.74164466077588,12.288020854238098,0.549440919619832,22,US,Tablet
6892,29.36419408958779,4.974754611353706,0.4885398469123841,3,Germany,Desktop
6893,24.521847279969567,10.09764084695472,0.2840304543564116,11,US,Tablet
6894,39.63846493183936,9.321742698438655,0.48368141413610055,22,Japan,Desktop
6895,38.53143201062439,10.61251359520673,0.5460505281658884,19,India,Tablet
6896,26.893164290300636,8.756302487600564,0.5640209656017147,18,Japan,Mobile
6897,24.033307172284843,7.281655318869653,0.5787894848358,22,US,Tablet
6898,13.485016133472637,5.642796791843069,0.5748890927753761,1,Japan,Tablet
6899,197.57746315418163,6.897447695030081,1.675417713339284,6,US,Desktop
6900,35.18945541065504,11.109660373055421,0.28801462580711845,0,UK,Tablet
6901,29.05310355087233,9.059542995435727,0.4620961773398608,9,UK,Desktop
6902,10.622757892741713,14.262694451988256,0.5611750317191304,16,Japan,Mobile
6903,33.047004296159656,4.874437421808468,0.5147131464686429,17,Germany,Tablet
6904,35.39796545049299,13.73690353618435,0.4576818690109994,9,US,Tablet
6905,27.63958882468825,10.58862122236777,0.4779470430020397,22,Germany,Tablet
6906,43.32452780829771,8.93164238945665,0.3631130990783597,12,US,Desktop
6907,25.772274391207624,13.20141060201366,0.3591013563441833,20,Japan,Desktop
6908,35.424308729314085,12.195078963829811,0.4661658812678579,18,US,Desktop
6909,18.621290978311983,9.753089516397212,0.4537297136292711,0,Germany,Mobile
6910,30.88850502614456,9.919605469418473,0.4868528603258535,19,Germany,Mobile
6911,33.63013306824973,7.0978687403267795,0.5193724201605445,15,Germany,Mobile
6912,29.538030586548157,8.275114456446554,0.5063526296479616,12,Germany,Tablet
6913,18.429244901489056,15.033444217390421,0.6228220692873533,3,UK,Tablet
6914,28.19364575458182,7.354173285872922,0.7029770901189089,12,Japan,Tablet
6915,34.8456517237485,10.947342445501263,0.5954331271968107,14,Germany,Desktop
6916,15.138890888032408,7.724793847286513,0.349550088200838,9,UK,Mobile
6917,24.842806872690666,7.897940363142691,0.5081519893698507,15,Japan,Tablet
6918,28.846230183310986,6.031399857504329,0.41842480148794553,12,Germany,Desktop
6919,25.17133648001721,9.663358214328754,0.4066387794650858,2,Germany,Desktop
6920,31.60825011379934,8.815748026419453,0.4823965525977334,0,US,Tablet
6921,28.745419228929737,15.148965350016901,0.6625709734371824,17,US,Mobile
6922,33.21697629907302,7.285044042826095,0.49691974522557897,19,Germany,Tablet
6923,30.342896972477366,8.394604234751514,0.4164129883223546,12,India,Mobile
6924,36.5071097147365,12.806789494560803,0.5447004078341317,15,Germany,Tablet
6925,20.139008588147213,11.706797355413414,0.3366326085028669,8,Germany,Mobile
6926,23.80370557923758,11.560793885326936,0.49616186696037307,20,Japan,Desktop
6927,15.576433536494086,12.626898897127688,0.5083267236941018,19,US,Mobile
6928,26.46446461095121,10.40066480905471,0.30824925328237357,21,Germany,Tablet
6929,40.46021865419852,8.477157448689685,0.49080798353071003,12,US,Tablet
6930,36.58854018913291,11.645025641668498,0.5580919856796871,7,Germany,Tablet
6931,33.49263231178797,10.338329065986557,0.6513461476625393,3,US,Tablet
6932,35.602891525599844,8.692139136803926,0.43939664193410793,3,India,Mobile
6933,26.12903698736146,9.10324574807235,0.532415775054571,5,India,Mobile
6934,43.224453145750495,3.8957194864630127,0.6114050950720367,18,UK,Mobile
6935,20.261983946461736,10.777843664771487,0.4064634825851889,6,Japan,Desktop
6936,34.96017138326427,9.20142422111578,0.30932336555089485,14,US,Mobile
6937,23.35252765957886,9.71544444004865,0.5363435894775096,19,Japan,Tablet
6938,33.96924067854475,10.850363434906235,0.4386044375038781,4,India,Tablet
6939,27.55930157890764,13.329932936727289,0.4994000047450826,17,Germany,Mobile
6940,32.74475016632211,10.450165122412344,0.49159109943908563,19,Japan,Tablet
6941,27.525744460972053,10.783179547041511,0.37172925896686043,12,Germany,Desktop
6942,28.69718314753253,11.629591377325399,0.5781716573395563,22,Japan,Mobile
6943,41.931781345025286,10.335499693364852,0.5986766525967382,21,Germany,Desktop
6944,14.37271071431171,11.760282692480065,0.504849426087751,8,US,Mobile
6945,26.67673190667038,8.075870228594212,0.6896473297385921,16,India,Desktop
6946,31.700655278728696,2.8471955421444566,0.5578328850288115,4,Germany,Desktop
6947,40.054465652291555,10.05211846373249,0.4657812270934025,4,Japan,Desktop
6948,28.657884735906656,8.767769220751859,0.6037460014517584,3,Japan,Mobile
6949,30.658767763355954,7.512397240958421,0.34605734966082213,21,India,Desktop
6950,38.471161702038984,12.749622251475628,0.3536897303760488,23,Japan,Tablet
6951,23.732170520404246,7.775973659724201,0.37793138985500313,9,Germany,Desktop
6952,30.59865712090859,5.826205225044985,0.5891050956648264,3,India,Mobile
6953,28.588889214714094,10.942612645024212,0.5605729868269984,15,Japan,Desktop
6954,26.08756173800044,10.480490453792646,0.3828629859773784,8,Japan,Tablet
6955,48.7654772631188,11.532580268388955,0.42508246759742674,5,US,Mobile
6956,23.925865668925578,9.670360020408355,0.43830371017495495,3,US,Desktop
6957,203.6672517020219,6.724513181137022,1.5483987993241046,18,India,Mobile
6958,29.019860792152617,8.037806946620869,0.5129753635019175,17,US,Mobile
6959,35.43970645378782,11.195668307832468,0.41844587618799,1,Germany,Mobile
6960,28.179867260085675,9.307762808811564,0.6374754896228015,15,UK,Mobile
6961,21.170764616605915,13.752783570533818,0.4653017777642005,2,US,Mobile
6962,39.14717779819499,5.8260998329772615,0.5200708614401786,1,UK,Desktop
6963,53.42331858237567,11.565639215303719,0.39903753514082474,17,US,Mobile
6964,28.469146581827644,10.803256647688759,0.5173344606537148,14,Germany,Desktop
6965,266.20766667256294,12.176031267004628,2.7092028304744864,20,US,Desktop
6966,32.826270882882184,6.946558430571417,0.6445051083218264,1,Germany,Desktop
6967,5.242449242536505,3.929375102369854,0.3897036634793807,20,Japan,Desktop
6968,177.79237370210956,10.545838509371027,1.8400876710325857,15,Japan,Desktop
6969,23.552548910750915,6.759227295839718,0.43208428867936644,19,Japan,Mobile
6970,20.343810753344584,10.60775061312108,0.4765622343008688,16,Japan,Mobile
6971,34.42259904021984,12.970432524076038,0.5317724757031217,23,Japan,Tablet
6972,25.62774868200721,15.64565059036751,0.4710678813940938,18,UK,Mobile
6973,48.36230964080467,14.260546744309627,0.5746418713537988,19,UK,Mobile
6974,24.430846556816025,7.842927147307794,0.2570444069691588,16,UK,Mobile
6975,41.621484638317426,3.7533000082953407,0.3858100740750381,21,Japan,Tablet
6976,11.102075447288929,8.99755437050702,0.5559898375174882,10,Germany,Mobile
6977,27.070793901759927,6.925726440039049,0.4923907880943695,1,Germany,Desktop
6978,27.10685583306498,10.496055362781185,0.559312267441542,15,Japan,Tablet
6979,37.41526245084231,10.521908527905415,0.2747572641897553,0,US,Mobile
6980,29.135830575942474,7.849272218065774,0.577238973855548,9,Japan,Mobile
6981,37.729484669498135,16.353779775863174,0.43338912478203767,9,UK,Tablet
6982,252.40629820171532,11.926176702569572,1.7190576254723215,16,Germany,Desktop
6983,17.50744281141624,7.687328912655832,0.32408140780610506,4,Japan,Desktop
6984,40.6121404052187,8.43856808711184,0.4748425251662342,7,Japan,Mobile
6985,28.50919372707955,7.920300638298095,0.47073694811460576,1,UK,Desktop
6986,35.598585324565505,8.441239695686235,0.5372735768824071,8,US,Mobile
6987,21.180062300719,9.365429855446635,0.7719408055146147,10,Germany,Desktop
6988,42.335754970768434,11.978301136800738,0.4125851398320698,22,Germany,Tablet
6989,19.70297346596655,11.706180852449,0.5531289523379499,3,Japan,Mobile
6990,30.59652835728826,8.507544880359935,0.4497262127953795,13,UK,Mobile
6991,33.72359378784164,6.470119330849521,0.4669368989817059,2,US,Tablet
6992,15.559810823302714,13.523063969153656,0.5419652878522213,16,UK,Mobile
6993,30.604322776595716,8.673420715776391,0.36538047934591517,12,Japan,Mobile
6994,31.254392004736157,4.6435480560118565,0.5253632409885142,0,India,Tablet
6995,22.97730657195811,11.561888862248244,0.6608767113753479,10,Japan,Mobile
6996,50.826741882366306,13.773485854298332,0.575866798553506,18,US,Tablet
6997,15.27244528806504,10.143634126677822,0.49405004538400593,4,Japan,Tablet
6998,13.611852671150881,11.304575007808172,0.5205237396088384,11,US,Desktop
6999,22.62034470197924,7.049350801999378,0.4792559247819984,11,US,Mobile
7000,29.940789848202233,11.488502445909749,0.44564626026293774,2,UK,Tablet
7001,16.484862443304138,7.48172669402453,0.5581277218771165,18,US,Desktop
7002,22.341261567869992,11.479243049324662,0.4366122837854862,18,Japan,Tablet
7003,42.64439960914284,13.46405373757467,0.5384386364892682,17,UK,Tablet
7004,26.622088972146866,10.449664145660037,0.5433280239891458,14,UK,Mobile
7005,38.419353674310365,9.260908698661765,0.4962717273120011,2,Germany,Desktop
7006,22.32675423947555,6.894390446352993,0.5892148416964649,9,UK,Tablet
7007,44.89890763428613,13.805589102235011,0.7341343763009576,13,India,Desktop
7008,29.52604553158486,10.026999315269343,0.6702963107413343,11,Germany,Desktop
7009,23.219373466251348,5.331286580230477,0.47935344371203675,18,UK,Mobile
7010,22.923082527727257,8.718414279283534,0.5398914337844695,4,Germany,Desktop
7011,31.581776429961813,15.696215240854944,0.48724665831212177,17,US,Tablet
7012,12.331046028232052,6.35969031820999,0.4432323122673572,11,India,Desktop
7013,33.41620306125364,9.640292152502816,0.644221567538788,17,US,Desktop
7014,32.214089682229385,13.959325794105077,0.4197602087682675,4,Japan,Tablet
7015,24.98678253654338,9.21261311990929,0.551493067320687,1,India,Mobile
7016,20.359360444472408,5.670804131716395,0.5791023428450941,16,UK,Mobile
7017,23.1834976142278,11.974434518535475,0.46900893509786423,5,Germany,Mobile
7018,21.30866900065762,13.080939929219493,0.47313128362045437,9,UK,Mobile
7019,35.497825372512956,10.820262879651773,0.32857305597419284,18,India,Desktop
7020,20.116465463540294,6.850911710938766,0.3542481118150569,17,India,Mobile
7021,35.86255592602821,10.529731131872298,0.45353439640277715,16,India,Desktop
7022,21.143799107139643,12.645851904643868,0.5139837557523743,23,Japan,Mobile
7023,20.491014418736185,9.569798893994092,0.2807290695944794,1,UK,Tablet
7024,117.94648922889107,15.157649524872165,2.0697813322558707,2,Japan,Desktop
7025,39.40671162915556,7.865359829043625,0.6046441133526328,21,India,Desktop
7026,21.08908760314874,10.190419931512512,0.436060933439238,19,UK,Mobile
7027,24.530750068407503,12.406530773829234,0.48491480290443567,16,UK,Desktop
7028,45.80156118904882,12.540077529414859,0.36138703961667296,7,India,Desktop
7029,32.526115154778154,11.41992342366878,0.5807509117178564,6,Japan,Tablet
7030,14.309793204310214,14.426994018834211,0.6179444522245294,22,India,Mobile
7031,44.8834872867392,8.975093119049804,0.47133585812810314,0,UK,Mobile
7032,24.334209044663755,10.73960452516408,0.4745631883633558,5,India,Mobile
7033,14.14403207912536,8.091763529307553,0.536062841959373,21,Germany,Tablet
7034,42.51679000035301,12.81010802691512,0.4135445252532235,21,US,Mobile
7035,40.84914074323295,7.194999221304997,0.4338893636429543,15,India,Mobile
7036,24.948197271413257,10.829952532937407,0.4510149599536105,23,UK,Mobile
7037,20.700526792527967,5.1803997799177,0.6380010668815611,6,US,Desktop
7038,24.16024835871619,11.552471704475847,0.38258330637095395,11,India,Desktop
7039,31.147443199659396,3.1536327655941037,0.6837464939592938,23,Germany,Tablet
7040,25.999447679123236,8.220539349745685,0.43943633681417565,13,US,Desktop
7041,46.669821042884166,8.80888659691168,0.6736958481567559,8,India,Desktop
7042,33.67239263050642,10.414685174350623,0.3939955901063088,21,Japan,Tablet
7043,19.170167966134883,14.625001396648388,0.4369640276056851,15,India,Mobile
7044,27.090598773717968,10.337542763086658,0.5980052003846971,22,UK,Mobile
7045,40.990408181937205,10.727807345591444,0.3709311648372572,16,Germany,Tablet
7046,35.86835048344901,14.913572908257443,0.3562874702561235,3,Japan,Mobile
7047,16.187690009637286,17.724805213917413,0.5700166599001399,14,India,Desktop
7048,20.309459689813544,11.656528281221647,0.47845569550517897,7,UK,Tablet
7049,18.688165587935963,4.100510585079002,0.40783071815604843,3,UK,Desktop
7050,36.05736330740224,11.475376846914983,0.4608394161179532,8,Germany,Mobile
7051,42.89838451077449,11.656614549915902,0.4104357953711637,2,Japan,Mobile
7052,9.971575057343493,14.503269867535554,0.5143603950300044,3,US,Tablet
7053,34.478849099861755,9.007369308211656,0.48350210578149966,7,US,Desktop
7054,20.27353947536075,8.083098152043025,0.45504366263809,9,US,Mobile
7055,31.774620181757086,5.444714571863997,0.4399891475032021,10,UK,Tablet
7056,32.10482895704124,6.894122829354314,0.4323920447442171,0,India,Desktop
7057,40.536556155919925,10.934902369025995,0.5456957486264534,3,Japan,Desktop
7058,16.147920018249224,12.739792744631469,0.4464389298262209,9,US,Mobile
7059,135.6438368485533,12.863238651132665,2.1630033688526984,18,US,Desktop
7060,28.812387729143996,10.242236259639634,0.45560966339133213,5,India,Tablet
7061,18.942217981401164,11.505281535503066,0.4089724465513498,21,US,Tablet
7062,24.65122446194627,11.133452554310411,0.6771343078617491,9,UK,Tablet
7063,26.787188176808797,13.949982464771212,0.5527077262409578,1,Germany,Tablet
7064,37.346762784484866,11.671290782634035,0.4592026016735849,13,Japan,Desktop
7065,22.845625878661654,9.358301664119015,0.5889877322887379,10,UK,Desktop
7066,34.07503996926957,6.767905518565822,0.5091192746190419,19,UK,Desktop
7067,30.350003260053985,10.264384413192259,0.31696976865924065,12,India,Desktop
7068,38.3609865669194,8.178528400110725,0.4762829163146632,15,Germany,Tablet
7069,243.52816786478178,8.926697806594253,1.0854243131756436,23,UK,Desktop
7070,11.694472008435767,6.987222914975899,0.5442611006267628,19,Japan,Desktop
7071,29.559808125499234,8.515301295281242,0.6383529662424026,2,Japan,Desktop
7072,20.081233959582786,9.315209695799108,0.4612959802801405,17,US,Desktop
7073,46.36595615179585,11.741902267589271,0.5649817690746808,22,Japan,Mobile
7074,12.28622953948755,9.784309363432403,0.4218614206036686,11,Germany,Desktop
7075,33.161233796091764,10.771875776367226,0.6484941335043656,6,India,Tablet
7076,43.42267536910076,3.931236911599462,0.4715814250692941,13,US,Tablet
7077,24.825307708708742,5.4871198565201045,0.49625301618846257,19,US,Desktop
7078,22.30319886537746,10.823413787042,0.5046049574916609,20,US,Desktop
7079,59.02786383788493,9.41982357907942,0.4686593062875786,16,UK,Desktop
7080,31.879017298480214,5.50055247244685,0.6154670797413304,0,India,Mobile
7081,28.980025486210565,11.48181230954769,0.5059655755280251,5,UK,Desktop
7082,34.295983121937205,10.578671427503998,0.5019871328719631,0,India,Mobile
7083,22.63099277456778,8.008935198517477,0.635829545827472,22,US,Tablet
7084,41.562659413265784,8.141401517155511,0.3824054522053124,10,UK,Mobile
7085,23.74758452242684,14.136419399631261,0.504232574509485,15,US,Tablet
7086,19.193982573343924,13.896226673100262,0.36198252704129696,16,India,Mobile
7087,51.205279757284714,9.323293252501808,0.3922127385130539,13,US,Mobile
7088,25.77825376187372,16.252100665936347,0.5335317651046744,23,UK,Tablet
7089,37.391236146676626,8.878120001811041,0.6039720968375141,9,US,Tablet
7090,41.65529311861225,4.740336934409412,0.45915245857396275,11,Germany,Tablet
7091,44.60737084245053,6.035120865912222,0.6105328304549923,15,Germany,Tablet
7092,34.065244110789564,15.675243203330034,0.45164056968714256,1,India,Desktop
7093,44.43235521488745,12.011545002768802,0.3236913116506341,20,Germany,Desktop
7094,35.92333963280703,12.068321362671757,0.44538726227823666,5,Germany,Mobile
7095,22.083733610876784,7.177259688501137,0.4484708921332724,18,Germany,Desktop
7096,26.82345142696185,2.1461870623938273,0.4656063431791028,11,Japan,Desktop
7097,20.724948877818502,14.218601555413063,0.42514697175403116,1,UK,Mobile
7098,30.610302895773927,14.731996647189256,0.7010162176398048,16,US,Desktop
7099,54.732594106230394,12.208948126703046,1.4980665661473405,12,US,Desktop
7100,26.63232940553648,7.070721344349843,0.5417429739237414,6,Japan,Desktop
7101,39.12583667220769,13.300076777151016,0.33136808527117995,21,US,Mobile
7102,22.88007355162747,10.698697641529048,0.5297863099120609,9,Japan,Tablet
7103,194.1197608709072,10.270605696436862,1.1117196810240182,11,US,Tablet
7104,189.66691271831243,7.992218064697097,2.6737230062708432,5,US,Mobile
7105,35.6612815488256,9.406237097600288,0.5338440155785784,23,Germany,Mobile
7106,23.608019166536927,8.7601915498869,0.496944959440606,12,India,Desktop
7107,25.673092526979104,10.622371585720085,0.6963730692444755,18,UK,Tablet
7108,32.55187055406114,5.8415138133619635,0.38189714310608447,7,Germany,Tablet
7109,18.82707656660135,10.979507543235398,0.49123114605449547,21,Japan,Tablet
7110,29.841122064067054,4.049371466870031,0.49146065336325545,4,India,Desktop
7111,39.915346552681626,9.763827054541434,0.4829049008850712,12,Japan,Desktop
7112,43.55553061681202,11.30800568686523,0.47981365127408476,6,Japan,Tablet
7113,28.161368453995596,11.49732248905629,0.3551355407405047,0,Germany,Mobile
7114,26.08350639643715,9.216851804356114,0.4795059304633056,12,Japan,Tablet
7115,43.767716387641975,8.344918981601811,0.5399443614309032,8,Japan,Desktop
7116,33.09147208083489,10.75919276106147,0.45364359828507006,18,Japan,Tablet
7117,41.48244569830087,5.688639862575175,0.6669277027830005,21,India,Tablet
7118,35.45445326426336,12.330016109863251,0.6591201015954782,15,UK,Tablet
7119,35.18132944715169,14.591446958314101,0.6654987648515099,11,UK,Tablet
7120,33.64234642464051,14.240230794597888,0.42447780338762764,18,UK,Mobile
7121,15.142499912558357,8.838418612720552,0.5200247746705156,17,Germany,Tablet
7122,28.26638705159155,8.11355605254249,0.5451577811094044,3,Japan,Tablet
7123,19.51635571843252,9.444757679073842,0.41416485554414584,5,India,Desktop
7124,40.397905986254656,8.908394095020624,0.4876086260364108,14,India,Tablet
7125,41.97917177169961,6.464710637673273,0.43487756485791795,17,US,Tablet
7126,39.706239804413684,10.873688496195806,0.4539318120600863,0,Germany,Desktop
7127,26.32033454774676,15.715038625799968,0.4965931728243191,12,Japan,Mobile
7128,26.70572172597168,9.580585205880945,0.4259172784301442,19,India,Desktop
7129,36.10855725001574,7.502516335853572,0.6841552968263749,15,Japan,Desktop
7130,32.681588271178825,8.18372414412876,0.5062234743487807,14,Germany,Desktop
7131,26.990960251095167,16.827555401413047,0.5472084633764817,23,Japan,Desktop
7132,23.22434929816683,8.985240112534157,0.39926459602935754,7,Germany,Mobile
7133,18.441390789315093,7.572897938243703,0.30709987826575935,22,US,Desktop
7134,23.897237443451434,9.109861334415125,0.4358551012518243,9,UK,Mobile
7135,39.38980972035131,14.988978388643346,0.4813012725261703,22,UK,Tablet
7136,42.406646746217575,11.019877372683665,0.480965982339997,11,Japan,Desktop
7137,44.24426305243995,10.668578478083756,0.4781745859088759,16,US,Mobile
7138,11.920736088777705,13.831528481887798,0.44225442973408285,11,UK,Desktop
7139,29.775206635230745,8.298742741056856,0.5518906113855994,1,Germany,Mobile
7140,32.52198653614265,9.725602987410733,0.6517828778518662,3,US,Tablet
7141,27.269093275008764,12.673095595413333,0.6879701706006353,21,US,Tablet
7142,17.748201985888464,8.599557579183154,0.48985316449925387,23,India,Tablet
7143,40.128585395387965,15.226908027931294,0.32253767178361936,4,Germany,Tablet
7144,17.45909050173832,12.189328216468137,0.5938452652117399,0,Germany,Mobile
7145,49.19235481704237,8.874072679874098,0.4253326959163094,0,Germany,Mobile
7146,16.08168163314972,9.99975391652716,0.5054286488540675,0,Germany,Tablet
7147,14.729047239859415,9.320346104899784,0.6231177737771129,15,Germany,Tablet
7148,28.287486405208988,2.956685806101067,0.5095491058053855,19,US,Mobile
7149,93.58076229660648,6.106656381940351,1.4215480285823892,11,US,Mobile
7150,37.82140740115877,12.224365407317297,0.4249754107598195,12,India,Desktop
7151,13.922029304680287,10.803364510642162,0.35170085093895953,7,US,Tablet
7152,20.13515342282179,9.748304402995744,0.45142796042341615,10,UK,Mobile
7153,27.85362661735607,14.44867421070521,0.6140521861971708,13,Germany,Mobile
7154,34.8157707898512,7.415454443674104,0.4192143198881549,1,US,Tablet
7155,179.3600830418149,12.269391815262356,1.4513436296056734,19,UK,Mobile
7156,16.542250038418818,10.658797518239691,0.4613993003697307,20,UK,Desktop
7157,33.2846068580145,8.694839928861116,0.39309572876194565,5,Japan,Tablet
7158,130.15927106348704,11.683638185243083,1.2255596927061874,15,US,Tablet
7159,22.063193095386914,11.39618895028561,0.4842943882130616,1,UK,Tablet
7160,38.69735026177184,11.142063967680894,0.4881014560793573,16,India,Tablet
7161,25.920832487482155,9.063238587602203,0.37505594018255156,22,UK,Tablet
7162,13.734246298180732,12.965493393020115,0.42955225544821485,16,Germany,Mobile
7163,41.927436336318095,9.686548284357883,0.5895699804685252,4,US,Mobile
7164,30.296910452712833,9.157749598712895,0.5769110443132257,17,Japan,Tablet
7165,28.347915134603717,12.296169885752708,0.43378529900252843,4,Japan,Tablet
7166,41.23955973244671,8.417076104398674,0.420795820515856,1,US,Mobile
7167,36.73500047110022,8.45457004941495,0.5645930297494155,13,India,Desktop
7168,42.96660203918261,15.565133361939774,0.5371846561540067,13,India,Tablet
7169,27.931619214533658,8.963715025463546,0.714722967603465,23,India,Desktop
7170,29.5494208929543,3.1880725334175306,0.5651152352198888,21,Germany,Desktop
7171,23.20836781612865,12.214006997552747,0.44579256980166826,3,India,Tablet
7172,16.951081107426916,10.803050451742905,0.4336756112349777,8,Japan,Tablet
7173,16.557906455762456,6.996908732236705,0.685382028565785,3,Germany,Desktop
7174,25.005356387760198,6.411618723996534,0.4992892911285494,19,Japan,Desktop
7175,18.59877547944958,10.195289813648873,0.45579775089771246,13,UK,Mobile
7176,42.20702476476816,12.674915920981347,0.5113058039851645,23,UK,Desktop
7177,25.373361936343144,3.0895561369487625,0.6810339312421738,19,Germany,Mobile
7178,26.810108364216397,12.131488097355817,0.37730328873392055,16,India,Desktop
7179,31.596347027594756,12.826260909682887,0.4174345227040024,12,Germany,Desktop
7180,16.003556603907818,17.054620030855403,0.5682041353031199,18,India,Desktop
7181,25.82954931016709,10.18139907224358,0.5117123797118538,16,US,Desktop
7182,39.448243604201224,4.087154083703333,0.6847532963097271,14,Germany,Desktop
7183,12.973000801735449,12.169131904982226,0.6578442815482923,6,Japan,Desktop
7184,44.21320084630981,10.019169722720594,0.5982539661106024,0,UK,Desktop
7185,19.86835042298881,3.951835383425422,0.4929577792061761,18,India,Desktop
7186,29.89216779112445,12.842674023956503,0.7342477374391314,15,Germany,Mobile
7187,32.549916703048844,12.353502119223107,0.3367338782777777,16,Germany,Mobile
7188,25.799546289815638,9.85574416484979,0.49442183652465993,2,UK,Tablet
7189,30.827496681523648,9.476400392258482,0.566363559259417,21,Japan,Tablet
7190,29.461232283169753,11.540573751612788,0.37314851792359915,10,India,Mobile
7191,24.512151431196973,8.41366219710076,0.4269167837470074,1,Japan,Tablet
7192,30.78179448881291,8.270815023928193,0.4499158695068367,1,Japan,Desktop
7193,27.496268102429678,4.441476059248869,0.4258368357632418,17,US,Desktop
7194,35.68589594716409,6.924061019549363,0.4986409215454862,4,India,Mobile
7195,41.99129041475105,10.185856070556273,0.5395887775858088,5,UK,Mobile
7196,33.884724328033705,10.810913746427236,0.5874922697702416,12,UK,Desktop
7197,31.06738174482978,8.445948454362231,0.5012433908875257,8,India,Desktop
7198,29.118855518708706,11.626481890491988,0.600935227305053,23,Germany,Mobile
7199,26.657858936524086,11.615373015035505,0.3695431998617893,12,US,Tablet
7200,13.74465293929579,3.643974360130141,0.5286098584816127,17,India,Desktop
7201,31.83434009639173,6.752420118073832,0.4347081002776415,21,India,Desktop
7202,28.685538195424723,16.52350687335705,0.5713523653597925,23,Japan,Tablet
7203,45.38268276879542,4.806101182246377,0.39905886254405293,5,US,Desktop
7204,33.31279639774079,6.457429862065937,0.5772971952551438,11,India,Tablet
7205,34.8654587021053,8.426324922364344,0.4963239866781506,18,UK,Mobile
7206,34.1537455462433,8.822712598824673,0.600030536069635,9,US,Desktop
7207,38.88240558704189,7.486532858489691,0.6240765462188153,22,UK,Mobile
7208,40.82427040968482,12.932859525468597,0.8392199790913105,6,US,Desktop
7209,27.78653121708161,9.677715176943048,0.5027935824837587,11,Japan,Mobile
7210,34.911935769418825,9.576979426108581,0.5469990702735934,23,India,Desktop
7211,25.73856130086504,10.075637915194982,0.5785406626583005,18,UK,Mobile
7212,19.537852845634905,10.216445261328548,0.4476640991377512,20,US,Tablet
7213,34.56948617039957,5.388196138443458,0.4480177438428997,10,UK,Desktop
7214,26.93454399592509,11.135973787659253,0.7000448352040203,21,India,Desktop
7215,29.27626775493562,10.003412876929701,0.29852350112502196,9,UK,Mobile
7216,38.07002097152335,10.74604552752341,0.34934451174556336,18,US,Mobile
7217,36.54373244090647,7.395887192613841,0.31545115823174874,4,US,Tablet
7218,14.680631831989484,13.46815573840742,0.47434766490532265,11,India,Desktop
7219,21.072607010824505,5.822628478349059,0.4421738211582069,12,UK,Mobile
7220,14.934155735010304,14.60526113235979,0.541487830648801,13,Germany,Mobile
7221,27.240524365306893,14.281707490190888,0.6267113816902607,2,US,Desktop
7222,55.450953230503345,10.283743467797924,0.37085124534025227,8,Japan,Tablet
7223,41.15322841890796,9.866795727801119,0.5251933436692233,18,US,Desktop
7224,29.77168356475452,9.538207645987173,0.7185746917362915,5,US,Tablet
7225,46.052869520608745,13.029400457135164,0.42577614103676864,2,Japan,Mobile
7226,18.67688722251565,8.538434756456704,0.4295663560803508,4,India,Desktop
7227,21.949040731084498,7.304294264217378,0.2674721769256768,2,India,Tablet
7228,42.42045209420272,10.060371747411654,0.5141512173760817,0,Germany,Tablet
7229,28.33266355933436,10.900450983885698,0.5067383596187627,19,US,Desktop
7230,35.47266618281189,6.442808274777269,0.47850217390642413,16,UK,Tablet
7231,38.87552542034827,8.686003777821131,0.4110135104848815,4,India,Desktop
7232,18.33377951844519,10.673163078328843,0.39804235227097473,21,US,Desktop
7233,31.191569186463795,9.490180289224968,0.6225535895784668,5,US,Desktop
7234,38.88010868928231,8.53196126715651,0.4740122598562615,0,Japan,Tablet
7235,32.6368037780589,10.670909758653496,0.5389482711006145,19,Germany,Tablet
7236,27.12734116534279,15.137368683147502,0.5959502083124303,20,Germany,Desktop
7237,31.894082353015943,12.593675094816753,0.3858924440803709,13,US,Tablet
7238,43.39212570755167,11.837641872526799,0.5129030866072699,3,UK,Mobile
7239,44.735001261034114,13.353591263614653,0.5045694519718684,18,UK,Tablet
7240,32.83434412747381,14.385158678338772,0.6806887809439641,5,UK,Mobile
7241,41.55546391999152,13.672945418478257,0.5170953828166499,5,Germany,Desktop
7242,25.419608087662624,11.19932217987326,0.5536972616210186,4,India,Mobile
7243,37.45028614429896,9.509025573036862,0.38189934018399424,22,Germany,Tablet
7244,35.21576129552499,7.821678734542685,0.607662136983979,18,US,Tablet
7245,45.224787673577,9.12013359930899,0.5076888300654628,16,India,Desktop
7246,40.19532871830728,10.058388204804524,0.5225450427080138,14,India,Desktop
7247,32.695476425830975,14.608217100050135,0.36776959421679145,5,Germany,Desktop
7248,31.889658461177987,11.519391832161698,0.736322745693027,22,Japan,Desktop
7249,22.023636115442628,2.056909272003745,0.469018767216051,8,US,Tablet
7250,25.30321606399868,8.962064973679626,0.5413775711374146,22,India,Tablet
7251,14.02021021784575,11.137874568311828,0.6091545050840387,11,US,Mobile
7252,30.610382552625484,14.026102580557755,0.5570502647944245,11,UK,Mobile
7253,30.74055794956455,9.051288574986051,0.5003549458954225,21,India,Mobile
7254,25.247119917447208,10.71167910272197,0.44463861551185035,19,US,Mobile
7255,11.998621927508829,11.729533123252592,0.36490558226610986,14,UK,Tablet
7256,30.949575003697355,10.118733474918358,0.6442385691545759,16,UK,Mobile
7257,17.743092357380633,2.8456640754692604,0.3928932064369618,11,Japan,Desktop
7258,34.36391210746379,16.08287723583827,0.4917858159139214,7,Japan,Mobile
7259,54.0363618263561,13.906022763836136,0.4841811056321344,15,India,Desktop
7260,37.7730529996532,9.523175049913448,0.6152374364122128,10,Japan,Desktop
7261,24.92357539991599,14.063556347023898,0.5677389452491259,6,India,Mobile
7262,33.86826997860865,11.184106486435379,0.490940489854072,16,US,Mobile
7263,20.700090226298258,8.951956430169387,0.5907715587774517,12,US,Desktop
7264,40.168379576897614,12.497681152560881,0.3354465820715263,5,Germany,Desktop
7265,17.736918519831402,10.99801628422807,0.6783687326103301,15,Japan,Desktop
7266,40.62540581969092,8.280053069226204,0.448715886210707,18,Japan,Mobile
7267,37.758617940144205,5.279597876168571,0.33004315810722706,4,Germany,Mobile
7268,28.141869393542056,6.770526524072529,0.3224023010154846,16,Germany,Tablet
7269,32.32585614534678,13.165044543249184,0.4868996055632724,18,Germany,Tablet
7270,3.3906117289343456,11.822394064310576,0.5788915399716281,16,Germany,Desktop
7271,14.647907219063587,15.362579970573611,0.40248323608641395,19,Japan,Tablet
7272,28.04320641256901,12.146356185589624,0.5809514088318459,17,UK,Desktop
7273,31.596150007079267,9.707193364838982,0.3608787364411945,0,Germany,Tablet
7274,26.35768641971453,7.875741056207358,0.5102080795228966,1,Japan,Desktop
7275,43.333863251427616,4.746979918452607,0.5583490669051204,6,Japan,Desktop
7276,40.55182785219111,14.970969401197049,0.28512599111618137,16,India,Desktop
7277,18.609015892164678,5.9713591392228915,0.6425520895562603,6,US,Desktop
7278,29.435477406719006,14.944675839196364,0.4185162846120355,3,Japan,Tablet
7279,16.022087859740907,11.79628546806984,0.6421771299844686,3,Germany,Desktop
7280,32.55295549451937,11.54268280716839,0.3731824932265757,19,Japan,Mobile
7281,31.79414504236364,10.379008617904967,0.6325475647009495,23,Germany,Tablet
7282,24.491706749459336,8.064941066072816,0.4107137129474899,7,US,Desktop
7283,15.435648870763528,9.261658142008669,0.7478507804035202,13,US,Desktop
7284,31.6942632095138,14.604312308370174,0.5475261191270275,18,Japan,Desktop
7285,26.429533259598053,11.83747351526249,0.5699399586828614,1,UK,Desktop
7286,3.5026739476140243,11.31323745135965,0.4861908064840943,15,US,Mobile
7287,34.43709809559833,15.577765567301908,0.4553095440364215,7,Japan,Desktop
7288,39.82365985094577,6.052755213685295,0.41813078733695475,16,UK,Desktop
7289,40.09250513389537,10.62137813464908,0.44964580344348554,1,UK,Tablet
7290,24.01136409559299,16.312111294059633,0.7109049444023183,19,Germany,Mobile
7291,45.66032144064684,10.675133993949464,0.4609182517828115,21,UK,Mobile
7292,20.560836793777174,7.421517497561531,0.5702292375531607,21,Japan,Tablet
7293,38.28481035220031,6.987024433864262,0.5829784488357227,4,UK,Tablet
7294,37.5072487832369,8.904790790014118,0.5143179861647916,2,UK,Desktop
7295,37.7859172966051,8.713791532667374,0.48851080242047656,2,Germany,Tablet
7296,28.914114029609905,8.442868908001046,0.5039175290978517,10,Japan,Tablet
7297,31.46875541790921,9.110248850665991,0.4446499963982884,17,Japan,Desktop
7298,25.78137347162288,12.046687541361552,0.25105625672969534,22,India,Tablet
7299,39.69654069545873,12.462085065986905,0.4928202182882107,1,UK,Desktop
7300,22.13519966836217,10.381801906579184,0.7349974897228623,23,India,Mobile
7301,33.94175510643967,5.405609681696337,0.3330971880721418,13,Germany,Tablet
7302,27.28777109970988,10.771609363735621,0.5928267592557769,13,UK,Desktop
7303,26.331341702076735,9.576046324011635,0.5787603028140221,15,Japan,Mobile
7304,24.427545028652396,14.858539984928502,0.5317143219837795,8,US,Desktop
7305,30.1083436330574,14.883299241819927,0.45952204189245005,1,UK,Mobile
7306,31.118365382537597,12.207342610919762,0.5478244298234201,5,India,Desktop
7307,37.50375949602199,8.502432278126003,0.5501242602365739,6,US,Desktop
7308,33.66407284684449,9.97770264112576,0.4231002422256996,3,Germany,Mobile
7309,18.96852536983544,10.17938154439495,0.5200219569715602,0,Germany,Tablet
7310,26.60356910662219,11.81662154905709,0.5900848523977694,3,US,Desktop
7311,11.400424304320314,9.060402477352257,0.7092471994657499,12,US,Desktop
7312,26.587186260213038,8.05762017423815,0.46050556641379436,12,US,Desktop
7313,31.377287763775897,8.108223082058267,0.644710792400716,7,Japan,Mobile
7314,48.14174133552771,10.08695120097244,0.586952123201733,20,Japan,Desktop
7315,42.84611738627291,12.297317036458479,0.5172528282513886,4,UK,Tablet
7316,22.33564230503684,11.242644957355964,0.553024297109625,10,UK,Tablet
7317,46.72518452073827,10.521629380061878,0.2554944787380915,12,US,Desktop
7318,25.780614104172656,8.603240219036598,0.5262375498343549,3,India,Mobile
7319,29.09375169765211,7.921950850424386,0.3680163022194237,18,US,Tablet
7320,31.078075897333015,13.702158004030004,0.4180941837280362,0,Germany,Desktop
7321,28.868251176606297,6.670789328440495,0.43313502620533273,16,US,Mobile
7322,30.872527459704045,6.878894661208902,0.49836438575163194,20,Japan,Desktop
7323,29.350460528088668,6.6153738937860584,0.5658761547691447,20,US,Tablet
7324,36.29683078619057,16.258585072479868,0.5286337168175345,21,US,Desktop
7325,16.219109459834296,11.136629328796197,0.3919350641862699,16,Germany,Mobile
7326,43.64585267797908,14.387043671075501,0.41153185019555544,6,US,Desktop
7327,14.295197694881294,12.50952044124729,0.5714928939319133,6,Japan,Mobile
7328,48.39647774931621,3.6688703546977806,0.46197793436274337,1,UK,Desktop
7329,20.80626135576088,10.556946230116294,0.48818091357480603,17,Germany,Desktop
7330,36.51614448348275,11.012134631724646,0.4793540492005047,9,Germany,Desktop
7331,23.48593175093416,10.383380276796192,0.7275691979407742,19,India,Mobile
7332,26.30555172648436,12.804917251052693,0.4022749701952325,23,India,Desktop
7333,24.385714908411995,12.534137018440546,0.4133791321708371,12,US,Desktop
7334,25.177766013634198,8.108584938320112,0.5971032514841162,15,UK,Desktop
7335,53.19972740925576,10.387238776531689,0.3748049544621086,16,Germany,Desktop
7336,36.41846148275098,10.911830782863582,0.527058950445095,22,UK,Tablet
7337,39.03789632832255,12.387263614484777,0.565758598951534,2,India,Tablet
7338,38.59748407005168,5.548701858980408,0.4562264028759787,2,US,Mobile
7339,31.304495301658335,5.5723866706669245,0.6437122822431884,6,Germany,Desktop
7340,21.303919556256858,13.488542097339673,0.5799145471831219,8,US,Tablet
7341,24.24567738529442,6.463728842439161,0.5637269973616778,17,Germany,Tablet
7342,22.197829206315312,9.337477720859667,0.5214352197912937,11,US,Desktop
7343,49.0205897380838,7.111701662941593,0.5190442840205302,18,Germany,Tablet
7344,40.75595264107377,9.351268246096698,0.47379262411354833,23,India,Desktop
7345,21.592380333182607,11.89675158660682,0.4297937314539799,11,UK,Mobile
7346,26.593140170778756,13.216706833624036,0.5791748666476351,15,India,Mobile
7347,20.452518271130838,10.440194887754815,0.5254078938875401,6,India,Mobile
7348,11.771149859662305,11.085040281477687,0.41842821398678354,12,Germany,Tablet
7349,82.99387451088167,10.16167612745486,2.258244856761584,2,US,Mobile
7350,33.24597749917328,12.02253297341536,0.5603268238016571,22,Japan,Desktop
7351,47.396129556607434,5.91739931484104,0.44801634429877113,6,UK,Desktop
7352,21.482601682632982,9.815684331425768,0.4616364236795846,19,Japan,Mobile
7353,36.16329966588134,10.122902507766259,0.5136516934186494,23,India,Mobile
7354,37.227065755824384,5.264957588465119,0.5304288029601727,2,UK,Desktop
7355,11.53166546797177,16.38434765440585,0.5094519092412103,8,Japan,Mobile
7356,39.082097261108636,11.105047127151206,0.5962670749838999,14,UK,Desktop
7357,30.056433220897087,8.97131203429167,0.5247102185263925,20,Germany,Mobile
7358,17.194949598824383,7.707250978582502,0.6929959952580268,6,UK,Mobile
7359,29.614833292889998,9.808449293130366,0.6392774375627825,10,Germany,Mobile
7360,48.92520126698852,7.958472628159983,0.6038312369991172,18,Germany,Desktop
7361,7.297028878642806,7.162240561624124,0.3318732445782997,6,India,Desktop
7362,33.89350253615871,11.089524224341968,0.2647272128746327,10,UK,Tablet
7363,28.343269541604396,8.96635782642262,0.5768520585937902,11,US,Mobile
7364,15.72391591123047,9.510483774352062,0.5406250218939281,6,UK,Mobile
7365,50.38218629115843,5.514516450027793,0.5348248486618554,14,Japan,Tablet
7366,29.093417056678554,14.571045686111912,0.47684175809154716,23,UK,Mobile
7367,20.271926722671807,9.93385684711673,0.5559086905876881,8,US,Desktop
7368,23.790445597068633,13.751069596063948,0.6051184112639986,8,Japan,Desktop
7369,37.343252300127,12.226979577003805,0.47632474970604266,1,Germany,Mobile
7370,44.92614558943522,15.8569283141414,0.4714251576320527,13,US,Tablet
7371,47.5257136400249,13.960031893593337,0.42588089710092547,1,US,Desktop
7372,39.52211312956824,15.78629541620166,0.47749201578580364,23,UK,Tablet
7373,35.42389582943726,8.671860791848093,0.5338586655798317,14,Germany,Mobile
7374,32.73552203521206,13.06991143966603,0.6218135818093076,9,Japan,Tablet
7375,24.3964596593859,8.279360338297757,0.619252201409404,2,UK,Desktop
7376,33.800228036471424,16.393059522494063,0.5296787271749832,11,India,Desktop
7377,40.41799630884382,11.176757123131305,0.3573890895844659,4,India,Mobile
7378,27.457976876989928,6.980912434067399,0.7104692155263352,1,India,Desktop
7379,20.48355809677342,10.452509721429037,0.5996829103430924,20,Germany,Desktop
7380,29.70407049352919,8.486796809189721,0.4198709124151984,22,Japan,Tablet
7381,23.832827257164418,6.751802471700317,0.6086522559561496,20,Japan,Desktop
7382,36.09364673792923,10.769761256414325,0.4560844324595367,7,Japan,Desktop
7383,13.970155648611666,13.015106981130138,0.458466736665685,18,UK,Desktop
7384,12.234222704304905,7.335377018135128,0.5084130874765035,2,India,Tablet
7385,45.63889466025887,10.801060117367095,0.5257000816432321,0,India,Desktop
7386,34.37709766564505,11.511204403896121,0.3406285870712005,8,Germany,Mobile
7387,28.649226869404924,5.538310749052935,0.5677755453183588,18,Germany,Desktop
7388,28.71784175053007,6.489931806258372,0.5063490696675654,16,US,Tablet
7389,34.18533994410296,20.271567662778878,0.5663597966060655,10,Germany,Mobile
7390,32.48284161956621,12.644846693166752,0.5098785323691702,4,India,Mobile
7391,41.74097658733193,9.506235704516143,0.6239340658676253,5,US,Desktop
7392,24.047782145451624,10.472970538922159,0.5510808797302239,22,UK,Desktop
7393,19.92088041746903,11.450445742670201,0.6043419082244195,13,UK,Mobile
7394,12.683046062793892,4.982264057391529,0.46886412484785617,10,Japan,Mobile
7395,34.31605729808495,10.232669611485274,0.6250752338359957,8,India,Mobile
7396,30.485917711920173,13.844541215905346,0.6341259961021876,11,UK,Mobile
7397,168.4923742632417,10.811595394239532,1.6321444817599382,23,US,Tablet
7398,35.795937042681096,10.850135083414324,0.5823761214352189,9,Japan,Desktop
7399,27.785432502144094,6.974380335041074,0.43126265197113417,11,Germany,Tablet
7400,33.9138568713611,12.237238074949707,0.5260620860242902,3,US,Desktop
7401,15.011111923538088,15.734774777953469,0.537162674274853,10,UK,Mobile
7402,140.09274546527465,16.531080133412477,1.6672972013772884,2,Germany,Tablet
7403,28.385203834116606,7.491053189914219,0.5162606328606725,13,Japan,Tablet
7404,22.644675416939194,6.558853209940482,0.40689188012362426,23,India,Mobile
7405,39.954559106198886,16.61304201822477,0.6890791616396013,12,India,Tablet
7406,40.22757979694866,15.175135292689681,0.44126584702514204,1,Japan,Tablet
7407,29.240866098849605,4.255500488413141,0.3800364028376537,11,UK,Mobile
7408,22.472402731997164,6.125845835322629,0.5299972913419877,16,Japan,Mobile
7409,67.50491235851507,16.111693595161363,2.364541966556053,12,Japan,Tablet
7410,43.599739766742246,9.006001328076984,0.49760230730004074,11,UK,Mobile
7411,33.191082071226035,10.773366122320686,0.4946875019026068,5,UK,Mobile
7412,27.542576639791623,14.288276714294668,0.49563664551322906,11,UK,Desktop
7413,13.890206937967061,9.114277784981915,0.5142261504410471,13,US,Desktop
7414,25.73466286431412,4.453514883796999,0.5940263899741132,16,US,Tablet
7415,25.26510511297223,8.800731236816295,0.658592302095792,3,India,Tablet
7416,33.30512420191201,2.7595513394105584,0.5803038188836963,18,Japan,Mobile
7417,44.420484351511334,10.417751748263875,0.37005242281559536,22,Germany,Mobile
7418,264.96617691934745,8.201308705687142,2.7286609382134324,14,India,Tablet
7419,41.48788256310976,9.602973011373956,0.47013077303166584,22,Germany,Desktop
7420,21.357646958203663,6.147777072653773,0.4234634050559999,4,Germany,Mobile
7421,17.247613646333292,9.413985922939837,0.15000350743248209,17,UK,Tablet
7422,45.12131693750359,17.66055690346944,0.4691483402044305,14,India,Desktop
7423,30.64673854183729,8.107296001569393,0.5695778242553399,21,India,Mobile
7424,19.033143702843425,8.06531645328192,0.7788842411741561,12,Germany,Desktop
7425,28.932382245211446,11.771226030979374,0.4696599761230434,16,Japan,Mobile
7426,22.112842041407045,1.1884842661020478,0.4950166082485852,19,India,Mobile
7427,37.93984534760037,8.427753443994044,0.4841566368113667,1,India,Desktop
7428,26.574639534695596,10.163863234378345,0.351558282742782,10,India,Mobile
7429,24.943119764087932,11.074756401781604,0.6114189452950347,2,UK,Desktop
7430,22.919726607692542,12.580073727965548,0.4105086137085806,6,US,Tablet
7431,22.46488550127613,10.610463769590568,0.502975614449923,7,US,Mobile
7432,28.0104733233122,10.029573476754909,0.5901062668852015,11,Germany,Mobile
7433,18.669957932666826,10.84299035757902,0.5575354710192046,1,US,Desktop
7434,39.77208844673747,3.744652755039577,0.6045017610832636,2,US,Tablet
7435,23.478218131074836,9.281481523867162,0.45361105061108337,9,Germany,Mobile
7436,14.417513930551175,12.292702400534555,0.478901022016508,15,US,Desktop
7437,23.069461554029164,8.756318163930946,0.5098189047336559,15,Japan,Tablet
7438,15.9767903074618,5.427477218292374,0.5955745327265567,19,UK,Desktop
7439,13.013023866243078,13.580628106578171,0.4516821432840802,13,Japan,Tablet
7440,18.406357189040392,12.110196242768863,0.4748272708561979,8,US,Tablet
7441,16.060226550545213,14.610318107838598,0.6131454788562165,21,US,Mobile
7442,35.805504547420284,9.541029212194776,0.7730819424421005,21,India,Desktop
7443,24.716916031565063,6.517069713154235,0.49731347016359045,6,Japan,Desktop
7444,24.186685467187047,10.101826645130942,0.5223070216866772,20,UK,Mobile
7445,20.47873996875957,10.89750081797439,0.4822742610926162,20,Japan,Tablet
7446,30.84596023682784,10.470614702572353,0.4434320774280499,22,India,Mobile
7447,21.378106534918288,11.165464675214725,0.5070764578893144,11,Germany,Tablet
7448,40.88676267001376,3.6057647003229825,0.519294622475754,22,Germany,Mobile
7449,23.953471601856684,11.458040484066968,0.5740602540081878,1,US,Desktop
7450,13.952280394005637,6.169201962498475,0.7392046476142793,20,India,Desktop
7451,36.17770886525378,10.085247438714758,0.5749100918872861,14,UK,Tablet
7452,4.669471640150867,6.688064812778448,0.4880052977118839,22,Germany,Mobile
7453,21.65966596350188,7.224736483034172,0.4395853413417838,2,UK,Tablet
7454,36.68039314991592,11.820096042127055,0.5698929947786722,6,UK,Mobile
7455,36.95775279704969,5.535753002321283,0.36672114449569226,19,Germany,Desktop
7456,18.784932185994823,5.628354723705674,0.5551624405910254,10,Japan,Desktop
7457,15.583363813021407,7.889355891055823,0.3999690765833611,23,UK,Mobile
7458,39.89554942837226,12.015169992651527,0.5000088537764402,12,Germany,Desktop
7459,23.124619639695606,12.812909174173178,0.5228650735432597,3,Japan,Desktop
7460,29.81499619846394,11.483691510030958,0.42202571777616404,5,US,Mobile
7461,238.78863535910233,8.273704445294491,0.9745740865538477,3,UK,Desktop
7462,111.00613648837106,8.925360788676295,2.213974691866389,8,Japan,Mobile
7463,27.795517114162447,7.435196617836268,0.560823677248882,9,UK,Mobile
7464,26.596262321817644,10.905456836862633,0.420551823160808,1,US,Desktop
7465,219.65029620144682,11.046559671169122,1.9058363062840646,3,US,Desktop
7466,32.943973359338244,8.802227480498594,0.37171176701428277,5,UK,Mobile
7467,29.7740446492621,8.50137655417402,0.5392771777733063,5,UK,Mobile
7468,23.22809623380371,9.210739264516267,0.5256900707373783,4,US,Desktop
7469,17.084413794240838,11.533763164259781,0.7041336324658043,7,Japan,Tablet
7470,41.57831589738299,8.661318465867316,0.5483842387331613,9,Germany,Desktop
7471,36.60466755059705,14.209293237113776,0.6319527653036019,5,UK,Desktop
7472,24.28821838308357,8.00365945096621,0.5427593414691935,21,US,Desktop
7473,36.83735710975152,12.093917244065315,0.4295321118731735,4,US,Tablet
7474,63.4913355372521,7.3500403496488325,0.4797121152208105,0,Germany,Mobile
7475,32.75881082108494,6.655226966065027,0.2632892688591839,8,UK,Tablet
7476,29.734264500862324,9.747000136199594,0.448466830374861,9,Germany,Desktop
7477,41.90401287619661,7.38970233668913,0.38723993493201914,11,India,Tablet
7478,93.25726514512611,11.115153596860669,1.8160781632732932,10,Japan,Mobile
7479,23.899105087606266,8.792678659954687,0.47222989646893765,5,India,Desktop
7480,20.00645059275889,16.779183885957917,0.42980916537458985,3,Germany,Desktop
7481,35.34816244989563,6.132255516740359,0.5974096211123545,14,UK,Mobile
7482,28.213294175405533,10.664143166149323,0.525547308609976,14,India,Desktop
7483,20.827633107567443,10.418258238817224,0.50667843343578,7,Germany,Tablet
7484,17.528264114848945,9.345839697539446,0.5347672964752027,3,Germany,Tablet
7485,32.41690488026655,10.876206962487837,0.48183006084438396,18,UK,Mobile
7486,34.521365662703055,10.434498317975867,0.6539239342046121,14,India,Desktop
7487,25.929521973190802,9.157304342960426,0.5081551246705577,6,UK,Desktop
7488,26.563324771449913,7.192778564183609,0.5943097679777933,0,UK,Mobile
7489,24.026672160444342,13.724144349072741,0.5787191790082429,14,US,Desktop
7490,42.47416376647038,13.50954594662695,0.46690688107804035,8,Japan,Desktop
7491,42.266022340442944,10.53395812575652,0.29256963529344293,6,India,Tablet
7492,29.44233465869954,6.438505675268315,0.5802563952419847,23,India,Mobile
7493,213.7643068105884,6.781352986133909,1.691372865456729,12,Germany,Tablet
7494,27.03586648790631,6.228617438563899,0.467602269981784,15,India,Mobile
7495,25.90833184975641,4.236489144351785,0.48853714281474875,21,Japan,Tablet
7496,32.626677234501315,6.714085868279426,0.43271956831213376,16,Germany,Mobile
7497,22.5521084350082,11.846037321901287,0.4963253593225696,0,US,Tablet
7498,24.615287825178616,7.518994969933272,0.6141801667146005,12,Japan,Mobile
7499,30.278176701212654,7.534495406559294,0.5318460870468404,16,US,Desktop
7500,40.48370751432395,13.941614298472903,0.4785846075440542,5,Germany,Desktop
7501,52.37085550384075,10.447109293383418,0.4924215114479792,20,Japan,Tablet
7502,32.79471476511487,4.777587277646575,0.6974252246912047,20,UK,Mobile
7503,22.591020995757678,15.288976370519809,0.4945575783095212,3,Germany,Desktop
7504,51.016120488156545,9.393989962767465,0.4576220081279853,9,Japan,Tablet
7505,26.833494337532805,11.41750746301889,0.41891085714750576,15,US,Mobile
7506,19.602585680807607,17.08528622356645,0.41363009675779716,15,UK,Tablet
7507,28.473071607825975,8.015572544386053,0.3698636087472845,11,India,Mobile
7508,25.848442592314182,12.903922736373193,0.48632743781904103,22,US,Mobile
7509,16.34837166059024,10.025175942922687,0.6069121101408912,22,India,Desktop
7510,26.15033382231099,13.318282277209345,0.43203941648838434,18,Japan,Tablet
7511,30.83371830587586,2.2821359300437365,0.46797639956107806,15,UK,Tablet
7512,29.59019054473253,8.860286191870932,0.46333543230841057,7,India,Desktop
7513,25.923016619872666,7.513486136890334,0.3778200731111344,15,Japan,Desktop
7514,25.234681863115753,9.568631264067465,0.39135224079345576,4,US,Tablet
7515,19.101829168530088,10.501573824246462,0.4762905333053128,3,Germany,Tablet
7516,17.44192365926676,13.421879678184872,0.6153724098540206,10,UK,Desktop
7517,33.37360338514625,9.403171979855124,0.4558870928253358,18,Germany,Tablet
7518,11.474695860031819,10.653797167248037,0.4296328228704061,11,Germany,Desktop
7519,31.25628244154357,8.016459900762328,0.5269773045233701,7,US,Desktop
7520,18.338509040860366,9.566861435016511,0.4008723316201336,6,Japan,Tablet
7521,19.252402065178426,8.74284018539728,0.6830448919830051,22,US,Desktop
7522,29.73070610896495,10.845801116242267,0.5107939481742778,23,India,Tablet
7523,32.02898193930047,11.838458671213123,0.4116624668120814,21,India,Mobile
7524,40.65535405762633,6.7596437802076075,0.46016439141004967,21,Germany,Mobile
7525,22.645985808004614,8.81658439954524,0.621761996628253,5,US,Mobile
7526,12.983740275477217,12.100753169886563,0.4101923524791299,15,US,Tablet
7527,38.03025031476464,4.114113575829305,0.6683377072748458,1,UK,Desktop
7528,19.998166663853333,11.511256289561594,0.39595029888521543,10,Japan,Tablet
7529,28.40943588328149,10.628810150817214,0.6670621779785549,23,India,Tablet
7530,27.620583373584637,12.902219853956415,0.6094844202939418,4,UK,Mobile
7531,36.82138077089896,10.845892064732244,0.40646277173792067,13,UK,Tablet
7532,209.55131802583443,8.349301152102377,1.585859809316844,6,India,Mobile
7533,30.994107443869897,12.790828506832725,0.46826515466735996,18,Japan,Mobile
7534,21.90232954232772,13.076879791840751,0.5583832968713273,0,Germany,Desktop
7535,21.56387681000903,13.824859627065907,0.6923143248301538,19,US,Tablet
7536,19.228036714534994,10.299882247400102,0.4502532967225953,6,Japan,Mobile
7537,23.42746543682354,7.3713485900765585,0.5994857604867263,8,Japan,Desktop
7538,35.12269869389029,12.433334521939546,0.5273436977799071,15,Japan,Mobile
7539,19.09045565410011,9.053194301156521,0.6061753550942941,1,India,Desktop
7540,20.218309351021162,7.6346261508871915,0.453204464539785,11,US,Mobile
7541,50.53812921689318,3.9293423089536823,0.6491954927941419,12,India,Desktop
7542,19.96858461451101,7.695370497318639,0.38456401260185374,23,India,Desktop
7543,17.336478138279944,7.535220327608576,0.6718266356881343,18,Germany,Tablet
7544,22.320871200505096,8.919791379824723,0.7778175649834931,16,UK,Tablet
7545,23.236702905917305,12.093674726313179,0.38990305247026114,5,Japan,Tablet
7546,14.507312871727931,12.491113760952828,0.507889170219023,16,India,Tablet
7547,27.082781779771583,9.53829633226899,0.28092194106996987,2,UK,Mobile
7548,27.288137530055604,13.445362411573264,0.6889827541342965,9,UK,Mobile
7549,31.33915402185001,13.992556870413072,0.42871656747882647,7,Japan,Tablet
7550,33.47179127482054,7.4563898837241585,0.5446764916744911,18,UK,Desktop
7551,21.107915800803347,9.303171008562979,0.35649683371477486,16,US,Tablet
7552,26.138584283501288,7.970354813712205,0.5100307595344524,18,Germany,Tablet
7553,33.076328618132635,9.857734174334803,0.4768502861525449,10,India,Mobile
7554,21.596984510321676,15.432852981839037,0.4050384012887062,1,India,Desktop
7555,33.100365929603186,10.971638816714087,0.4790692489850926,16,UK,Desktop
7556,43.9750911024306,7.8199096410266975,0.508412343525187,2,US,Tablet
7557,19.265587025921537,6.483745136149587,0.4055002801507913,4,UK,Mobile
7558,42.325013423868015,8.86612557831799,0.5350111053953879,4,US,Desktop
7559,30.128921139106495,11.969404813676755,0.4758831805006122,23,Germany,Mobile
7560,38.98462338515934,9.11059699558145,0.677968028513292,22,UK,Desktop
7561,23.44026218417806,7.852209642501915,0.5772265266877805,23,UK,Mobile
7562,31.255211565024787,10.080956297288157,0.519468195077544,18,Germany,Desktop
7563,28.738332755567367,7.146134876177992,0.4501835712572763,7,Germany,Tablet
7564,18.24712296986973,9.762447788315958,0.585357063224232,17,Japan,Mobile
7565,39.58430747267997,9.434696376266194,0.600285706452953,23,Japan,Mobile
7566,17.557765690925244,4.95268637910108,0.2932448462668135,16,India,Mobile
7567,41.1352323294053,10.714751457926202,0.48413342184483127,11,Japan,Mobile
7568,7.160768030883993,11.98899385392491,0.46935126720770665,16,US,Tablet
7569,25.633356526382602,12.641738380794445,0.717098579796592,16,Germany,Mobile
7570,41.79858155034536,9.223897678577378,0.469695347501368,2,India,Tablet
7571,29.92563713839388,12.13392913703405,0.5340866769094242,15,US,Tablet
7572,104.36346814825288,7.911182537904107,1.5218995909114068,20,UK,Tablet
7573,35.14207959790628,11.804475558026217,0.4375077520656645,8,Germany,Tablet
7574,32.461989961275535,12.04880079862443,0.36009772876532437,15,India,Desktop
7575,39.62167630585336,7.611804126224383,0.5576837260875112,23,Germany,Desktop
7576,36.8564811866245,12.044215403083285,0.6498889584316985,0,US,Desktop
7577,45.71751922615526,5.278914879798931,0.7278834140692741,15,US,Desktop
7578,32.11884493428056,10.36282424448517,0.5098304914693119,6,Germany,Mobile
7579,15.81473423040264,12.128736650396434,0.6132587863987246,14,US,Tablet
7580,23.02410316964302,12.114662176367377,0.4192102295090304,16,Germany,Desktop
7581,10.297644937276466,10.441073929339554,0.4728488381751214,4,Germany,Tablet
7582,31.595744380289897,6.641982843606684,0.6302991101157936,10,US,Mobile
7583,35.47652464829272,9.9737015133519,0.498070218569762,20,India,Mobile
7584,28.008870306385067,13.98293353268626,0.38017751651355747,2,UK,Mobile
7585,18.364640074551577,2.5005701437687264,0.6297468493824654,2,Japan,Tablet
7586,11.85539077604582,15.780187948479842,0.6094074204058142,2,UK,Desktop
7587,24.455633498216265,6.986148453570335,0.4670111600167514,10,India,Mobile
7588,40.72772792285264,13.015441477725243,0.48227650692449636,16,UK,Mobile
7589,27.367911794310537,13.209613188922885,0.4684681402217616,23,India,Desktop
7590,26.650068284618424,10.454780417164407,0.5458640179624493,16,US,Mobile
7591,18.68491228283827,10.439089890471688,0.6664726242107438,1,US,Mobile
7592,37.54254056646948,9.482971196881621,0.4011688033903023,9,Japan,Tablet
7593,28.836898342413935,7.30471961682348,0.6143546767284234,21,US,Tablet
7594,39.2059982537865,13.776283940162163,0.70669261809576,11,US,Tablet
7595,25.47918952309149,14.142327615462133,0.4228086786959035,13,Japan,Desktop
7596,36.38059900104316,9.252231490088958,0.6050903161363653,1,Germany,Desktop
7597,30.552283465725786,6.310245921141525,0.3582425336821329,0,US,Mobile
7598,30.938820352386312,11.695632071095346,0.3930736425735225,14,UK,Mobile
7599,53.22731634138295,14.591735025365665,0.6360988044534861,12,UK,Tablet
7600,50.359978707373266,9.419152547556267,0.5793669740845556,22,Germany,Mobile
7601,27.842208479600465,6.787728357135746,0.5737008215620848,19,Japan,Desktop
7602,36.212629054940045,11.673311240135755,0.4436818959059404,9,US,Mobile
7603,59.13020249076239,5.545251399387248,1.2002837574544334,12,UK,Mobile
7604,51.49658229241648,12.37339860726911,0.6107582674527052,10,UK,Tablet
7605,29.949530078098213,10.226435852405327,0.45103775642068866,23,Japan,Mobile
7606,21.457125175745496,7.986764314905787,0.38590540101804227,5,Japan,Desktop
7607,23.971099983787273,9.195172143596846,0.812705574954832,12,Japan,Desktop
7608,7.334462692080663,10.398640282272298,0.41218588502695186,6,UK,Tablet
7609,24.655995231733367,4.569693151652963,0.5178206716029994,6,Japan,Mobile
7610,21.47703513068818,8.472557041980165,0.5097366855278698,5,Japan,Tablet
7611,41.84470292038214,20.191680065605627,0.5489836001359999,19,US,Mobile
7612,24.884947057948754,9.617051228180323,0.6236485639618642,7,India,Mobile
7613,20.195115029278213,5.508942054376808,0.5848895979816315,12,Germany,Mobile
7614,37.568299460835526,10.325399026252716,0.611171563970337,20,UK,Tablet
7615,22.351884082735012,9.564726036015436,0.36750822851579434,21,India,Mobile
7616,25.26566592568367,7.887018295384795,0.3575689294061195,9,US,Tablet
7617,17.353820130977677,14.116894523894238,0.4371248919957902,6,Japan,Tablet
7618,26.035405807429328,6.916039739255037,0.45364410234212765,3,Japan,Tablet
7619,17.2613668854252,9.910763561617811,0.5558502786169036,3,UK,Tablet
7620,45.739702885819064,3.4544267926132566,0.4857932553362767,4,India,Desktop
7621,22.694659759510422,11.692556793049603,0.5194884533269675,19,UK,Desktop
7622,37.527472903689244,12.387833903524543,0.6086837819152272,9,UK,Mobile
7623,24.025643783076234,7.235781796470565,0.5500991204733845,17,US,Mobile
7624,41.07896102551078,8.513722317493578,0.49981312117978804,6,UK,Mobile
7625,28.30460341239982,12.891671614136042,0.4204543720483601,1,US,Tablet
7626,37.417414993298095,10.35634688209872,0.6039716342640946,3,US,Tablet
7627,28.242545139694812,6.731130143834008,0.48177040338708665,20,India,Mobile
7628,24.767790397894466,12.163322655928468,0.6851874056789207,8,Germany,Mobile
7629,20.551118219227128,10.349098277193296,0.5332088833004056,2,Japan,Tablet
7630,22.271068447966126,9.694256959736796,0.5767731668664287,5,Germany,Tablet
7631,38.348366922222205,14.27875321408802,0.484687038921195,5,Japan,Desktop
7632,17.1986904722497,8.604582751463088,0.4671746898488805,2,Japan,Desktop
7633,24.0220049389436,13.35537080069261,0.5233497155016673,14,Japan,Desktop
7634,35.87431813397959,11.959770772503658,0.4550386885110644,11,US,Tablet
7635,23.9340527534658,10.410758464118926,0.48279465505637464,10,UK,Desktop
7636,31.137197213004352,12.927665733128068,0.5804098274031032,0,Germany,Mobile
7637,32.91648291516885,6.623438807428017,0.6381755738564859,16,Germany,Mobile
7638,39.90000179094874,13.710932386359705,0.460480512695115,8,India,Tablet
7639,45.97849848730745,9.294908482615977,0.5005454805545614,17,UK,Tablet
7640,32.82966288445621,10.898997754919801,0.6719642433124007,15,UK,Mobile
7641,48.63378881505934,11.662848056531015,0.7083536153361194,2,Germany,Mobile
7642,29.789041237046884,8.804054169811009,0.6309892110135944,21,Japan,Mobile
7643,30.232588009766857,9.823067862368813,0.648555439283331,15,India,Mobile
7644,35.74233650195307,12.344650272504541,0.3859024609373282,17,US,Tablet
7645,41.643300160430684,9.68165607362436,0.6243990478751019,4,UK,Desktop
7646,17.663625676266115,9.166572665578848,0.23197411642121057,21,UK,Mobile
7647,38.193330268579324,11.232593494781076,0.4817755440464045,3,Japan,Mobile
7648,36.179021232880984,7.875357918622651,0.48169176127311314,12,UK,Desktop
7649,38.58850279367418,12.15275115544826,0.48080948625292563,9,Germany,Mobile
7650,30.137468935365675,5.588108716649563,0.49978413695998397,12,US,Mobile
7651,39.01135692044323,11.897873280602177,0.5456650194896925,17,US,Mobile
7652,34.41695130715996,12.66890423893406,0.43519038634046936,23,India,Tablet
7653,41.404075361550326,13.716159406116205,0.47044015141096407,3,Germany,Tablet
7654,21.66551654286749,13.6913513374056,0.4332776212992536,2,US,Desktop
7655,15.753946788597702,14.293454251767093,0.5170676185277573,8,US,Tablet
7656,29.57613852180366,11.69510200566641,0.4735071767275904,20,UK,Mobile
7657,37.985849970992106,8.139016468653624,0.5073376377112565,13,India,Mobile
7658,33.26368085541633,8.873535300617489,0.6556067622157961,0,India,Mobile
7659,18.362876280091672,7.62047118995479,0.5008861904827041,19,Germany,Tablet
7660,40.25502406328588,6.817880877946386,0.3993417847119839,7,UK,Mobile
7661,29.992914692171112,5.972211722855199,0.6503620790368079,7,US,Mobile
7662,31.650646762269243,9.614822829263925,0.4125296952092382,17,US,Tablet
7663,23.475222265766092,5.921985372390131,0.4429726236144429,1,Japan,Mobile
7664,42.24307894413146,9.36138877836194,0.45255958865327167,17,US,Mobile
7665,23.12723026916936,9.988003785965386,0.34279866292669825,21,Germany,Desktop
7666,34.98709228919569,12.757474572443275,0.38921318088634294,22,India,Tablet
7667,19.60524596779974,13.754799721270173,0.5338638345049026,3,India,Tablet
7668,28.61663134279741,11.554515197980997,0.3840257965249546,11,Germany,Tablet
7669,17.333769236324486,10.705662948718437,0.4948957570033221,23,US,Mobile
7670,13.702448323021276,13.793675258197776,0.4880502555806804,4,India,Desktop
7671,32.81680087992347,1.4335813521854188,0.2796600932778154,1,Japan,Tablet
7672,29.515205758021363,10.321487693789319,0.4759520851817199,16,US,Mobile
7673,25.250653057895725,7.503240749411614,0.5018404043804259,2,Japan,Tablet
7674,31.224498187596662,6.962750360709787,0.5788867181231827,20,UK,Desktop
7675,25.623661314423238,11.890188113300972,0.4405883557044037,23,US,Mobile
7676,44.14645435741765,9.7837000306091,0.38810232006672524,16,Germany,Mobile
7677,26.36948910290936,9.383552624901327,0.48914695558308857,7,US,Mobile
7678,36.65120021656172,7.797895193409573,0.342020841386365,8,US,Mobile
7679,29.006004321517864,17.939433307538252,0.44256436062844795,2,India,Tablet
7680,22.99452872743018,12.178885257062245,0.3814967895291758,2,US,Mobile
7681,19.025980149073312,15.823716830857926,0.5189067471069235,11,UK,Desktop
7682,-1.3443555131101022,7.598676129784692,0.440903019378297,11,Germany,Desktop
7683,34.26917976293777,14.122052109212156,0.563758694391819,7,Germany,Mobile
7684,34.3971629964323,2.861652370931017,0.4460688663194909,9,UK,Mobile
7685,23.159566107604608,10.080076003693081,0.4906735121050785,2,US,Desktop
7686,27.424287279270487,11.242235888013356,0.5769931912018724,1,US,Tablet
7687,25.332759901720088,5.3440763416972565,0.4107755618710922,2,Japan,Tablet
7688,22.583572743650628,10.370400602076327,0.4797018445066054,2,India,Tablet
7689,40.42765057899889,8.745050928259593,0.5108835715663625,2,Japan,Mobile
7690,34.52937104493931,6.858904982885026,0.2806905199708737,10,UK,Tablet
7691,10.003910510601063,2.6874413409924793,0.327651953243834,17,US,Tablet
7692,23.448240001178416,5.915462782900912,0.4337888233190708,8,Germany,Tablet
7693,34.83877668202981,15.003219544203091,0.5137113511490989,13,Germany,Tablet
7694,0.006247093700878281,8.548759658238284,0.5519783425143289,5,India,Desktop
7695,25.105732241769516,8.349897540358477,0.5981475025405336,2,US,Tablet
7696,8.266447616834554,12.699656551816378,0.5790523500207466,7,UK,Desktop
7697,31.15432763707952,7.462293415783671,0.6592208670064095,7,Germany,Tablet
7698,47.48438392780773,13.658087218879423,0.38520877890982763,6,India,Tablet
7699,20.141403634129855,7.336501371899176,0.6427134379876223,15,US,Mobile
7700,12.250165572051664,6.29187952971001,0.4876458292856455,1,US,Desktop
7701,8.712857379535691,6.863807083121456,0.5466305648645473,0,Japan,Desktop
7702,25.668181331158983,9.830665918884174,0.43704314898126273,0,UK,Desktop
7703,132.34735874915992,16.536070321088662,1.1610672338843453,0,Japan,Tablet
7704,27.847771875691983,8.17061905008782,0.5276676024127643,0,Japan,Tablet
7705,30.527547186376903,16.092994685344387,0.5547475562129229,3,US,Mobile
7706,33.36921766636003,8.483818287756227,0.5231469118795519,12,Japan,Mobile
7707,33.979315856227515,5.450005561326135,0.4779147907919294,14,UK,Tablet
7708,25.07810144718021,18.330260967152313,0.4658532527106086,23,Germany,Tablet
7709,47.79563283391888,10.529462840595269,0.5592066699008109,0,UK,Mobile
7710,26.404684545516627,5.59947467248865,0.5365825669043537,9,Germany,Desktop
7711,49.129289237562844,12.382680712666591,0.589080319254383,19,US,Mobile
7712,15.509737737601633,7.022007146867853,0.6165604650444128,13,India,Desktop
7713,49.4937724037144,8.997849665977455,0.509420739649639,16,Germany,Desktop
7714,17.40876708605103,13.324127761758419,0.4076672650339522,21,India,Mobile
7715,23.998597927110318,10.426428022687356,0.5779644761350564,9,India,Desktop
7716,14.038019944474966,11.223379221316952,0.38332380281917144,21,US,Desktop
7717,38.34640423410497,9.492741924189412,0.5393449734430575,0,UK,Mobile
7718,38.38313988529394,8.673028317843993,0.5365133276494216,0,India,Desktop
7719,31.639895057784116,4.958194420300067,0.5541533216090487,0,Germany,Mobile
7720,34.70893308714615,8.650516525530211,0.6020587123292588,9,India,Desktop
7721,43.392612675922216,12.348746485899476,0.5093294952864281,10,UK,Tablet
7722,30.264098020010906,6.337835177008946,0.5797963351865799,23,UK,Desktop
7723,37.568048505218556,2.1901062359882566,0.43735210294359805,19,US,Mobile
7724,16.890375704022453,13.29525081766517,0.5837129356920899,18,Japan,Desktop
7725,40.89451177150147,6.327878703388521,0.35556886628970724,11,US,Mobile
7726,39.1942899121422,13.329751292078065,0.45947669359272403,7,Germany,Mobile
7727,24.672497748023765,9.132033408283569,0.49947985103873677,23,Japan,Tablet
7728,42.022970045767806,8.591028566429323,0.5407208310108326,8,Germany,Mobile
7729,27.0970054700837,5.966765752174313,0.5800169861907578,14,India,Mobile
7730,42.051361646087614,10.400318927709824,0.4340013213955421,22,Japan,Mobile
7731,25.56217958352255,9.871315885756463,0.550783031497061,3,UK,Tablet
7732,29.023384130718558,13.016319662842118,0.42383542690200515,7,Germany,Desktop
7733,29.173372398570354,10.622505687792364,0.3427794956839455,0,India,Desktop
7734,31.25644207007299,4.765400761763134,0.5883748581981384,16,US,Desktop
7735,32.61785059481542,6.666338107130401,0.40404154589368624,17,UK,Mobile
7736,33.91298599863112,8.43098630079419,0.50889700752957,13,Japan,Tablet
7737,44.763492883592036,10.237197338761602,0.5163175631197869,4,UK,Mobile
7738,23.20332307681835,10.744538400428885,0.4432777803370302,2,India,Mobile
7739,22.474689217143155,13.688017375936406,0.40261099177057974,2,Germany,Mobile
7740,26.60125317645985,8.424166488897166,0.4205277281041853,0,Japan,Desktop
7741,22.202942443776493,7.45403490374324,0.7603527824479366,15,Germany,Desktop
7742,32.010429401104126,8.901912275845559,0.6265262251557956,20,UK,Desktop
7743,35.64395603590656,4.495901390099652,0.7720835635461152,17,India,Mobile
7744,24.243367997460894,7.085763484358963,0.587577242603586,17,US,Desktop
7745,26.728768178607787,7.719395694056663,0.47595567195359484,5,India,Desktop
7746,48.52324847714505,13.13940102203425,0.47378712086569413,0,Germany,Tablet
7747,18.965473875563163,9.252989211582918,0.6432016608846636,10,UK,Tablet
7748,35.003971868394025,14.981456250514453,0.250352500514742,3,India,Mobile
7749,33.36588797956086,13.909811929036614,0.5689652751953727,0,India,Desktop
7750,28.354358988063307,10.246571422415817,0.6260332158562443,17,Japan,Tablet
7751,31.169484460252722,11.620357719163074,0.47876195507870906,20,India,Desktop
7752,47.0710755215841,6.614144505268608,0.55048196402917,3,UK,Desktop
7753,18.388339630635336,10.60718433047129,0.5144432874844448,21,India,Mobile
7754,39.82790053238266,7.928472857753364,0.38767782791527206,17,India,Desktop
7755,21.475344368348658,12.53140290145824,0.644293761601771,17,UK,Desktop
7756,10.074071091857459,4.2672265678690735,0.44947945799260247,16,India,Tablet
7757,148.59160814403373,9.791543282817132,2.1677927150285625,18,Germany,Mobile
7758,22.689388323888828,11.281241676863072,0.37717470928623514,2,Japan,Mobile
7759,56.04170437437379,13.159522109393524,0.5381769164117458,21,Japan,Desktop
7760,42.35953218090621,4.114033064592885,0.6548113299774322,17,India,Tablet
7761,16.7539770906388,11.648185722473999,0.5520231072459364,6,India,Desktop
7762,21.166332069025962,8.6391148478987,0.6607505037098006,6,US,Tablet
7763,16.72562028627665,10.582393120547698,0.35298263249901324,23,Japan,Desktop
7764,42.03552169528143,10.506530497295522,0.47482327777844774,21,India,Mobile
7765,37.55225767258,7.981867139228322,0.4976553851580508,7,Germany,Desktop
7766,23.20937339771269,8.461922590422597,0.6848593443579379,0,Japan,Desktop
7767,34.210986618586475,11.203607322449658,0.39589056800849365,12,Germany,Mobile
7768,33.17999476248468,3.4390582164574415,0.5253222129539719,10,US,Tablet
7769,12.360860826187839,7.446636460886452,0.42120775262732724,23,Japan,Mobile
7770,39.83759084168321,10.32275830328961,0.4053400786179208,19,US,Mobile
7771,14.760523082563253,8.045143241008427,0.7347876795760562,7,Germany,Desktop
7772,28.69619077299551,6.623654255673644,0.3756575109599465,20,Germany,Mobile
7773,28.204888157794677,15.060512383179592,0.3842673735678406,23,Germany,Mobile
7774,29.935328539460482,9.362740406299716,0.4534257469171005,9,Germany,Tablet
7775,52.90042836944154,9.525536616468441,0.6174135345578594,20,UK,Desktop
7776,28.63091393444374,10.013558779308092,0.4388381218018728,3,Germany,Desktop
7777,26.89448311576251,11.216081252316897,0.6136886818493271,10,Japan,Tablet
7778,53.70457892677585,11.819433932133354,0.456198381819188,1,India,Desktop
7779,20.15612853690198,11.251286534687377,0.4316400058524572,16,Japan,Tablet
7780,39.72466325346993,10.794815749309773,0.31386240340932514,22,UK,Tablet
7781,27.77746814160988,11.792790981325188,0.6567715717722489,4,Germany,Desktop
7782,23.863189105297632,11.264994688160275,0.5797888051673847,5,Japan,Desktop
7783,28.733563986894644,11.382881744676684,0.5129496547074403,20,Germany,Desktop
7784,38.8978878026401,14.356176926381224,0.5822859451226233,7,Germany,Mobile
7785,28.34866053287084,13.198016752956697,0.5102189921732034,18,India,Tablet
7786,23.380946820547422,9.041064313694045,0.5534419993116831,10,Japan,Tablet
7787,14.398708632588058,7.701931341540206,0.5124811090248915,23,India,Mobile
7788,11.939919330620107,11.005783550221498,0.37705090454632256,17,India,Desktop
7789,42.494627529106644,9.765437894551384,0.41452371290557494,8,US,Mobile
7790,47.49351480535671,11.784434956394144,0.4339586510826349,21,US,Desktop
7791,31.80459373500681,10.301635705085975,0.3426546173140911,4,India,Desktop
7792,23.704303688351807,13.470995886125555,0.34066126968265154,21,UK,Tablet
7793,30.020579040294084,14.405829946114155,0.6027476876595873,23,Germany,Tablet
7794,34.72449394546912,10.485965819816933,0.37086675931528323,9,US,Tablet
7795,29.414925100010628,11.679149830319991,0.26327329004709343,13,India,Mobile
7796,19.422410750647057,11.143622336154028,0.5342786719234979,18,Japan,Mobile
7797,30.4428451542132,6.508028920734057,0.483852870465599,5,US,Tablet
7798,37.90850823917638,6.069575040160247,0.4057469546340782,16,Japan,Desktop
7799,17.740198324147265,6.512873189855763,0.5860684986822955,13,Germany,Mobile
7800,14.517964240087782,3.717510951823809,0.443284967632306,21,Germany,Mobile
7801,34.046587776701685,7.6888979165498075,0.5911231851406017,4,Japan,Tablet
7802,23.863317712952362,7.137699741335044,0.35057982523430054,1,UK,Tablet
7803,42.46943130492083,13.73738432215335,0.463033231964557,9,India,Mobile
7804,14.166697313136602,13.364091785778465,0.49490196653917623,23,UK,Tablet
7805,20.35602832575244,11.098613476964779,0.5857301644250659,6,UK,Tablet
7806,38.723176346436496,12.922797376975439,0.5008031245963185,22,India,Desktop
7807,27.46309466914235,4.244502430534472,0.7208383574350055,0,India,Desktop
7808,158.47096336037006,10.650319578387554,1.5092797278607895,2,Japan,Tablet
7809,36.16217845877199,11.83596047343269,0.3997355971683208,14,US,Desktop
7810,27.55421119949865,8.468634765176336,0.5744570572090505,13,US,Desktop
7811,13.75960239594335,14.13158640209733,0.6901446658549402,22,UK,Desktop
7812,31.450498725736036,11.798804468950417,0.4644203852931909,17,Japan,Mobile
7813,19.118985795197858,11.387680933998935,0.3833389138476394,11,UK,Desktop
7814,44.32160711040237,2.376330459972623,0.5199114878970761,15,UK,Mobile
7815,38.46710382463271,13.05031721156047,0.4306070447552197,11,UK,Mobile
7816,26.784440054380173,6.77872800642199,0.7310955738923892,0,India,Desktop
7817,38.476306312552666,7.182770896777872,0.5129847018804953,12,India,Mobile
7818,26.82421498459765,10.856889064519622,0.5399681845978885,23,Germany,Mobile
7819,35.83246826083819,12.564831655883625,0.4621521724393565,10,UK,Mobile
7820,14.165694691493474,10.039039488309966,0.5361436735496161,21,Germany,Mobile
7821,23.430806557685187,9.989626181260927,0.6001214299122819,11,Japan,Desktop
7822,31.10959140627962,11.395738583830665,0.5890197975941294,2,India,Mobile
7823,35.11705168270954,9.647962545149081,0.46894428460894844,20,US,Mobile
7824,23.547967207624513,5.169835977719655,0.35894851101552755,17,Japan,Tablet
7825,22.736418386777522,12.681767043140603,0.7602666681499457,20,Japan,Desktop
7826,10.098869218948753,14.133266504599625,0.6602509915633518,20,Japan,Tablet
7827,43.78188934629455,8.649095125708332,0.4705798021147699,6,India,Mobile
7828,30.25172538272822,11.578827191958712,0.32045233637950654,16,Germany,Tablet
7829,28.184872994604145,10.49485174095519,0.5616198107180563,16,India,Tablet
7830,33.97805100153947,9.382815184398737,0.7511081953465357,4,US,Mobile
7831,31.430777963625943,7.612011145472874,0.5326211548769406,19,US,Mobile
7832,26.811821053884763,10.445963924552542,0.4174049633119725,13,US,Desktop
7833,21.33347948896947,8.256626762592536,0.5412465988480457,3,India,Mobile
7834,21.53170173025186,5.5771490074306085,0.47969426549790833,11,India,Mobile
7835,40.100537689062904,3.980615731680121,0.5995579617763626,4,Germany,Mobile
7836,43.46907210947529,8.551693245370828,0.42684801911956033,3,Germany,Mobile
7837,320.20245430921,14.76843654876754,2.0300058816567823,23,UK,Desktop
7838,26.439445548365008,11.649566199995443,0.5381153341682607,9,India,Desktop
7839,38.89803925916195,16.25833335279691,0.46806748007069693,11,Germany,Desktop
7840,159.5314192059575,12.87399799442372,1.5163532355220022,4,Germany,Desktop
7841,30.794546532815918,16.08774766491726,0.4391636369825614,11,UK,Desktop
7842,31.708671723340238,13.238316380888559,0.43363536386354795,6,Germany,Mobile
7843,74.28525800391405,11.903886999097493,2.06255851274155,0,US,Desktop
7844,23.33951537332601,6.528126516748096,0.4474004788910735,10,Germany,Tablet
7845,39.21132664584606,13.311912983525744,0.39483332613939404,13,Japan,Tablet
7846,14.329220988143645,11.519448303236384,0.3749924838452237,6,India,Mobile
7847,42.889112547708265,7.598561359167108,0.6712103418720632,22,Japan,Tablet
7848,30.377320754734775,11.572331538918908,0.39687925471657476,5,Japan,Mobile
7849,22.18441439531275,9.915441580123554,0.4690710547391259,15,US,Mobile
7850,23.5203103583197,7.040050894974076,0.41332202035352356,14,India,Tablet
7851,42.2032726123068,7.45857990598862,0.6106956186198006,1,Germany,Mobile
7852,27.370831452629382,11.572878500612422,0.6117176946691694,2,US,Mobile
7853,23.85987229976657,10.189676541872833,0.5366643829595853,21,Japan,Desktop
7854,32.69494445265873,9.027886219168995,0.4123750327169158,15,UK,Tablet
7855,32.259258793368794,11.253871156089481,0.5850430664316535,18,Germany,Desktop
7856,28.831740850445897,8.679507750204502,0.628201966555174,9,UK,Mobile
7857,49.59031092646488,7.58492120203078,0.4480897157566155,13,Germany,Tablet
7858,17.855462833472416,11.001500597361163,0.4596273853823277,19,Germany,Tablet
7859,25.337377625790754,8.676830471804385,0.4721321095692657,4,Japan,Mobile
7860,18.663903791136498,13.185154275887442,0.5575066172847796,20,US,Desktop
7861,29.44959229479336,15.809812408262353,0.4692701167539146,0,US,Mobile
7862,38.504090548417594,11.976273198441426,0.4477227696404392,18,UK,Desktop
7863,46.55543433002137,7.449957655491049,0.5921703681374456,6,India,Desktop
7864,53.16007366331294,6.597224431466908,0.6205359074389669,12,Germany,Desktop
7865,30.313941057567753,10.344333110522399,0.5622345425957918,14,US,Desktop
7866,26.008304692017028,9.954939282007071,0.5102570803791435,21,UK,Desktop
7867,28.888377941630786,11.035193837540616,0.42374014242605407,7,US,Mobile
7868,21.00304797768454,8.323934713575138,0.6558260124122101,0,Germany,Mobile
7869,25.978657993433018,9.698061408665186,0.4821840619362044,12,UK,Mobile
7870,27.87201546825103,5.6571286471487765,0.43649244425365524,17,Japan,Tablet
7871,231.99305497166563,13.778620365152427,2.5705359388384483,22,UK,Mobile
7872,29.313491635201093,9.426918279900866,0.387618455831992,16,Germany,Tablet
7873,29.429625738088223,7.137128381350346,0.5499900008101999,7,UK,Desktop
7874,70.03079080831111,8.168477566157613,1.4106564012917255,14,Germany,Tablet
7875,32.1277386097997,10.460174722479847,0.43330167636256794,12,UK,Tablet
7876,43.348397003372185,9.12090702649364,0.5474526162200453,20,Japan,Mobile
7877,44.720255685733015,9.653568092914641,0.4325018281062244,7,Germany,Tablet
7878,22.139199362573304,7.969208108920305,0.4399043998360385,4,India,Tablet
7879,5.373278193337427,11.81816099037082,0.45098979681570917,12,Japan,Mobile
7880,28.879113064451282,14.728741355440357,0.3417979045374402,18,UK,Mobile
7881,45.80818784632614,15.955137545126451,0.4723372235342775,23,Japan,Desktop
7882,26.30216479415862,1.7916970847201696,0.4831188158855492,4,US,Desktop
7883,29.99018800498959,14.097256309551561,0.3981711551230074,11,US,Mobile
7884,24.405301545410932,10.153461564227925,0.35574007550724485,19,Japan,Mobile
7885,27.60587834797674,14.404780249133418,0.4467346291300297,1,India,Mobile
7886,21.59945669321236,7.2533225659175,0.6441988016676705,11,Germany,Tablet
7887,45.74999099032556,17.224094334835364,0.39744456450368965,3,Japan,Tablet
7888,28.270901184506588,13.633272270469977,0.49657538949804003,2,Germany,Tablet
7889,28.40521005760095,8.368039416210822,0.5908415310050843,11,UK,Mobile
7890,26.50203717395174,9.319387613867528,0.4574195695454085,16,Germany,Tablet
7891,20.374348429529622,14.137359895829828,0.49362543696470823,16,Germany,Desktop
7892,21.480860295079342,12.604729232313648,0.4936234760452749,21,Japan,Desktop
7893,38.82238342307214,11.33513895160284,0.5488557403309733,3,India,Mobile
7894,27.676407740691896,8.384226133120094,0.6468330493617349,12,Japan,Mobile
7895,22.371790770334087,8.980192842609858,0.47024504398648515,22,India,Mobile
7896,35.0264418786107,15.113135065446567,0.4880685640270975,17,India,Tablet
7897,16.12903590282127,17.0843692041257,0.44374184357448226,23,UK,Mobile
7898,38.052806212730076,13.709978356891835,0.4147193123642598,19,India,Tablet
7899,30.12292514125803,10.492799892658681,0.6212097119200133,2,India,Mobile
7900,13.433024785777725,7.13444991888382,0.5004117917986755,20,Germany,Desktop
7901,18.014814751818168,5.202005409880272,0.5805972817632086,23,Germany,Mobile
7902,26.626213008697256,19.080807015028647,0.4947544814435571,14,India,Tablet
7903,23.652135850848403,5.182092733643934,0.3845072542382635,8,Germany,Desktop
7904,219.81498106659234,10.34887497355956,1.2192957422704274,15,US,Mobile
7905,33.572074035855806,9.46744033865814,0.5941296091473303,6,UK,Tablet
7906,44.614915514499145,5.9045132243899054,0.3972195154096265,11,US,Tablet
7907,32.94628019345454,9.852658995243056,0.574307249745204,11,UK,Mobile
7908,27.342563862530138,10.201731248499824,0.42825870825465673,2,UK,Tablet
7909,21.515738593048727,6.2018885869284865,0.6096886872560523,7,Japan,Desktop
7910,13.881387271633187,9.208404297395711,0.4515375893929826,2,Japan,Desktop
7911,42.94513693855048,5.378716093904449,0.6609236096655124,21,India,Tablet
7912,20.636602996633208,10.654848686768815,0.5168576361086491,11,US,Mobile
7913,25.652339804357382,11.495346633408111,0.32589407679694427,4,UK,Mobile
7914,40.48221941821089,12.864622796768073,0.528578435729468,16,UK,Tablet
7915,22.501070941515472,3.256029031749172,0.46539245554636893,6,India,Desktop
7916,33.14982061372376,7.448389118746411,0.561438840583263,2,Germany,Tablet
7917,29.386704161904426,10.675632788753834,0.490087330263273,10,UK,Tablet
7918,28.665004493298042,7.175105167042934,0.6000095583741821,15,India,Tablet
7919,37.29566762252448,10.46102455894986,0.6035539268534948,14,Japan,Desktop
7920,28.18612055660274,11.312302888037108,0.37389641448815103,8,Japan,Mobile
7921,51.54462522691591,8.176986887585096,0.5150794084956781,12,India,Tablet
7922,40.61282470020009,9.717864290341979,0.4722727637448258,14,Germany,Mobile
7923,32.99452612850187,9.292166001365056,0.39175131725228196,2,Germany,Mobile
7924,36.145553456710516,12.883124989144584,0.5861019981764254,21,UK,Tablet
7925,43.72773716900637,9.539606932045562,0.5568622664806074,20,Germany,Tablet
7926,18.802104481017707,8.629861117130071,0.5676040428798222,14,UK,Tablet
7927,51.1055539602074,10.092554364766393,0.380860493227528,16,Japan,Mobile
7928,32.845419131739334,16.419594577307684,0.453953798540465,2,Japan,Tablet
7929,41.39710165872086,9.993171624099574,0.6017444582091345,4,US,Tablet
7930,22.260780070352205,11.267699056745512,0.5212763619600844,4,Germany,Tablet
7931,40.544235825234395,5.329974439529646,0.4134642177248121,18,Japan,Mobile
7932,30.006111095521458,6.551189628606267,0.2523499669125653,23,US,Tablet
7933,43.57906206305615,14.274629973299936,0.5008188972917056,19,Japan,Mobile
7934,13.520527847592728,8.325559324176844,0.5627691620101367,20,India,Mobile
7935,52.93739884027489,12.298854840366289,0.3936993357424078,14,India,Mobile
7936,31.141294311257443,8.265621070821172,0.5302144006738804,14,UK,Mobile
7937,31.146503077626242,15.118718770081372,0.5688352421789227,18,US,Mobile
7938,16.97982536379266,9.638503749145695,0.6305220519870989,2,Germany,Tablet
7939,97.90874095001804,13.791450879440234,1.506063289489717,21,US,Desktop
7940,20.85597632019945,4.566359920256266,0.3779490559328023,3,Japan,Desktop
7941,29.431969162613964,7.679094541220046,0.39752329045894486,15,UK,Desktop
7942,19.144372051285053,10.628395183231188,0.5909656309625013,13,Germany,Mobile
7943,40.33005125331899,12.246618455444048,0.3017161028827682,3,US,Tablet
7944,13.075134019941007,1.5034492327656412,0.634004452935004,7,India,Mobile
7945,41.473903985260634,10.92541771528512,0.5998122827904971,18,Japan,Mobile
7946,35.98266940601604,9.838574364961518,0.5301288512088849,10,India,Desktop
7947,30.191747405660244,2.5203381781729215,0.43405354234534016,13,UK,Tablet
7948,183.8052979659336,11.299485262847167,2.506057241615502,4,Germany,Tablet
7949,17.717479784701776,5.018361083793143,0.5379840038977685,3,Germany,Desktop
7950,44.51888696278873,8.29150887575862,0.6798227457289863,0,India,Desktop
7951,35.28781989133388,13.328710810611305,0.5928750454323201,22,US,Tablet
7952,32.81077089305637,3.3149992186239343,0.34719438543911574,6,Germany,Desktop
7953,36.53339978160344,10.520099514240044,0.3251309621113091,14,US,Tablet
7954,28.88923153840219,9.928811353696217,0.559829032984892,22,Germany,Tablet
7955,28.145765435795994,9.118016712571631,0.5558130613664305,13,Japan,Mobile
7956,33.67572384600805,9.555695859214524,0.4480656118605184,23,UK,Mobile
7957,19.631695655086887,7.143757985988307,0.5273581861352838,18,UK,Desktop
7958,29.00606527930669,7.0155700297309895,0.38515030097055836,4,US,Mobile
7959,39.037107482603986,9.056041661919421,0.3733824645488029,15,US,Mobile
7960,33.62474658118949,9.30920040433228,0.5790672250028569,10,UK,Desktop
7961,27.700156907344642,15.168923552573036,0.43028404029508227,6,India,Tablet
7962,41.47435452602903,12.244290610503326,0.45641860105131027,15,US,Desktop
7963,26.589620331444607,17.14451742103485,0.4641309474591774,0,Japan,Mobile
7964,36.850857365376974,13.441471786853516,0.4626085206790775,4,US,Desktop
7965,30.153544588445115,11.699016827656589,0.7970375458538566,22,US,Mobile
7966,25.471747173379704,11.666940902769449,0.6246644635456708,15,UK,Mobile
7967,38.09456390546591,8.80141266797913,0.41000052686309446,4,India,Tablet
7968,33.072905520094054,10.068281979667713,0.6596279663241021,12,India,Mobile
7969,23.503229570914588,7.096700835549581,0.4889124359538706,14,UK,Desktop
7970,31.90164616097884,6.256427162996943,0.27992249181654166,13,US,Desktop
7971,32.80627388887812,8.441884316771237,0.3362933516027168,14,India,Tablet
7972,29.10990580880644,9.459875741751922,0.43952589351021515,14,India,Tablet
7973,40.440762126945614,8.655132313349604,0.364667125611163,4,Japan,Desktop
7974,18.900865868484587,11.11689613744971,0.498447657080544,4,UK,Desktop
7975,37.9003766250776,3.6610430956472895,0.6258660632935275,3,UK,Mobile
7976,35.38331203142495,6.893773998597012,0.632995404305508,0,US,Desktop
7977,22.349058898381706,6.194612550544067,0.43225748799057767,6,Japan,Tablet
7978,37.86685698317841,14.23350182704336,0.2809872443505969,14,US,Mobile
7979,30.30930262534685,11.788914752632945,0.4756809140552013,11,US,Desktop
7980,28.549123753093372,7.089960616249707,0.6072496929941267,2,UK,Tablet
7981,24.452550025552135,11.992223217934807,0.46402034808755954,14,UK,Mobile
7982,30.173719043288095,6.8685038710079285,0.49780060120004127,5,US,Tablet
7983,24.84220239566638,8.00294378026985,0.43893726936017774,14,US,Tablet
7984,38.192165966006485,11.166760981133642,0.5890121857787147,17,UK,Mobile
7985,18.929314652756048,11.161576619073937,0.41913323920089396,9,Germany,Tablet
7986,12.148877745084008,11.108593128027346,0.5039380126214826,9,Japan,Mobile
7987,4.507931043514617,12.200341243850913,0.6287047183200589,14,Japan,Desktop
7988,32.139435765552356,9.857195516041333,0.5916883390951455,16,India,Tablet
7989,27.52169620206878,5.775056611494316,0.34239141725620204,2,Germany,Desktop
7990,14.704574817105634,12.030428384791698,0.455412448017574,22,UK,Desktop
7991,36.99294809327061,13.230362164436695,0.5516645040941316,20,Japan,Desktop
7992,24.743787888343185,8.236937894802393,0.308248482760116,8,Japan,Mobile
7993,15.579469439425388,8.538292334143204,0.5514057354040505,4,India,Mobile
7994,35.801330386383604,10.794372430183278,0.46421625138915396,7,Japan,Tablet
7995,32.291519228355774,6.421415390137777,0.4747752054877639,20,India,Mobile
7996,34.73326333207746,10.823145709934938,0.4779254676626594,7,UK,Desktop
7997,36.5472928903675,8.162141878074014,0.2587723363790485,13,UK,Desktop
7998,38.35542705425675,13.990115006767553,0.3618928422778501,17,US,Mobile
7999,41.65398772655628,11.03256662260534,0.43550319068827964,5,India,Desktop
8000,34.75501522557403,8.36455855466146,0.4047678735188182,21,Japan,Mobile
8001,45.664004567588705,6.325146074198049,0.3714355942940126,18,Germany,Tablet
8002,26.01113482393577,11.042078085937078,0.6453719563846878,6,India,Mobile
8003,103.3315674095312,10.713928055692522,1.553661590552237,11,India,Tablet
8004,43.60623025851884,9.531667100410097,0.5203612195616545,6,Germany,Tablet
8005,38.21764214617807,9.706871302114466,0.4748461712754235,17,India,Desktop
8006,46.21529307590973,11.640930333051584,0.3362912496954149,10,US,Desktop
8007,12.817611683049122,13.778834610895005,0.34216051547553006,2,US,Desktop
8008,27.384854182909905,14.698046491402849,0.4295694056703291,4,UK,Tablet
8009,37.462170361859314,10.697695055416204,0.3209602739746908,20,US,Mobile
8010,38.898096720362204,10.928187301693159,0.5827034636213511,11,Japan,Mobile
8011,25.930237500854005,9.9088469181605,0.6104772021310682,15,US,Tablet
8012,30.72963726229183,14.655251566226525,0.5670871097985081,13,US,Tablet
8013,16.166012003241008,15.165296726285181,0.3963755070813672,23,Germany,Desktop
8014,22.509325382112973,13.390077374811804,0.4727038251759783,17,India,Mobile
8015,21.856981108528657,7.717259641943855,0.44644645161231095,22,US,Mobile
8016,20.144704635892378,11.476622426877052,0.5008367892604224,10,India,Tablet
8017,18.137971358121543,12.608170976093115,0.6186645685743072,3,India,Tablet
8018,16.331413355931826,8.699191248043057,0.46135420658081294,5,India,Desktop
8019,18.972923595050105,6.479685797770519,0.4259374721045025,0,Japan,Desktop
8020,20.990436624675183,9.76262079481618,0.44730667796611756,17,US,Desktop
8021,33.55530029937808,8.750356872292471,0.43884385045631025,7,Germany,Tablet
8022,37.209616956250585,10.893303210110345,0.5670691657736749,0,Germany,Desktop
8023,5.2350644166628015,11.819450941326942,0.574933226554737,20,UK,Mobile
8024,29.4259219291764,4.357168441284953,0.5060920491469418,10,US,Tablet
8025,41.46775925026328,11.412270329741393,0.4391270175234804,20,Germany,Desktop
8026,43.16573529752531,8.509316281643878,0.4906509883194581,10,UK,Tablet
8027,43.98178964151438,11.273780691398107,0.3751501001886224,16,UK,Mobile
8028,39.48071940925992,12.140006574171647,0.3922986677207651,21,US,Desktop
8029,28.218363441909688,8.181293421199687,0.4591061389192549,20,Japan,Mobile
8030,24.77784461325939,4.653180593381673,0.4316284766067926,21,US,Tablet
8031,36.11313637928344,8.982177716447412,0.6802984195146538,2,India,Mobile
8032,25.420611588196053,8.34540122722043,0.5513675384057901,15,India,Desktop
8033,33.940504213956814,10.098228627277722,0.5110659892937459,20,Japan,Desktop
8034,18.99033192238354,12.352728555439107,0.44485336499905304,14,US,Mobile
8035,14.718419939392122,5.797918661856523,0.5605370576777079,20,US,Tablet
8036,41.46390360926108,9.403993610060205,0.4994269697630486,18,India,Tablet
8037,26.116890040276,11.293735964484254,0.5804074946432134,4,India,Mobile
8038,20.24662794309896,6.607901279966006,0.5098957972034597,21,US,Tablet
8039,32.44531370817425,6.2146983464211765,0.4647160209222001,5,India,Desktop
8040,31.671655599937704,3.8475015601642237,0.48629801922466254,13,US,Mobile
8041,22.04239160341241,10.889705330593959,0.49474736298113176,18,US,Mobile
8042,35.45781663590824,13.9598659771702,0.35689331693581383,4,US,Mobile
8043,33.157524725764,8.591756014424792,0.5405543550222308,10,India,Tablet
8044,31.988272133407147,7.3100932981632765,0.47521410394387953,6,Japan,Desktop
8045,32.481631539595845,8.501722633547837,0.4572162331888518,12,UK,Desktop
8046,214.69243066921496,11.005806462218805,1.8296865863078775,19,Japan,Tablet
8047,24.41338285752058,12.971625082741477,0.5892290726372116,1,India,Desktop
8048,31.783438098649683,7.001574241573891,0.49784387553236237,15,Germany,Desktop
8049,23.352692319256718,10.892008308745426,0.5026130583760032,11,Japan,Desktop
8050,13.073459912652886,13.173842605714942,0.49182830333999106,2,UK,Mobile
8051,46.49297124408005,12.92439004591645,0.35297795800100557,11,UK,Desktop
8052,37.0237757998388,6.645421924333652,0.5469264321541116,0,UK,Desktop
8053,32.10144505939262,12.35960186946557,0.40064498317148917,18,Germany,Desktop
8054,25.240339042662043,8.280914716335467,0.46954137759743875,18,India,Tablet
8055,37.23237059891847,8.215907886714023,0.417140895589601,2,Japan,Mobile
8056,26.82701484499681,8.40063714039885,0.4089488377307573,20,UK,Desktop
8057,22.322110744633783,9.05697175385167,0.6482528226204953,14,UK,Tablet
8058,28.08007643261904,9.717373449196947,0.3821730645397734,16,Japan,Desktop
8059,25.726164118219224,10.884555845591722,0.4884793336181081,2,Germany,Desktop
8060,77.16088282017162,12.477248821670223,2.0009597567087996,12,Japan,Tablet
8061,34.42205419703917,12.652610079182104,0.4939694622064255,0,Germany,Mobile
8062,53.41805146510118,9.367830535631121,0.45540586154532564,21,US,Tablet
8063,24.8248349105258,14.901050297170636,0.5983436974114227,23,India,Tablet
8064,22.621234063437946,9.482384251671728,0.6162896163238791,8,Japan,Mobile
8065,37.755858246371176,11.953803258716935,0.756456604407617,3,Japan,Desktop
8066,26.610229239436656,12.016090449702494,0.5197606837903875,9,UK,Desktop
8067,35.88905356083458,9.442038866827106,0.6048079179791725,22,Japan,Tablet
8068,152.96009636708408,15.885040200052499,1.9926247713634846,6,Germany,Desktop
8069,32.77454642180694,6.852153649835457,0.5808820686195055,11,Germany,Tablet
8070,39.941831615332205,9.10927405250107,0.3695780343142018,12,Germany,Desktop
8071,41.81254650301144,7.966184017382654,0.5548131860657142,11,Japan,Tablet
8072,43.422057008009,12.92433415019512,0.3758202246766102,12,India,Mobile
8073,45.32158037207177,13.09145588060598,0.3909104675174358,3,US,Mobile
8074,34.3314271779156,8.125538895444674,0.673813849134318,23,India,Tablet
8075,29.680161960645172,11.45630237552621,0.5326744028805506,11,UK,Mobile
8076,29.39196752016487,12.043880630816195,0.4727001916897881,12,Germany,Desktop
8077,29.349944425298343,13.34209980092398,0.5182846684908916,7,India,Mobile
8078,47.57639134114528,9.048251793175996,0.4804722735157912,14,US,Tablet
8079,28.041043664353737,11.199845949815616,0.36979757117965434,17,Germany,Mobile
8080,35.556837642802996,4.10247488985336,0.32353040978088166,22,US,Desktop
8081,20.00747592826034,9.567288936886836,0.23808600390016504,19,Japan,Mobile
8082,28.192874344984443,7.5073121216222445,0.40257959749032446,1,Japan,Tablet
8083,24.99440328383772,11.289762510171123,0.4631568507497849,21,India,Mobile
8084,31.71578231993988,13.587824880114969,0.45112328677344,6,Japan,Tablet
8085,158.29621596102496,13.949611884571587,1.3668015975294834,13,India,Mobile
8086,34.604952881812025,6.110743172592974,0.4563829517166995,6,US,Mobile
8087,37.8976351877708,8.05312000737699,0.426957522823051,1,Japan,Desktop
8088,43.79447338940672,5.663679715827586,0.38231406502998727,14,Japan,Desktop
8089,35.603730458873464,15.161781343232432,0.4752638032372155,5,UK,Mobile
8090,41.93250861666549,15.723030910278267,0.4271491714907507,6,India,Tablet
8091,28.17825446094323,16.342395565681482,0.5065671038469535,10,India,Tablet
8092,32.612175432555404,5.762738714657664,0.4113952203745845,23,Germany,Tablet
8093,29.949378527575035,10.50544222787316,0.5081254605931305,16,Japan,Tablet
8094,30.294475015308027,12.972468461187278,0.5286058186907415,21,India,Mobile
8095,49.946983070722936,11.628961059020579,0.4481245191718248,14,India,Mobile
8096,21.326365662773924,10.565977154252005,0.3071252722128908,1,Japan,Mobile
8097,37.42764720280518,3.72771324304456,0.5148520099638514,20,UK,Desktop
8098,32.19149184145139,14.05303278670864,0.40807413841964607,16,US,Mobile
8099,22.662246973445548,7.712464870626583,0.5867858629815249,15,India,Tablet
8100,36.301276135036574,9.327831461130007,0.439678909471498,0,UK,Mobile
8101,23.15608865408636,7.453688229111194,0.5476118565389239,12,Germany,Desktop
8102,22.03648594981965,11.512939257391652,0.6583508570293971,17,Japan,Tablet
8103,17.489019315516583,13.018539286535958,0.5964397448272688,2,India,Mobile
8104,19.43887823465277,6.943004568353234,0.4813010622546412,10,Japan,Mobile
8105,209.29405548816902,13.184285554240438,3.1554642677791374,18,UK,Desktop
8106,38.65383564518545,6.222725369324682,0.5216646498226818,19,India,Tablet
8107,34.70328735102387,8.608496022521345,0.3780828788894427,11,Japan,Mobile
8108,26.281032967453573,14.423932025149075,0.45060134256214157,0,India,Desktop
8109,81.57880638801309,9.190049131360645,1.2809338792715386,15,India,Tablet
8110,27.02398703596007,9.853347675912351,0.5836798358772138,9,India,Tablet
8111,40.873559870251356,9.917822186692284,0.47588835880130265,17,UK,Tablet
8112,29.017244801317247,10.296039142782702,0.5066901211034999,2,Germany,Tablet
8113,29.563347009824863,6.116678875969512,0.5242624768468134,17,UK,Desktop
8114,22.79429475020372,12.573291389787554,0.3014982519587569,11,UK,Mobile
8115,95.8167996495998,9.802360562129508,2.1740138294736777,1,US,Tablet
8116,15.46164476984983,13.873115439271569,0.3775978032564755,17,US,Mobile
8117,36.46494735963505,14.577291404047665,0.3464323376108085,10,Japan,Tablet
8118,249.1117555814484,10.145592897411266,2.069770216107831,18,Japan,Mobile
8119,52.966992826085274,5.6550489122892795,0.5524024282349397,2,India,Mobile
8120,32.43820609405175,9.387494255737161,0.5424274143841286,11,UK,Tablet
8121,38.10693773106439,8.748861807963676,0.5512634422243493,14,India,Tablet
8122,33.90317046395635,12.087216275279173,0.4998508182965129,4,Japan,Tablet
8123,41.56663185117272,12.504207624565115,0.5663389249647527,15,India,Tablet
8124,30.204255334037647,14.141447411920243,0.7663371221399844,10,Germany,Desktop
8125,25.63935102695909,11.740712918220796,0.6453434899455717,0,Germany,Desktop
8126,18.044734046034556,13.967351567680208,0.5627215744664981,12,US,Mobile
8127,28.592789160651563,13.313166854787712,0.535308871210619,2,UK,Mobile
8128,35.57553937712183,10.249848942024787,0.37794621963440694,3,Japan,Tablet
8129,22.927881512761893,6.358253689400881,0.44110909096790063,2,US,Desktop
8130,24.895326982820414,11.860130707795635,0.5291768558601821,16,UK,Mobile
8131,49.58263701812846,9.661238050699495,0.6086315399753139,19,Germany,Desktop
8132,27.7011558844316,13.509120336649929,0.5435122514790149,14,Japan,Desktop
8133,40.38372270041121,8.243822796916914,0.5826480214180018,14,India,Mobile
8134,31.748331679955854,9.629432381102188,0.48067825766887645,5,India,Desktop
8135,39.86307892204595,11.509192654484625,0.6751007568473346,23,India,Mobile
8136,22.408467511078392,11.048107819365354,0.5004900682594438,2,India,Tablet
8137,57.57935296840502,9.602366919026508,0.47225184239934254,12,Japan,Mobile
8138,51.54270075931659,7.696968093398106,0.6922824234186191,0,UK,Desktop
8139,32.14990198661617,9.264444181109225,0.6687485991049312,11,UK,Mobile
8140,37.0834647249421,7.167453867211258,0.6002703628432263,8,UK,Mobile
8141,31.795182297257504,0.21521369723532047,0.45504691829642485,20,US,Tablet
8142,37.36482568105568,11.353326954183562,0.42104275984541484,13,US,Tablet
8143,30.623738127965453,11.723378150175579,0.5132081080085457,1,Germany,Desktop
8144,9.46720182747276,13.37390030319602,0.645424284535143,21,US,Tablet
8145,22.098923388341394,13.899279869792803,0.34768981959533807,22,India,Desktop
8146,45.77034353680958,6.657966863184761,0.5557302407792802,17,India,Tablet
8147,32.584111021815566,12.240038276714985,0.440438228984057,23,Germany,Desktop
8148,26.509202716968765,10.585233623458603,0.5658205818320153,17,US,Tablet
8149,35.75430686547356,10.929464527509772,0.21747494521026878,1,Japan,Mobile
8150,32.714789140932815,7.059447235848059,0.40769203873348786,17,UK,Tablet
8151,32.35332491452271,14.011790017486703,0.6709132639989117,9,UK,Tablet
8152,40.19203257158212,11.357643157093039,0.5686495761897934,12,US,Mobile
8153,29.863223229584733,9.102582167825824,0.5784265682940543,23,UK,Desktop
8154,41.76960863658,8.358573801934105,0.6129281791100032,8,Germany,Mobile
8155,7.918206392398567,18.60960145199457,0.4276275582854622,4,India,Desktop
8156,24.682940527841442,10.63618793674622,0.3229753028620175,15,US,Mobile
8157,47.65006846144999,14.49388722360042,0.2882006181766291,23,Germany,Mobile
8158,43.27827255282217,9.038233583897714,0.41269279487961236,6,Germany,Desktop
8159,29.606424675408878,6.009032994604453,0.4880085642292142,13,Germany,Desktop
8160,19.782943542757558,11.58515810627438,0.6256730031541322,4,Japan,Desktop
8161,26.306033807682006,11.591567461026594,0.6793583544223972,16,India,Mobile
8162,32.23272008558831,17.56142830429114,0.6523931598029578,6,Germany,Mobile
8163,31.50150906163203,9.130408320561683,0.43969689122122424,14,US,Tablet
8164,30.795782653257564,12.631870343649194,0.3101524041132967,12,India,Desktop
8165,21.485877921213046,12.75706803593241,0.5116255760975768,16,Germany,Mobile
8166,31.00029490074783,6.131410929264849,0.668826126659988,23,Japan,Desktop
8167,45.932937754014176,11.837896276751152,0.5376223448342925,21,Germany,Mobile
8168,119.54799217166487,11.654023646558755,1.2725453786239125,2,UK,Mobile
8169,132.1163007299313,14.28102591566999,2.3313815504896223,21,UK,Mobile
8170,22.026852986632008,5.57758830839628,0.5284573118208187,8,India,Desktop
8171,33.69298595956708,10.627561922001872,0.4937282255564095,20,India,Mobile
8172,27.351928457310887,9.443544051022714,0.6168333039855785,14,Germany,Mobile
8173,25.098114632676733,6.366074234393669,0.5019411008695742,14,Japan,Tablet
8174,47.595852115285396,13.484146782284537,0.5755228819648776,18,Japan,Mobile
8175,23.821705630835588,7.446969353474577,0.523374700894165,8,US,Tablet
8176,32.26129351551234,13.043463616343196,0.7657924122839925,14,UK,Desktop
8177,11.72174316696502,5.499035872217329,0.5219720228788198,23,US,Desktop
8178,34.71021843316994,7.101228194353272,0.4588489054050463,4,US,Tablet
8179,42.70662608635051,11.502173620531238,0.34310996506492253,16,Germany,Tablet
8180,29.01299532552451,10.293101029652549,0.4870691500887047,0,Japan,Tablet
8181,27.551979588616078,4.3055058419965455,0.5963093434366166,19,UK,Tablet
8182,34.50792634121162,13.5965200701756,0.4699375509739692,10,US,Tablet
8183,19.738260482384618,4.433651888171384,0.6047364711723975,14,Japan,Tablet
8184,34.74870513935775,9.988475613392087,0.5343788659715256,21,US,Tablet
8185,13.252325775127446,15.160772177340611,0.33198199876427104,9,India,Tablet
8186,13.17809314836353,1.6571399167702037,0.6517639977841181,4,US,Desktop
8187,27.335671354230946,12.785723028493521,0.6536291397361096,20,UK,Desktop
8188,20.84747541487501,7.287876707500801,0.5288768206819672,3,UK,Mobile
8189,18.23584072755203,9.501732992486762,0.583172903892376,23,Japan,Tablet
8190,39.42447165151075,13.034380812540366,0.3523692999270972,19,Germany,Desktop
8191,37.03592164113974,12.67943245859694,0.6800214951052174,17,US,Desktop
8192,20.624611217107756,10.8880498640158,0.35010640932588954,14,India,Tablet
8193,37.627102193731474,12.405830566335897,0.5308088551010852,12,US,Mobile
8194,35.829783890002865,9.629246279286045,0.47496338586057263,8,Japan,Tablet
8195,61.102710749391136,12.307288907719306,0.4603563668945244,18,India,Mobile
8196,190.35904122216573,4.632676959883744,1.1526725832038995,6,UK,Tablet
8197,29.27550027768334,7.21949163187178,0.5634484530796623,2,US,Mobile
8198,23.271346755066745,6.494277868652595,0.711591805914983,16,Germany,Tablet
8199,37.04026807067462,8.915216101838526,0.44565221371368646,4,India,Desktop
8200,36.76553393880341,6.45180674909336,0.4954222772194613,22,US,Mobile
8201,42.5064914830147,1.9585577059442834,0.5135485566688531,4,UK,Desktop
8202,40.487068356880116,12.591047340746428,0.4942606724872247,3,Germany,Mobile
8203,25.150667978153088,9.718330233659067,0.5278324718122458,21,Germany,Mobile
8204,35.97896967032869,12.23117905669151,0.5532298819644074,8,US,Mobile
8205,15.954766310921165,12.013772969926993,0.5295664731705785,14,US,Desktop
8206,29.9136723441545,13.948596844837912,0.633111629507036,22,US,Tablet
8207,14.515592118368863,14.852618184226657,0.5721067738398569,7,Japan,Desktop
8208,17.219954258752654,10.915068172000252,0.40926613682815927,4,India,Tablet
8209,18.593364895927337,6.0024340724239424,0.5293421808159023,8,Japan,Mobile
8210,31.72096172209548,9.278741829981215,0.5437500358669372,22,India,Desktop
8211,20.963534694180478,6.184068568825005,0.7481068786127971,13,India,Mobile
8212,47.251994195892586,11.322591996885974,0.44397646070876196,5,Germany,Tablet
8213,31.448186434780617,4.967315818475237,0.4881142149466253,0,US,Desktop
8214,43.671558275449655,5.188618267952313,0.6929177356866455,0,US,Mobile
8215,31.248887954918036,7.9645905122259695,0.5290521191239773,17,India,Tablet
8216,28.46684038455687,5.887931402729675,0.384731441126971,20,UK,Tablet
8217,18.017227733197927,5.588877632905994,0.47728296467694775,6,US,Desktop
8218,31.596227011142357,7.775420546054694,0.46538203421336144,12,US,Tablet
8219,36.32959766177734,10.023688474707958,0.47675885830306464,19,UK,Tablet
8220,22.173109088665747,9.651380432970445,0.586102982516495,12,Germany,Mobile
8221,22.944388151655964,12.078422746359765,0.3176075893646473,15,Japan,Mobile
8222,34.15717316262692,9.753124351546457,0.5557774253419823,12,UK,Mobile
8223,25.15570499389791,8.790687717356612,0.35048134487539306,23,US,Mobile
8224,16.693886358397144,9.461449717418521,0.40912636826027093,21,US,Mobile
8225,122.07020523492614,13.146002315520214,1.595044328757726,1,US,Desktop
8226,27.403008654803195,8.731852974230534,0.4683570517926753,20,Japan,Desktop
8227,35.715241825443556,9.758050159845876,0.38956702743959526,7,UK,Mobile
8228,21.26738288204877,0.7580097298686397,0.44691829744698075,0,Japan,Desktop
8229,33.83431129285965,8.315751429804811,0.5688988143483129,17,UK,Tablet
8230,20.44609039483261,12.845908090807214,0.4364774649508042,7,UK,Mobile
8231,36.850891908017104,6.679910178848104,0.4181691897246381,0,Germany,Mobile
8232,26.62480914493539,8.245865624568738,0.49928641842532884,3,Japan,Tablet
8233,28.21139266916648,13.291044133999147,0.36481008038716356,21,US,Mobile
8234,20.811839943031607,4.577109069792443,0.5274548629443527,19,Japan,Tablet
8235,16.357670618956426,16.936013293202656,0.42043127117943024,23,Germany,Desktop
8236,34.38118262776252,13.006406494018599,0.5502059893807835,23,US,Tablet
8237,29.044030758660778,12.354205303369698,0.5511180625053519,7,Germany,Tablet
8238,24.793593826607996,9.904827233637471,0.3280254827828736,7,Germany,Mobile
8239,34.0737639932652,8.48218770311894,0.4936948107475284,19,Germany,Mobile
8240,28.353426647308847,6.0385393042583235,0.573016748782867,19,US,Mobile
8241,21.875967897001672,12.692101904476429,0.49928900859716474,2,Germany,Desktop
8242,26.688473088049143,14.828963293579738,0.6564799626074493,12,Germany,Desktop
8243,25.523556968667407,7.227368124183764,0.5585910746346746,9,UK,Mobile
8244,36.84351155040038,8.136688297335825,0.5494234279022664,10,Japan,Tablet
8245,36.92218345128015,7.318085578896359,0.6345751758531406,8,Japan,Tablet
8246,27.83843353784984,11.33278033028248,0.44859733393846246,0,Japan,Tablet
8247,33.20423240955762,10.018749427359703,0.5528501799906442,23,Germany,Mobile
8248,16.62790219826965,6.850777207948963,0.3763111737535087,0,India,Desktop
8249,30.48905986940504,12.963244295962047,0.4753401582868013,18,Germany,Desktop
8250,16.367738259235942,9.716602514773887,0.6048747581605232,18,US,Mobile
8251,34.56477989399313,6.864078322138067,0.4614941989719573,5,UK,Mobile
8252,36.23317228915616,10.279522251019387,0.49532115229067614,19,US,Desktop
8253,37.33456523244218,5.197063494421501,0.6562907879677466,15,India,Mobile
8254,229.59780255385442,13.677284118378443,1.4927456025105088,4,India,Desktop
8255,27.299364196608742,11.630358421879333,0.6171562426746471,16,Japan,Tablet
8256,24.275622575398117,7.648772193391103,0.6830739479481804,1,Japan,Tablet
8257,96.73274177102932,7.633633055716973,0.8050736169207524,11,UK,Desktop
8258,33.677177480608435,3.6866955958901624,0.39661540895484815,5,US,Mobile
8259,27.526359604918998,14.888707649954418,0.6152868646351444,14,India,Mobile
8260,35.77012513807475,9.352504416230682,0.49474658859339227,6,India,Desktop
8261,24.244116682632963,15.398414129521822,0.43458471384301034,23,Germany,Desktop
8262,123.07760635727993,12.202703062525977,1.914604648067886,18,Germany,Tablet
8263,9.001222742618623,12.914387815891672,0.5582393649498578,17,US,Desktop
8264,29.264267050050808,7.998534192896386,0.44897667004703706,5,US,Desktop
8265,23.332130608258772,12.629300332744442,0.5845181705963882,6,Japan,Mobile
8266,49.960119356148724,11.105581477930343,0.3636301621140844,1,Japan,Mobile
8267,38.67210182597043,10.585043881079828,0.6211071443828389,11,Japan,Mobile
8268,24.473033446822516,15.969007669674149,0.4323401773375564,21,UK,Mobile
8269,24.66203158695736,8.999483589273705,0.39194456591596205,2,UK,Tablet
8270,10.067838333302166,7.104730600567601,0.5925640501260618,13,Germany,Mobile
8271,29.307061331111427,8.42241053105437,0.5547932547948637,16,Germany,Tablet
8272,27.061513462415675,7.157658772687221,0.46179681021144176,19,UK,Tablet
8273,24.01043741622078,10.503800621458717,0.4324698458938576,0,US,Tablet
8274,33.76451078430682,10.92801275351344,0.42665107936134716,10,UK,Mobile
8275,25.866146649153425,13.332287434613017,0.507078647134475,1,Germany,Desktop
8276,24.280567734240755,5.1944905015167,0.6543322821051376,2,India,Desktop
8277,29.23765805394554,16.02194457938089,0.5419052002137934,23,India,Tablet
8278,43.07728168339096,9.344313881974562,0.5277330734767408,23,India,Desktop
8279,21.488630919005736,8.240296204614198,0.4605700208800688,14,Japan,Desktop
8280,23.05409269440392,7.462249471762364,0.4773698997443849,21,India,Tablet
8281,37.1639935487142,9.200992024540442,0.32877028430337735,6,Japan,Mobile
8282,98.48481815910252,7.382099302089586,1.1933247473213995,17,UK,Mobile
8283,32.641091247979,10.845209371511073,0.4574896252758571,12,Japan,Mobile
8284,20.784768236677387,6.171148699851222,0.42919591553910574,0,US,Mobile
8285,23.145743988635008,9.208520258055882,0.6650141142806612,18,UK,Mobile
8286,31.562928183139558,12.525503040906521,0.5022693072975055,8,India,Desktop
8287,30.825267422961296,11.631604164702043,0.4976505369827217,9,UK,Desktop
8288,31.271602716405877,2.24923048490733,0.4810449618617359,17,Japan,Tablet
8289,41.048270654934896,11.042833585190898,0.6017983325509084,4,US,Tablet
8290,31.345730546188214,17.310142229810282,0.41790077424698335,15,US,Mobile
8291,30.49846879033871,12.51588757739782,0.5200861578697992,0,Japan,Desktop
8292,28.83680635743945,12.725444542702057,0.5049701535193296,20,UK,Desktop
8293,18.854754087395744,10.324408055725245,0.4972966394483619,2,Japan,Tablet
8294,41.165168107827135,11.015275653716813,0.6433844710396577,20,India,Mobile
8295,33.74331261398478,10.805871393452165,0.4719341195319299,1,US,Tablet
8296,12.09205735559464,11.835185613374229,0.454834646828565,17,UK,Desktop
8297,29.55896183777314,9.19434469308336,0.4633238122078648,16,Germany,Mobile
8298,26.567836699427918,6.8701785008448235,0.3510218713409671,18,India,Mobile
8299,39.71001113384422,16.866423299578095,0.4723303305645198,13,US,Tablet
8300,20.299473686613563,14.967491887618523,0.5237789454235664,1,US,Tablet
8301,28.998553532435228,6.411357682404501,0.3104080963814257,13,Japan,Desktop
8302,37.39433929138163,9.015293833965758,0.47681200298297366,19,US,Mobile
8303,27.852488148150123,11.61753183554287,0.4822170756508431,2,Germany,Tablet
8304,27.11330263054116,6.2407919220478485,0.4064296034741027,22,UK,Tablet
8305,18.128147635143787,11.406917835440678,0.5778436772081379,19,India,Tablet
8306,22.472137457044504,11.27117130275293,0.5616234005867548,16,UK,Tablet
8307,26.01314329334449,14.185752233764642,0.6109820116426232,22,US,Tablet
8308,42.34774886892169,11.602586052074354,0.4784366989053117,23,Japan,Mobile
8309,31.407062210877392,12.63852444618794,0.6069735569984226,20,India,Desktop
8310,6.422870953775259,7.179333600029825,0.5136414968909115,3,India,Mobile
8311,23.857124472105717,9.070917108864728,0.4420328151526626,9,UK,Mobile
8312,55.803132228379006,10.488190651657007,0.737536516816115,22,US,Tablet
8313,29.016285062362403,9.076712517396658,0.4833221551943229,14,India,Desktop
8314,31.646737318661906,10.398058035863484,0.34393822708404687,12,Germany,Tablet
8315,37.360878029472765,11.116564512908031,0.4128975309872686,0,Germany,Mobile
8316,40.63039154873357,9.980040756377333,0.38439589025640175,0,UK,Tablet
8317,31.870750785418647,9.274669753505,0.5499396139563645,15,India,Tablet
8318,33.68303159019719,6.611822102548416,0.5017186082527183,22,US,Mobile
8319,24.688401829411365,12.41648239518311,0.5254986429959537,17,India,Mobile
8320,37.090449943717076,8.663816133832162,0.3965555738676446,3,Germany,Desktop
8321,48.737258123741654,11.610078410889617,0.4245936420829366,14,UK,Tablet
8322,21.4408441705016,10.982875243834934,0.5455394091429183,17,Germany,Desktop
8323,27.54520909665477,10.74083525147691,0.5386707581819188,5,India,Mobile
8324,15.950026437586285,9.64840742321811,0.4253967485203517,16,India,Mobile
8325,21.547790815746772,6.5848602057465015,0.46444268744567685,4,UK,Tablet
8326,30.716466402382917,14.504422050068648,0.5515132311041396,16,Germany,Desktop
8327,28.71957401467376,10.341194025858211,0.6051171352769872,22,US,Mobile
8328,42.18362028206806,5.192292493100553,0.4652258292987639,6,US,Mobile
8329,32.581458600879515,8.473192350919124,0.516908546834375,11,US,Tablet
8330,18.76320453633687,13.833710254760465,0.40134052989448354,14,India,Mobile
8331,30.65394604984862,13.166899211437771,0.3429085143643885,20,Japan,Desktop
8332,30.1818645595788,10.783296436217466,0.4487644850747798,16,US,Tablet
8333,39.77263616948143,9.833716417315149,0.45616647263572824,13,Japan,Desktop
8334,29.45743587501088,11.385562070176393,0.5921188602981113,11,India,Tablet
8335,26.355056011244823,5.638651497450736,0.4769562180797228,15,US,Mobile
8336,25.858702500068315,14.203702655141843,0.565798518762776,17,Japan,Tablet
8337,15.443360638656628,10.789676508342902,0.6026413303657542,12,UK,Tablet
8338,28.779121178929756,8.412924901673241,0.47182029229334876,14,Japan,Mobile
8339,29.665973379885838,7.30979998216259,0.5129311931125259,13,Japan,Desktop
8340,33.74511803109262,9.50476694867451,0.5062444067438708,1,India,Tablet
8341,24.826766499335193,10.347479703054576,0.4992315432839092,3,US,Desktop
8342,23.8127140025211,12.990606183090271,0.4788062370796393,22,India,Tablet
8343,25.993492452327693,9.54381748306013,0.6640044836812823,10,Germany,Mobile
8344,37.85797418013746,12.076027090211914,0.4926169160300128,21,Japan,Desktop
8345,42.10738608930846,3.302305635255065,0.5264099258227645,6,UK,Tablet
8346,20.435886176578215,7.6207021292835435,0.5479673921514817,21,Japan,Tablet
8347,18.82013598449938,9.695550137803501,0.48637035561222125,5,India,Mobile
8348,20.992427716217996,15.377149093058613,0.4840147844808408,11,Germany,Desktop
8349,27.91514282897693,9.74059838488464,0.49270606211570583,8,Germany,Desktop
8350,17.35078175591496,11.052319010233049,0.25584654972385573,12,Japan,Desktop
8351,19.875457361404585,12.26927763166201,0.596591657305541,20,Germany,Tablet
8352,25.982453992698883,10.523719511060907,0.4143961451547829,4,UK,Mobile
8353,8.636834227441422,8.184196702459008,0.7041501628301533,11,US,Desktop
8354,34.69336526281878,12.310052105548252,0.5306358525624666,21,Japan,Tablet
8355,27.662127995739205,17.237015923760538,0.321258057178766,21,Japan,Mobile
8356,13.272685758050816,11.962306475219787,0.5078343412520074,17,UK,Desktop
8357,28.516091659942624,9.773357705948122,0.5497925228221793,6,UK,Mobile
8358,34.70240230213133,9.76517529784958,0.4390291401121364,3,Japan,Tablet
8359,27.12299984225217,6.614219046108165,0.4247438938249999,11,India,Desktop
8360,24.064098401111444,7.157202160692566,0.3307502218509257,22,UK,Tablet
8361,28.261277567752472,11.42633382693641,0.1550763683421852,20,US,Desktop
8362,38.9372945031687,7.944761849328275,0.4390781534411797,0,India,Tablet
8363,38.9157021229004,12.52010204543918,0.5291169298507442,11,US,Desktop
8364,25.458306280221482,2.0726629345573766,0.5491722035082485,19,Japan,Tablet
8365,38.141235453246765,14.327411657393787,0.5240528443024137,13,India,Tablet
8366,34.92875223078434,5.264185013344829,0.6459671554746618,9,UK,Desktop
8367,34.61575750213053,9.341180403065117,0.3960377414408054,3,UK,Mobile
8368,29.18412442702704,12.805713521952187,0.462465347964097,10,UK,Mobile
8369,41.060390257345276,6.3379291089340235,0.4154869926086025,0,US,Desktop
8370,23.092220897536034,8.99153632273707,0.6478571246304461,0,UK,Desktop
8371,18.84904226373213,14.052875840226951,0.5783917800705259,12,Japan,Tablet
8372,19.823638335765484,8.952081845619533,0.45905315113223716,23,Japan,Desktop
8373,43.03725033899475,10.856968311717768,0.5123312276748324,2,Japan,Mobile
8374,35.3499258469896,7.084984865983108,0.5113810409647361,6,Japan,Mobile
8375,24.901548149404597,13.475296649294975,0.4391011348390418,19,Japan,Tablet
8376,21.565039679982412,11.856436876373495,0.40025588510057586,10,US,Mobile
8377,11.922572544356075,11.621638667870606,0.405887789667712,8,India,Tablet
8378,36.230285809947596,11.537278493001338,0.3769119946751026,6,UK,Mobile
8379,38.8042530717299,10.80790327957951,0.531377694739457,9,Germany,Tablet
8380,37.40254496688106,9.672902081657089,0.6503289902852469,3,US,Tablet
8381,23.887073832865617,10.762864290181259,0.7078821761472417,0,UK,Desktop
8382,31.03690693402988,10.941314661333266,0.5021489442104963,12,Japan,Desktop
8383,23.187667192279882,11.927623605821022,0.5499060444909336,20,US,Tablet
8384,37.02866860100754,4.953045844071517,0.5442617353010114,20,UK,Tablet
8385,32.72261201372004,9.889134957941218,0.46471582930396904,18,US,Desktop
8386,51.98126379919105,8.89460370173129,0.4928237529614353,13,UK,Desktop
8387,35.75230702746856,8.337869450564103,0.5051449121810574,0,US,Mobile
8388,32.111645202686034,11.070877889494422,0.4749930420050269,4,UK,Mobile
8389,16.36518780444618,13.051144352888565,0.31606145657293616,9,US,Desktop
8390,31.301403587341664,9.424177743442609,0.48461873978881564,19,UK,Mobile
8391,36.1617177939921,9.16299766954823,0.5465390628973015,7,Japan,Mobile
8392,24.674725502076175,9.022042000946465,0.7098801444498568,11,Germany,Desktop
8393,19.90258816538155,8.208250226434531,0.502150878549992,5,US,Mobile
8394,23.714445356085072,8.639039619871706,0.48712944492372134,8,US,Mobile
8395,38.42766712033321,13.334536854716815,0.4523709183609434,9,US,Mobile
8396,30.925061666221687,9.279237434909081,0.6236933887920737,17,Germany,Tablet
8397,27.28099291519647,2.607435066621407,0.5326788388796948,10,UK,Tablet
8398,17.64270044982333,7.596831108695576,0.4669626231885885,4,Japan,Mobile
8399,28.7697117809628,6.73823138480241,0.3890059954642023,18,Germany,Tablet
8400,107.0871151646882,4.945622132745203,2.8451637590924004,2,India,Tablet
8401,20.476996529798107,9.334045778142626,0.46269444281231387,23,India,Tablet
8402,18.055137743702858,9.079576432092093,0.5195826787479079,13,Germany,Mobile
8403,23.290689118723662,5.816071419196376,0.414903413728655,15,UK,Desktop
8404,39.274506691290696,11.496255014321658,0.5658421066755709,11,US,Desktop
8405,19.762628706581037,13.986610062624617,0.526494157696007,12,Germany,Mobile
8406,30.63450115541985,9.998803863752359,0.5134649243287516,10,UK,Mobile
8407,22.549839942649953,11.450274883870707,0.45085601680138654,23,Germany,Tablet
8408,25.082141124244952,7.466870837852817,0.5376004562746639,11,Germany,Desktop
8409,36.99084730099883,10.176999818847614,0.5534097220609835,22,UK,Mobile
8410,38.071462058807626,6.314984042925459,0.3828885741900158,17,Japan,Desktop
8411,22.58449314712505,16.23420733574335,0.632006390705405,4,UK,Tablet
8412,34.931380752077594,10.348165101747941,0.48542418669161363,18,US,Tablet
8413,39.81804680798932,9.682609808079887,0.5895654388194671,19,India,Desktop
8414,1.8977346403277835,10.170751379460873,0.4640697980171509,4,Japan,Mobile
8415,26.91696052734951,11.39407514318668,0.49905442504362946,4,Germany,Tablet
8416,33.422765120779935,14.108911655772642,0.3942311264422386,18,US,Tablet
8417,23.831387809505504,7.193122391392246,0.35517910417468485,15,Japan,Tablet
8418,30.08845795472023,8.534315343404911,0.6609824648832379,20,Japan,Desktop
8419,19.285172423569925,13.393653195199592,0.5190938855525133,15,Japan,Desktop
8420,28.523921117130204,7.602643795258735,0.5084796818306919,21,Japan,Mobile
8421,14.89581092630971,15.940861627135373,0.5233430040497419,1,Germany,Tablet
8422,25.31055275605246,8.966659662754939,0.6327986506525799,23,Germany,Tablet
8423,32.57721711978001,12.510981230714272,0.6053693281280358,1,Japan,Mobile
8424,44.000702749503944,11.150351666560404,0.5402955100695712,3,India,Mobile
8425,24.18971110198552,10.055219200964755,0.7569568214333762,19,US,Tablet
8426,46.28485769323869,9.435083165297382,0.4540886138292076,12,UK,Desktop
8427,38.846853601905615,12.691853518539313,0.6224221669903451,13,UK,Tablet
8428,33.06682205532863,5.947068081614939,0.5162479879698861,11,US,Mobile
8429,27.086795171740935,3.788264651907255,0.46799414989315297,15,Japan,Desktop
8430,20.1527936067249,5.046675001894609,0.7125857177087731,8,UK,Tablet
8431,26.135499594543468,11.222906340552898,0.6690492845069246,21,UK,Desktop
8432,11.510201040072936,11.71051161905978,0.4952972938423334,2,US,Desktop
8433,32.252414809008386,13.827216278468672,0.5734745028004236,4,US,Tablet
8434,13.9445696172602,9.971912695343025,0.609471479708296,14,Germany,Mobile
8435,21.912210891267044,7.230315710874603,0.48442203092795366,22,Japan,Desktop
8436,29.193901162408274,13.75213372760457,0.591909012522901,22,Germany,Desktop
8437,24.721831917127496,12.409204726729573,0.688221503127368,1,Japan,Mobile
8438,21.92157358949049,10.241052821276945,0.44241549099152216,1,Germany,Tablet
8439,23.77225783792174,6.89436178495421,0.5456384268281063,7,UK,Tablet
8440,25.024520475825287,11.344807424204754,0.3889079529592263,12,Japan,Tablet
8441,38.09437816577831,10.199879598814025,0.47480235907403046,13,India,Tablet
8442,22.437710374888958,6.489381464287995,0.5766020126409651,0,US,Desktop
8443,11.965145631290977,10.43340590175291,0.6030856934891067,12,Germany,Tablet
8444,32.42028762202855,11.1276687660865,0.355407939188228,0,US,Desktop
8445,35.086125996318,11.071214065850674,0.3443013126898744,11,India,Tablet
8446,18.289287946783077,10.380180229628063,0.4770245351248417,23,Japan,Desktop
8447,17.498245844365968,8.697709744880024,0.48807524052503487,4,India,Tablet
8448,30.804687526000436,12.308919561826293,0.5470289270422533,7,US,Tablet
8449,18.700674699002775,8.05418087729384,0.5110394584043386,7,India,Mobile
8450,29.522755193953632,12.422297923336927,0.665865743258284,4,UK,Desktop
8451,39.65751203804588,7.917463485174585,0.5592389561232771,9,Japan,Mobile
8452,38.64501372771979,11.120059969111272,0.6622000288332093,14,India,Mobile
8453,16.87080480803121,8.093694995683752,0.5167340408845388,7,Germany,Desktop
8454,29.959743506393266,3.686042315350317,0.4640650386688256,17,Japan,Tablet
8455,20.643125082473354,12.29784649957801,0.4787780577352588,6,US,Mobile
8456,36.26484200503675,9.6776981877908,0.43848107129087677,5,India,Mobile
8457,15.127744479037775,12.26828441506125,0.5132671457060616,2,India,Tablet
8458,25.543226608454255,12.547331803401885,0.6764452950941983,9,India,Desktop
8459,16.7464529533889,8.17914548120788,0.3293679147674139,3,Japan,Desktop
8460,36.42777989386897,7.7455004699962595,0.6837408346089617,13,US,Desktop
8461,18.558403774026043,10.022798844690097,0.6053577103793788,13,UK,Desktop
8462,24.94096896294089,12.151587462477526,0.4687689205863603,23,Germany,Mobile
8463,13.945688573532514,11.495826001748615,0.6436087507560257,5,India,Desktop
8464,22.68522083947032,8.210111041584785,0.5556782674481311,20,India,Desktop
8465,36.208215620243536,12.917774209965126,0.40745745201555106,9,India,Tablet
8466,31.881118932994614,10.561481441549716,0.3789364980299696,13,India,Desktop
8467,31.563940807619304,7.10169854620178,0.5674100703053573,13,UK,Desktop
8468,24.21197594789546,4.252811732083962,0.4928801244229093,6,Japan,Mobile
8469,33.06509089730423,6.322991994385828,0.5432858786409394,22,Germany,Tablet
8470,34.91334817443156,9.023775784601275,0.4063583813206591,1,Germany,Tablet
8471,23.91622840265355,16.381319541013173,0.4033450980179718,9,US,Desktop
8472,30.136296683174823,13.78200635039754,0.561057814222828,10,Japan,Mobile
8473,54.567451855079696,8.011457427547342,0.3911571867651896,22,Germany,Tablet
8474,30.543679587576356,11.290041017925734,0.5622783437299015,22,US,Desktop
8475,41.036221528536586,0.44839817070825205,0.7199157698057431,11,India,Mobile
8476,62.137927095741716,11.319497876140275,0.5877594406159747,7,UK,Desktop
8477,26.195253488441317,6.551041502455844,0.5685199746993448,2,India,Mobile
8478,34.04331823207525,7.417908536254529,0.6180432117466643,5,Japan,Desktop
8479,19.609999956625877,16.447509447610177,0.46209770236158926,4,Germany,Desktop
8480,28.68987244110478,7.314543970578783,0.5384780858649276,3,Japan,Mobile
8481,46.485127733671206,8.520536603673113,0.6572364308277999,6,India,Mobile
8482,21.911627782495675,8.521692965941968,0.5291202212113967,8,India,Mobile
8483,20.84226590726542,9.456026253931796,0.5772598874638267,21,UK,Mobile
8484,40.971848765354466,9.132378937475076,0.6251159227078407,6,India,Tablet
8485,19.673964052739514,9.668561798465008,0.3712529562783201,5,Germany,Tablet
8486,37.663254148020705,11.880918637945648,0.5876730466281044,10,Germany,Desktop
8487,39.78194853210702,8.438321682199517,0.3671044969663607,20,India,Tablet
8488,37.20914654367646,11.647567835518121,0.5789019333831117,11,UK,Desktop
8489,101.92163272042711,11.352036443021682,2.3985937761928433,19,India,Desktop
8490,17.88422419814715,12.510721744064153,0.7638991782643516,14,India,Mobile
8491,41.199282658075155,9.397354381461605,0.5677014831516103,7,Germany,Desktop
8492,17.440003901895317,9.738140821693932,0.35430164901889305,23,Germany,Mobile
8493,26.254740230755218,11.613030001145155,0.6206251031901312,9,Japan,Tablet
8494,36.86533786436476,5.958442534307153,0.4859627441949726,8,Japan,Desktop
8495,41.534104373403615,12.02465558846497,0.6930460308610744,19,UK,Desktop
8496,28.889748958444635,13.20822131829325,0.5400130902562075,3,India,Mobile
8497,19.00533457573803,13.281716337437661,0.5554057272298579,2,Japan,Mobile
8498,40.690738882550086,12.295605171974831,0.5237900174785293,16,Japan,Tablet
8499,38.23064504639804,12.152174306064907,0.4252993304911206,9,UK,Desktop
8500,25.877093040986566,8.163512508456456,0.4238191797107536,16,US,Mobile
8501,24.495501868100245,7.708127483945315,0.4329325981192702,4,US,Desktop
8502,30.878026772304892,11.939915975049242,0.40087580654879973,10,UK,Tablet
8503,19.307080954771465,10.319605590680707,0.23231409997068214,17,UK,Tablet
8504,27.532204467781533,10.298135554929566,0.48822472031197217,7,US,Desktop
8505,53.44109090225156,8.229618699096756,0.5707395566421236,2,Japan,Mobile
8506,2.576046909342409,8.212314377125729,0.3440917044019721,11,India,Desktop
8507,28.926633281686403,7.639016496226871,0.3907731401562283,23,Germany,Tablet
8508,33.79059429732013,5.767290844205364,0.5419526156000155,21,US,Mobile
8509,39.60933948060406,4.30261009640378,0.3903039204014033,13,UK,Mobile
8510,16.048714842045996,5.619175956924433,0.4180910021091032,8,UK,Mobile
8511,9.333058012484756,12.660105920171812,0.4628961346910364,20,US,Tablet
8512,32.23736497921559,9.418629251566609,0.3802386400279249,19,US,Tablet
8513,31.889821826639874,5.955826245748598,0.5118989133717259,4,UK,Mobile
8514,33.61483184722631,8.36064365141964,0.6154462112734058,16,US,Mobile
8515,31.835164651649265,11.569880745178507,0.3015037194002275,19,Japan,Desktop
8516,31.361247819590638,12.354546707810803,0.4852496607744943,0,Germany,Desktop
8517,36.380304291467624,6.823354952528458,0.40561446660193246,17,India,Tablet
8518,16.247816190737073,14.968297428446439,0.5567749431675381,8,Japan,Tablet
8519,24.86787785006684,8.391992915976108,0.6135422895391697,16,UK,Tablet
8520,15.692339773785521,9.082612804081078,0.6306544510494017,16,Japan,Desktop
8521,56.85581563667417,13.227809831907559,0.46779124924283,3,UK,Tablet
8522,18.601669628298307,12.741908178747298,0.3872592458231129,16,Germany,Desktop
8523,40.679115444915034,9.950963352254528,0.37406193570813095,12,India,Desktop
8524,18.927605567175046,2.4056643069625885,0.5257868822767424,22,UK,Mobile
8525,27.569655231857315,2.7011407739012796,0.4997430322028658,20,Germany,Desktop
8526,15.536629203820048,15.818332993731772,0.34645239334651196,11,Japan,Tablet
8527,38.51901471079291,11.986186349943837,0.3105210538100447,18,US,Desktop
8528,37.906120873746694,11.802879738420204,0.40904571033788645,8,Germany,Tablet
8529,-1.692201468880267,2.614641343645613,0.3845657680079726,8,Germany,Mobile
8530,29.237264071209474,13.877618488070363,0.6910243638798791,6,Germany,Mobile
8531,43.17369706818259,9.271740250938725,0.45471260456020046,5,UK,Mobile
8532,26.920468442962324,17.210217124453024,0.535321550615046,21,India,Mobile
8533,36.808591116805395,15.591090198600874,0.5255505993689829,9,Germany,Mobile
8534,39.06650268937262,8.83259626971179,0.6210417367864141,9,US,Tablet
8535,39.58388049513937,8.233820248397421,0.5468487216622329,1,India,Desktop
8536,135.8997273935673,11.082088404231003,3.0079454011729045,3,Germany,Desktop
8537,22.98619698110118,5.020206970029463,0.5749777991348146,20,India,Tablet
8538,23.448807052418896,7.764928888283858,0.6678691385617103,9,India,Desktop
8539,40.103422198920036,7.875789253829095,0.6059917395273471,13,UK,Mobile
8540,42.58741280055259,7.013362127958093,0.3111480460095546,15,Japan,Mobile
8541,27.44896308280474,3.708612430966804,0.5932988180695586,19,Germany,Desktop
8542,36.450175427767796,9.60700047150298,0.5650133154550401,5,India,Desktop
8543,37.26535260566223,9.43897401232736,0.49669776118854553,17,India,Mobile
8544,31.70470765266495,12.051545699318902,0.5083868927171128,14,Germany,Mobile
8545,29.43847182343839,7.201910787094512,0.47956657412145975,15,India,Desktop
8546,32.81314558434957,7.978161551378356,0.6570596313769408,15,India,Tablet
8547,34.350011858882596,8.84868229001132,0.5183477121794542,23,India,Desktop
8548,36.56746486186683,13.831225371975195,0.6908064507252482,13,UK,Mobile
8549,40.70673158410705,7.544638241754973,0.535865824864084,13,India,Mobile
8550,24.723155223458416,6.097139459104131,0.5100779234397131,20,Germany,Tablet
8551,25.199758065375534,12.241238150918974,0.5204629140265206,2,UK,Tablet
8552,21.898310927206758,7.502285665813185,0.6458000785685649,5,India,Tablet
8553,11.494659712614165,2.206475078065335,0.4871847010494723,7,Germany,Tablet
8554,21.72699300400335,9.68819263064054,0.40957723846997657,12,US,Mobile
8555,20.524202648399378,14.606461844549974,0.4954815173173696,0,US,Mobile
8556,34.9357414981927,4.25810434093167,0.4045038376634867,20,Japan,Tablet
8557,29.148035330707238,14.24231686225464,0.385545291987616,19,India,Desktop
8558,34.95500705713809,12.981005229042239,0.47878484310771174,16,US,Mobile
8559,12.577488827600654,12.789848094323373,0.477329421446861,14,Japan,Mobile
8560,4.6114260170173935,8.057192295610891,0.223529203635023,2,Japan,Mobile
8561,21.08596037775584,10.335667655820867,0.44785805855079813,21,India,Mobile
8562,28.783372720110716,14.36472825329415,0.5658664897735275,16,US,Desktop
8563,38.23331576557262,10.289960212360201,0.4461950317909086,15,US,Desktop
8564,35.43854224949126,12.78645917939351,0.5650908695589513,10,UK,Tablet
8565,45.29797230691154,12.772287914422243,0.7657193171258176,14,UK,Tablet
8566,18.810440196883008,6.982102049377859,0.5115539938484361,18,US,Desktop
8567,19.471722244932106,13.810077134894714,0.48478104549274004,19,UK,Tablet
8568,44.505697743511625,9.806016415897682,0.4943258469877994,6,Japan,Tablet
8569,21.159148896923185,13.617217994095956,0.40980622249115123,13,US,Mobile
8570,49.70398056917142,7.977321052138742,0.5793135583557407,18,India,Desktop
8571,33.914614363910275,8.620434497005386,0.451162183039988,23,US,Mobile
8572,38.517039745081476,10.744954280177073,0.5828670578630302,5,Japan,Tablet
8573,47.603742649068366,15.801192028437065,0.5595754723973098,12,India,Mobile
8574,12.617948841886616,6.868982018304813,0.6038059870476651,19,Germany,Tablet
8575,20.733876116638857,10.303355124325215,0.3742659101733935,2,UK,Mobile
8576,38.0452430426467,9.904092262784848,0.43001188181210775,15,UK,Desktop
8577,51.64042870623939,13.359414399840482,0.5777824390542589,2,Germany,Mobile
8578,26.39216891810168,12.511308701918313,0.5270120297626241,11,Japan,Tablet
8579,39.99871889637642,7.928555794131174,0.4577225219033546,4,US,Mobile
8580,26.90367768188436,9.253458622960048,0.42016654762385985,6,US,Mobile
8581,27.559621266706305,10.914011381011715,0.49595566427439886,3,Germany,Desktop
8582,18.90227911850885,6.2375049662121285,0.6276439817463718,13,UK,Mobile
8583,14.043672230090829,11.346707304038018,0.49393552314669353,22,Japan,Desktop
8584,26.078629516477775,12.3496904075223,0.4211584273527006,5,UK,Mobile
8585,32.32318992125746,9.100159683860342,0.4624659919199426,2,UK,Desktop
8586,38.86621011722595,15.118922741948438,0.29352092124323315,13,US,Desktop
8587,45.765336825932636,9.12164203018362,0.5776787970280668,6,Japan,Mobile
8588,18.631170324227895,6.538308356108583,0.416266987853131,20,UK,Mobile
8589,42.34714258881809,6.8396702894530685,0.5959305662882886,4,Japan,Tablet
8590,22.25984323632071,7.114344442403393,0.5557515113042986,21,Germany,Tablet
8591,34.637236182070275,8.196510852059768,0.5638457652394121,12,UK,Mobile
8592,20.593491841589874,13.879649693698724,0.5862799727779671,1,Japan,Desktop
8593,44.693395739339564,8.973723200087463,0.44677025652436336,10,Japan,Desktop
8594,24.283040351259675,13.231139703079934,0.5193429111846173,17,US,Desktop
8595,31.684941583362015,7.114334433597754,0.5938807161565678,11,UK,Desktop
8596,30.068026747860152,10.42456750772343,0.553041716553124,9,Germany,Tablet
8597,26.578489515870395,9.137633858406847,0.454844227880363,17,US,Desktop
8598,17.074801440612962,7.445355777584553,0.4799210882274042,12,US,Tablet
8599,41.611311280425014,8.21232169365524,0.43330863040772866,5,UK,Desktop
8600,43.41276164779599,14.03097982790013,0.5319133728890016,22,Japan,Mobile
8601,158.35416147993033,5.808377963176891,1.521238062647142,18,US,Tablet
8602,28.17167700134456,10.12637016789672,0.492235872936733,21,Japan,Desktop
8603,30.034805295626906,10.921932365820545,0.477776214170973,5,Japan,Mobile
8604,45.05633676385121,9.636755701984743,0.7061202711780369,9,UK,Tablet
8605,29.995367088372294,12.370384830249993,0.4760331621518902,0,Germany,Tablet
8606,41.534031530397655,13.376795973805141,0.5592186237761015,10,US,Desktop
8607,44.565624447665975,7.4244614657748205,0.5728467780907798,1,UK,Tablet
8608,33.22117747522112,2.7069381519293607,0.2875782785369142,18,UK,Desktop
8609,30.394356087842773,10.844927021824837,0.4553717586723772,11,Japan,Tablet
8610,9.904785206832813,14.384128456126266,0.24532686219284344,14,UK,Tablet
8611,31.935949956426448,8.79315648415202,0.44201785975765073,13,US,Mobile
8612,28.028142156611988,11.181599692790593,0.2616936930255851,0,Japan,Desktop
8613,25.340363122525588,13.670237783261637,0.5417120801218454,11,India,Tablet
8614,29.518324946843247,7.447993750559005,0.5540631175990597,16,India,Tablet
8615,24.56564773527106,10.896720294118168,0.5063916215049766,17,Germany,Mobile
8616,10.028611612464246,12.31266403889591,0.6011407732642415,11,India,Tablet
8617,26.53411620687268,10.491636544644502,0.437980358275288,23,Japan,Tablet
8618,25.104390049121125,4.340754911196354,0.3325854052010107,12,US,Mobile
8619,23.834177547539788,11.314786659642255,0.4374264950863158,14,US,Desktop
8620,35.22879076462492,17.5707795831472,0.4090576922497293,2,India,Desktop
8621,40.89494764424785,5.543896326243921,0.5294959011735627,16,Germany,Tablet
8622,21.500552241030466,11.613044992447385,0.5844129833816862,5,Germany,Mobile
8623,42.30157136366794,6.678570617612108,0.4380245759077267,23,US,Mobile
8624,27.688392776068167,13.611108441969375,0.5121866634438211,10,Japan,Mobile
8625,36.6455263670049,10.833614092371805,0.5814301680329002,11,US,Mobile
8626,17.233576630584945,10.613158026128394,0.4945971849046793,6,UK,Tablet
8627,34.60442067773852,9.583713899784863,0.3796876848445315,17,Germany,Mobile
8628,36.876873507143046,4.327579661923446,0.4076828571460311,6,Germany,Mobile
8629,49.57837710190937,11.309893534380182,0.45667951182134775,10,US,Mobile
8630,41.23243412967249,9.472752530646533,0.6272396084431863,10,UK,Desktop
8631,21.192315242027696,10.455615257359979,0.344198570100059,22,Japan,Mobile
8632,36.698956477391285,5.823133217442712,0.5946742637343576,4,US,Desktop
8633,28.99223525066261,12.878304806859393,0.5264901887302076,12,US,Mobile
8634,33.95378628497411,5.850728964124496,0.5752434928525897,10,Germany,Tablet
8635,45.26421246017104,10.515874219207573,0.2681776764276851,22,Germany,Mobile
8636,45.37555925431686,12.663940158842152,0.40421476247741217,17,Japan,Tablet
8637,44.53095112353723,12.144350495806588,0.4610114095320637,13,Japan,Mobile
8638,37.11722772627145,13.15898308858823,0.45247116822752625,13,UK,Desktop
8639,41.62582961449867,11.700205593833394,0.4378040981277613,13,India,Desktop
8640,21.59456024523836,10.049479364434386,0.31503639335024025,23,Germany,Desktop
8641,56.43035321476123,17.222097337257065,0.3950685697866313,3,Japan,Desktop
8642,36.52777251375599,8.932520507702597,0.606515997674542,8,Japan,Tablet
8643,28.96648524586998,9.936444084868926,0.3324538137519062,20,US,Mobile
8644,21.62605549508711,13.081225733503668,0.532730744869739,19,India,Mobile
8645,39.26729916417257,11.962216321481014,0.39241171330178176,1,Germany,Tablet
8646,39.30557274667579,4.889358184875645,0.6559451105401355,7,India,Desktop
8647,33.90123492683002,7.951887693588968,0.45277740888544216,22,UK,Tablet
8648,15.591383566853874,11.320027749236042,0.6598149393308754,16,India,Mobile
8649,49.971186115413275,7.852514693992774,0.5243614701520958,17,Japan,Mobile
8650,24.496713770991157,11.05466205350386,0.4100284002074373,1,Japan,Desktop
8651,25.85566775105353,10.521714162117165,0.5103913729965093,21,US,Desktop
8652,26.90128086124672,14.319437958994643,0.6119562524417361,17,India,Desktop
8653,24.674487190145804,6.316767846792031,0.5842689216877625,21,US,Mobile
8654,18.793162238448616,6.61054710151843,0.5169027428429821,22,US,Desktop
8655,37.121852022610696,6.580297237663154,0.42640139728234244,1,Germany,Desktop
8656,39.547256762370495,7.25232658535709,0.3899520450800189,23,Germany,Desktop
8657,51.53677147972615,9.891361306506264,0.46959883257164026,5,US,Tablet
8658,37.75980844887992,13.95805369288962,0.5359372196595918,10,UK,Mobile
8659,25.837158515418807,6.159285500040889,0.437723152105517,2,Japan,Mobile
8660,40.79856332849697,5.465737874487434,0.5919571087789801,10,Germany,Desktop
8661,34.66247621524582,12.657425002044587,0.4088088108220268,16,Japan,Mobile
8662,25.752918106177603,7.871221995564555,0.4156446872432136,10,US,Mobile
8663,30.25771588575409,5.799448177565267,0.40162221161211825,18,India,Mobile
8664,25.970545653634517,9.969267055372807,0.48526933641404746,0,Germany,Mobile
8665,30.97782593475727,14.874980033333577,0.5402485251347825,3,Japan,Desktop
8666,45.370038105690945,13.593576106890298,0.6085142506264832,1,India,Tablet
8667,36.68188103742318,14.027666954854922,0.6117174515152528,0,India,Desktop
8668,20.46799518522656,8.266060394961965,0.487207193777128,22,India,Mobile
8669,27.667403871942327,13.56194751408266,0.47237531618089135,3,Japan,Mobile
8670,29.58710831383451,16.836175371558312,0.40719616863364977,15,US,Tablet
8671,25.183615993675343,16.443435986618944,0.5161178380426416,20,Japan,Desktop
8672,30.50021564205606,14.928019739835799,0.4909062024257669,10,UK,Tablet
8673,30.314331697429445,13.665579172158651,0.5305118848188792,16,US,Tablet
8674,35.28873753190306,8.81352254381234,0.5410166613849664,21,UK,Desktop
8675,27.42850863791665,6.307867638700648,0.5931846064191583,11,India,Desktop
8676,39.991863006589256,7.452026376565266,0.7441871360884048,5,Japan,Mobile
8677,24.616426198752546,13.530950633076376,0.38707097740326507,13,India,Tablet
8678,24.116237344187354,11.199774927766804,0.4118760424912663,6,US,Mobile
8679,42.248540018835364,5.394299481455118,0.6805634225508302,13,India,Desktop
8680,25.476192141515245,11.581106796727646,0.3470507447633766,3,India,Mobile
8681,29.261453943761296,8.137055045526646,0.5654656747182052,15,Germany,Desktop
8682,45.89023954243354,8.975023552754225,0.6087839257109844,6,UK,Tablet
8683,43.64404536921596,9.89238437798474,0.47777250509768215,10,Japan,Desktop
8684,28.32562229803638,15.258362824725388,0.5949544486108601,12,Japan,Mobile
8685,20.62524862369814,11.70065236484506,0.5896209295669455,10,India,Mobile
8686,36.73299767103167,5.8583194673340735,0.5967037624265931,3,UK,Tablet
8687,19.73103631429021,12.777857196768679,0.45422853540439057,6,UK,Desktop
8688,28.420261544924546,8.532901756231258,0.46062420227884643,1,Japan,Mobile
8689,40.23714993313402,12.40491369341401,0.5663042633894774,10,UK,Mobile
8690,35.45466443412076,10.011049160809721,0.4724777953919918,4,US,Mobile
8691,33.58862252925702,8.256929205696112,0.49778084113309545,3,Germany,Desktop
8692,25.895265078849327,8.604561522540545,0.4316491173088648,12,US,Tablet
8693,130.0062127660741,12.862732837567727,2.5093211515891607,4,US,Mobile
8694,25.76616574634742,7.556045298228815,0.4741192324608091,11,India,Mobile
8695,18.057475177302244,8.537562191854864,0.6225363996702822,18,UK,Tablet
8696,35.18226523619796,6.3802589393390985,0.5880721049238785,5,Japan,Tablet
8697,39.34513750121684,5.195758811881904,0.26569749712434587,18,Japan,Mobile
8698,10.0079590278904,10.456590499890401,0.5123618746949588,13,India,Mobile
8699,22.8207570772025,7.662128764953426,0.44924579201236337,5,Germany,Tablet
8700,48.38933099883178,13.689307088265044,0.5820321694609601,6,UK,Desktop
8701,23.32750688346757,3.8581712526544685,0.7288794131978573,19,Japan,Mobile
8702,11.361949024543282,6.575344874703818,0.39013391494069233,11,India,Tablet
8703,41.47842907411976,13.198509115318826,0.5467765125661415,2,Japan,Tablet
8704,38.98793466799179,9.560273057633845,0.4588060014262445,11,Japan,Mobile
8705,31.80913719773599,12.437594237555588,0.46895863547212624,7,UK,Desktop
8706,28.702759467982762,13.049925346011769,0.47533907606235,15,US,Tablet
8707,25.452500948489508,9.647909422408363,0.3477684247582197,3,India,Desktop
8708,16.212206308103436,4.217385733512823,0.4019612893542247,5,UK,Desktop
8709,21.991989483453516,9.154965764479282,0.40647197074548846,21,India,Desktop
8710,26.631077391847402,7.997381665478331,0.4606531726805496,17,US,Mobile
8711,28.82605483803158,9.800305107361783,0.3872580314870415,4,India,Tablet
8712,28.80934660780153,10.22316721499311,0.6194901966901591,18,Germany,Mobile
8713,36.14551036557092,11.440743388518978,0.38465488426897715,12,UK,Tablet
8714,118.66902714133987,3.6621807212028674,1.5134371700140443,12,UK,Mobile
8715,24.425254268479534,12.277190825115209,0.47862465560190065,23,UK,Tablet
8716,187.26373402209612,9.827537601804037,1.9440675755226278,21,Japan,Mobile
8717,188.59517412977118,13.281151856266996,1.4150276849513754,18,Japan,Desktop
8718,6.629502647258569,9.712610350232131,0.6639023867529126,1,Germany,Desktop
8719,38.45492849414988,9.457456165277712,0.47803583779943715,13,India,Mobile
8720,39.32908093726402,9.21986104112234,0.46411489599266537,4,India,Desktop
8721,41.96805796172033,9.101882643608233,0.4354552436810448,9,Japan,Desktop
8722,30.07161307105684,11.344166437644885,0.7464153369611561,15,UK,Desktop
8723,29.68608135805526,10.653755177429552,0.327567939246536,20,Germany,Tablet
8724,26.40256572775775,7.999565877337226,0.6828209855422265,10,Japan,Mobile
8725,12.347798249156853,6.918531640781925,0.6840777112086621,21,US,Desktop
8726,23.935134813362666,11.33940728807311,0.6089678589557053,0,Germany,Desktop
8727,9.954157904138697,10.91757239896226,0.3748624308376882,11,India,Desktop
8728,27.912565308198474,10.378600169619254,0.45317674689817034,6,UK,Tablet
8729,23.218756730686504,7.6142076761472826,0.4434215909765429,22,Germany,Mobile
8730,37.75087392744123,3.3512855680340348,0.36028303955213564,3,India,Mobile
8731,32.00436831328086,14.25019638227262,0.3550183963274011,4,US,Mobile
8732,26.839637469193427,7.281432568666508,0.5784848430991641,12,Japan,Mobile
8733,25.938336359546494,7.765012692999832,0.4734228843000936,1,US,Mobile
8734,31.13424261223043,10.186514554509381,0.4139587810346422,1,UK,Tablet
8735,23.461704431308956,9.090411700047268,0.3383429406629527,9,Germany,Desktop
8736,26.485384846752527,14.042546305162203,0.7180688762051033,3,US,Mobile
8737,46.20265879449564,13.58761062775315,0.3124221823035209,11,UK,Mobile
8738,37.25425432929611,12.503133373462449,0.49763625575757786,0,India,Desktop
8739,33.772711680996196,7.427638348208536,0.47134135351560286,4,Germany,Tablet
8740,30.275230899062016,8.361257985141858,0.4292044564006452,17,US,Mobile
8741,22.38367800529815,7.2310546234263295,0.3828778117976821,18,US,Desktop
8742,39.868936125911354,7.678185257415489,0.5827197473228659,19,US,Mobile
8743,35.01282772416309,7.889931479455361,0.4708716753468765,4,US,Mobile
8744,9.987803587086098,6.6925490424931136,0.428353596510444,12,Germany,Tablet
8745,25.688026560236498,16.206593854656504,0.6466556458521211,2,UK,Desktop
8746,29.48810722442692,7.586165783985178,0.701762004291425,23,Japan,Tablet
8747,33.973864212415414,11.213436286167301,0.5436361371825238,8,India,Tablet
8748,32.43917567015638,9.090311234502785,0.3426798184248646,20,US,Tablet
8749,37.6465453881536,10.72339294649284,0.5378826233824481,9,UK,Tablet
8750,29.278025439114998,13.919140616797389,0.5777078386332205,14,US,Tablet
8751,38.8902545720471,10.39516286331447,0.4425531434619427,7,US,Desktop
8752,18.390242586976832,7.225166021633088,0.5507415063678543,10,Japan,Desktop
8753,24.56886769347596,11.553631686384499,0.5381664533699886,13,Germany,Desktop
8754,32.777202609532644,11.670856889993722,0.6342232058873828,14,Japan,Mobile
8755,12.424777490548628,8.19951598699872,0.572415685458871,19,Germany,Tablet
8756,24.244889862094144,11.712047121837177,0.3742959866993083,13,UK,Mobile
8757,45.01845445412329,7.641288261656933,0.44469413592627377,6,UK,Mobile
8758,29.231812476830367,8.650311562262688,0.46876950477663837,20,UK,Desktop
8759,30.212388130295324,5.405677588760119,0.5253587484186204,22,US,Mobile
8760,31.437163406771685,10.562298589432375,0.5286665446598062,10,UK,Mobile
8761,28.581340644339733,9.58288783565912,0.34592587853653756,16,UK,Tablet
8762,48.354485497852174,8.764857321570704,0.5058161044876394,5,UK,Desktop
8763,49.123175478579014,11.301175566079447,0.3501620837313587,17,Japan,Mobile
8764,21.143142177307894,13.281254076587976,0.48514920753224905,16,US,Tablet
8765,22.282958409542267,9.60255069332199,0.49311314750147844,17,Germany,Desktop
8766,21.95951004585862,7.041355712497388,0.4608174422939476,18,UK,Mobile
8767,28.78753205395355,14.411088426209595,0.40503601750011853,8,US,Tablet
8768,28.1785862305273,9.641803648041352,0.556382675553849,3,US,Desktop
8769,143.86069357874038,7.55074535446348,1.9177905031523568,0,Germany,Tablet
8770,27.38862209647303,10.328432604575443,0.49423729648113907,6,Germany,Tablet
8771,25.887747881305593,9.537673596040337,0.5403176175366701,2,India,Mobile
8772,17.04689259319891,12.146483224992394,0.39008473846691005,4,Germany,Mobile
8773,38.9098122815555,7.567041635312583,0.3853263958871766,17,India,Mobile
8774,36.8773784731182,10.85582537943111,0.42663458830566897,13,India,Desktop
8775,15.599304505664302,13.258339903346128,0.5434716549727713,6,India,Mobile
8776,26.416272978855016,6.952528030643722,0.5552260117654515,16,Germany,Desktop
8777,44.09271802874515,8.941754739913058,0.35400545391168226,3,Japan,Tablet
8778,35.771309015892314,11.322158433919824,0.5205175425697932,19,US,Tablet
8779,35.28341200118318,9.141864786640896,0.5366594684063116,0,UK,Desktop
8780,33.20870011452865,12.122345104623475,0.38299131963618005,16,Japan,Mobile
8781,16.577228484789302,10.532770086646178,0.5326741453879276,21,Germany,Desktop
8782,33.2821014385799,10.607429197790232,0.4321428379509385,21,Japan,Tablet
8783,37.670663202037034,7.584417246849304,0.5403230915369701,2,Japan,Mobile
8784,29.75836427946442,8.8463059070328,0.43769377055504877,21,India,Mobile
8785,12.156584985172106,9.134090344542878,0.269282740359173,8,US,Tablet
8786,35.435311776745976,9.471654076806047,0.43521900297389027,13,India,Tablet
8787,25.80346673069388,14.455597254761834,0.4865726965277293,10,Germany,Tablet
8788,28.701633519043973,15.522869093578784,0.3676956239713799,2,Germany,Mobile
8789,36.59689716389997,13.39962964430892,0.4595164218487015,11,India,Desktop
8790,42.175553073234965,6.663247806131391,0.712266059184118,13,US,Mobile
8791,33.517933812797835,12.247175495706015,0.35059010253005696,1,India,Mobile
8792,32.26236253893947,14.060585829080395,0.6355359350565422,4,India,Mobile
8793,26.038583485292925,6.362362416010924,0.5147785824091582,16,UK,Mobile
8794,23.70389435381581,6.776988057434739,0.3471700759654981,13,Germany,Tablet
8795,26.48665146421364,10.88394577220476,0.5104965578582301,23,Germany,Tablet
8796,33.91873173619422,9.404376466362036,0.34681526525812345,15,UK,Tablet
8797,18.265797912304226,11.208454870712623,0.5471966481380237,5,Japan,Desktop
8798,23.49381523419642,14.332847312527974,0.4987579740147308,11,US,Tablet
8799,30.76473297121113,7.803642446292533,0.5693072799411715,12,US,Desktop
8800,29.997888791654464,7.1515285650785625,0.6523754562145831,20,US,Desktop
8801,40.15548718521206,10.131378073315283,0.3137397770878536,6,UK,Desktop
8802,42.096260611980505,9.1324145357185,0.5247986603025919,14,Japan,Desktop
8803,41.26922851861231,7.451269902023599,0.3942625940707661,3,Japan,Tablet
8804,23.719310442241124,10.144456731896542,0.40649965088472545,16,UK,Mobile
8805,24.912418691735162,4.183893974932119,0.31817935568163536,1,US,Mobile
8806,23.377723278170254,4.512322099926216,0.6414759313471998,7,India,Desktop
8807,33.27953618306344,12.720276134203681,0.34228568243789953,23,Germany,Tablet
8808,26.740305427411535,11.061585139679496,0.6040977362986267,10,Germany,Mobile
8809,23.50104741469177,8.193276676953138,0.5529912680454511,9,Germany,Mobile
8810,7.452510930468534,8.874873996540355,0.5587255740149791,22,Germany,Desktop
8811,29.984656008801576,11.419445328573849,0.3852945144006103,6,US,Desktop
8812,40.12768720533607,13.091753644511797,0.3889737815119844,8,UK,Desktop
8813,46.01771559226283,14.59388534464026,0.5087552901664464,19,Germany,Mobile
8814,17.285906286030293,14.225184350662413,0.5280556734843238,20,Germany,Tablet
8815,21.81884217711415,11.619334051565572,0.3998365147308185,1,UK,Tablet
8816,29.881619197868243,11.684162372171066,0.25101379977171523,19,India,Desktop
8817,40.63897624814835,11.849079098058526,0.4069891662150302,1,US,Mobile
8818,23.745331920947034,13.431821263385634,0.49629526856263473,19,Japan,Tablet
8819,16.76976707475659,8.930909595342648,0.4891769870808161,10,Japan,Mobile
8820,29.477871596873474,14.515797516940808,0.521102410896195,0,UK,Mobile
8821,37.30541565825356,12.454378208323082,0.4680432556874202,23,US,Mobile
8822,38.313270043022754,6.75567741577969,0.5967698411541948,0,India,Desktop
8823,22.604723414964603,12.867460697609959,0.5728028595393991,16,Japan,Mobile
8824,33.0214214563761,10.203622405201136,0.6162068159721232,15,US,Tablet
8825,15.519975319692081,7.094066670694484,0.4518255243131105,11,Japan,Desktop
8826,17.142350138444247,15.723124439954676,0.4707634711094796,9,US,Desktop
8827,34.09091314107985,9.668182321701781,0.4809215470988177,12,India,Desktop
8828,31.549539508915167,13.752302613117829,0.3943873177567151,14,Japan,Tablet
8829,29.94828015782808,5.718469806081196,0.4061248127964489,23,US,Desktop
8830,23.765963636299865,12.702957732128214,0.49626524636774977,5,India,Desktop
8831,37.34446754996148,10.490381807640233,0.6494981215556247,22,Germany,Mobile
8832,32.909876586245474,6.453873889245102,0.6287190175948734,18,Japan,Mobile
8833,10.09443926174447,12.770082757622536,0.4889032880389204,18,US,Tablet
8834,26.872308990580265,9.527314721100279,0.5544698836911499,21,India,Mobile
8835,10.105856488322743,11.847024771538567,0.5071912865847129,18,Japan,Desktop
8836,31.853233468720973,7.633881302236726,0.6580823380116503,2,US,Mobile
8837,20.323342776376784,10.233489848176484,0.5600539402772586,14,US,Tablet
8838,31.506891722981965,9.005571321880455,0.5164129589308951,1,UK,Tablet
8839,30.11386209193693,10.046938383878674,0.6258697051724105,1,India,Tablet
8840,25.345512831465637,8.22810291547777,0.5324521407749642,1,Germany,Desktop
8841,24.336246071287096,11.37237653557143,0.6350541025055982,22,India,Mobile
8842,121.00435598078059,12.44580421468886,1.3387399776558315,18,US,Tablet
8843,9.870709555090361,16.266187662017288,0.5199994723852038,17,Japan,Desktop
8844,30.28875577235421,11.598666912361713,0.5117494155837363,17,UK,Mobile
8845,28.435919974312252,9.71370059357231,0.49980499059635003,10,UK,Desktop
8846,26.538772760130175,14.404173406218774,0.4990700359587895,1,US,Mobile
8847,31.40918025584246,14.100076967930239,0.44152253414289105,4,Japan,Desktop
8848,33.694733956624056,13.89310325300444,0.40134184176359733,1,UK,Tablet
8849,22.470221541748188,13.630542367977613,0.6584311184345755,4,India,Mobile
8850,19.221211389483603,6.6915918645853845,0.5107108071961848,22,India,Mobile
8851,25.817162316763465,9.500065109574315,0.42215442510691015,6,UK,Desktop
8852,39.57594518815468,12.155448850213054,0.43289202024735424,23,UK,Desktop
8853,18.36534462874458,7.727485455205204,0.386013166922415,23,Germany,Tablet
8854,27.398984813999927,11.825772577511694,0.49051167464210604,21,Germany,Tablet
8855,26.3236315898077,15.051383010285813,0.2989569619321347,20,Japan,Desktop
8856,15.967006013543584,9.783762707471446,0.48373131451558,14,US,Tablet
8857,27.50268900913865,3.237717922051262,0.68504171645143,7,India,Tablet
8858,34.89148199861902,6.8241830971181034,0.6182556616120101,9,US,Mobile
8859,22.34721878954117,15.20074976506065,0.48310168842263435,21,India,Desktop
8860,28.554885939048805,13.185559460136654,0.3854167284018571,18,US,Mobile
8861,42.62089078581006,15.001757420814855,0.4549489342752939,13,Germany,Desktop
8862,36.65169237352093,11.90301852416903,0.3006429505431198,14,India,Desktop
8863,32.3487002293414,9.18412359858527,0.5177999591175699,15,US,Tablet
8864,16.055461143866964,6.409861717386347,0.47905975440026694,15,US,Desktop
8865,49.3030188260399,9.343842574989228,0.5841666914053606,7,Japan,Tablet
8866,206.0931162735825,13.483637095481312,1.133914253380176,14,Japan,Mobile
8867,1.604393022239119,9.468952845230245,0.412324985451859,1,Germany,Tablet
8868,27.444449644136636,8.234619423756216,0.3665565471433936,8,US,Desktop
8869,19.742503058314675,5.174722420307204,0.35149469209394135,14,UK,Tablet
8870,5.606705268938718,6.654710334011312,0.39095043869331514,0,India,Tablet
8871,80.61463160462358,10.102270659402123,2.6841760551269824,0,US,Tablet
8872,19.300567341191908,11.799503143095531,0.4209004453847301,3,Germany,Tablet
8873,27.392449345155168,6.070323077867128,0.6025293728928964,23,UK,Mobile
8874,43.08067138862924,6.89647966125973,0.5024890008860836,21,US,Tablet
8875,42.039524258142606,13.710856483534059,0.2857161162799111,23,US,Mobile
8876,31.669944948021477,15.676813553836007,0.5475401475993386,19,Japan,Desktop
8877,26.580340887634385,10.58025889082074,0.5955543050630371,1,India,Mobile
8878,10.522243452021819,8.676644521017648,0.525709277017317,23,Japan,Mobile
8879,26.33739601799916,10.944452349611648,0.6802054657746228,20,Japan,Mobile
8880,31.37428688683905,6.429591629828295,0.6168539568336383,7,India,Tablet
8881,15.778626913033715,5.5993250233891425,0.5078482701182937,15,India,Mobile
8882,21.72158494477076,7.896211394013867,0.6648049587483201,21,Germany,Tablet
8883,46.22093819574032,11.62304173836208,0.5557173668536495,8,Germany,Tablet
8884,15.439822782661949,10.838450160428245,0.4838451153471193,23,Japan,Tablet
8885,56.53993448334204,8.859210294219608,0.3747255681618941,12,US,Mobile
8886,28.742861879536,13.532202916786662,0.48360646367438537,7,Japan,Tablet
8887,23.439009219889932,5.1556507798250095,0.47250933230220865,7,Germany,Mobile
8888,45.92915622899518,15.139175059696239,0.41749883556223033,1,UK,Tablet
8889,43.002465629694086,6.099438315747884,0.3831631317399724,2,Germany,Mobile
8890,46.00325275234177,6.904645932574541,0.4840818687094594,5,Germany,Tablet
8891,43.218117536485394,14.730710989080112,0.5748269636952592,6,Germany,Tablet
8892,35.200044691546346,10.901918275319526,0.44271087727764435,16,US,Desktop
8893,43.48866219600549,10.349914154204377,0.41138508013108055,7,Germany,Mobile
8894,25.71216453333423,12.461925694869853,0.46626267296445273,10,Germany,Mobile
8895,44.52242748979002,14.352881513866773,0.7021299850311581,12,Japan,Desktop
8896,19.11993395086642,7.735712664890937,0.36599844050982866,2,Japan,Mobile
8897,41.30446774377685,7.162166370682366,0.3051981942854759,8,Germany,Tablet
8898,35.371300237123336,15.239759534047451,0.45546545472502925,20,India,Tablet
8899,26.42325762766533,8.215533557735961,0.5428045418246189,6,US,Mobile
8900,26.414804138473148,6.900096253821975,0.4870947143774731,20,Japan,Desktop
8901,27.504443148049806,7.929123709670855,0.2513855460627783,14,Germany,Mobile
8902,9.684366167576922,10.61004298804028,0.43422193546865695,13,India,Tablet
8903,9.906934101361912,13.15626755656012,0.7533726616539083,1,Japan,Desktop
8904,22.57486904585809,10.049242218319884,0.5995685443413693,16,Japan,Tablet
8905,45.355941135767786,14.080314701407225,0.5518673884952631,21,US,Mobile
8906,24.686181850478697,11.578320560163936,0.48504442335271447,13,Japan,Tablet
8907,32.660310888077646,5.763634962109901,0.6356341985729194,12,India,Tablet
8908,14.0106968674434,6.332710429404198,0.6897482496639987,11,UK,Mobile
8909,27.75319450887543,6.698507485759943,0.45473987606463406,11,Germany,Tablet
8910,40.82327042594831,8.918461858968017,0.5832335327167923,23,India,Tablet
8911,31.338416463462227,9.798301672588224,0.5113105618164443,18,US,Desktop
8912,32.245746560196615,9.072004293757292,0.40487207376209,15,Germany,Tablet
8913,50.21569050415266,11.175180221882819,0.5059759260213114,5,Germany,Tablet
8914,30.249055170842077,10.35424193477943,0.297703632685692,19,Japan,Tablet
8915,41.00130514112252,7.625282216108177,0.47635824245956726,0,Germany,Tablet
8916,47.298267677591525,10.91649429300978,0.2669738340186302,19,US,Tablet
8917,9.133025725573614,10.431611950879937,0.5715190736139404,23,India,Tablet
8918,34.65230543386656,9.022317546902134,0.4748946210327587,19,Germany,Tablet
8919,29.738481023306573,12.324884380696641,0.5795218402641594,23,Germany,Tablet
8920,31.930479887707065,11.011863070204548,0.37377761548534155,10,US,Tablet
8921,47.15873675345352,12.933797023702148,0.5019711789555575,19,India,Desktop
8922,14.835432333916463,16.027991545197267,0.5303130184570627,13,Germany,Desktop
8923,32.580808316098725,13.971433546893028,0.5060210762593557,14,UK,Tablet
8924,20.419887829692808,3.9615225702471193,0.46023404039403737,14,UK,Mobile
8925,12.877532728776401,10.987448182892283,0.549158126358723,16,Germany,Mobile
8926,18.76071256956356,15.884708518607177,0.5458367320598543,5,Japan,Tablet
8927,31.7236055813666,10.62505052827071,0.457928612779595,21,US,Tablet
8928,38.023488894941,8.994600124935326,0.39915082320069145,16,Japan,Tablet
8929,32.500113878842825,10.699134485133971,0.7289828301454249,18,UK,Tablet
8930,24.40650082066324,11.256408779551627,0.710463533046786,8,UK,Desktop
8931,33.157448643568955,11.078281008973098,0.24622720190833558,15,India,Mobile
8932,32.55617968955048,11.350000895711812,0.4713834414218062,0,Germany,Desktop
8933,19.01878709576654,10.538831448947379,0.4767072905037347,23,Germany,Mobile
8934,29.23345327653441,9.453221187240699,0.5473689474928245,2,Germany,Desktop
8935,40.71691961123297,7.30942599040803,0.44241113294715045,16,Germany,Tablet
8936,24.45860120911054,9.955844512979297,0.578050072976289,10,US,Desktop
8937,51.03809146322981,9.26789231300636,0.5746337060915344,16,India,Mobile
8938,38.77182668925002,9.939014610330391,0.6056589925295949,23,Japan,Desktop
8939,37.231422016289855,16.254848474702353,0.5160632449463846,17,India,Desktop
8940,11.31759069784071,10.387600797654988,0.5775637369111545,0,US,Mobile
8941,34.63749636887446,12.846118546239703,0.3312339476019626,0,Japan,Desktop
8942,32.07254832076284,10.118121493480709,0.5052399074363333,12,Japan,Mobile
8943,16.91059062508597,6.743507314728918,0.48926262900133694,20,Japan,Desktop
8944,28.41321772940354,5.057170034315352,0.3679918343643639,1,UK,Desktop
8945,22.34542482867,7.991377783036382,0.5035651757505948,0,India,Desktop
8946,43.87029383984333,7.538710876871251,0.3942183828459683,6,UK,Mobile
8947,38.48400373489581,9.13376530975918,0.46361817886779255,18,Germany,Mobile
8948,14.512726048176726,13.89046129303775,0.4325577897276361,20,Germany,Tablet
8949,38.19724076257048,8.534951616420415,0.4982417233392739,11,Germany,Tablet
8950,23.96729048557544,7.655484336709518,0.3775548274815348,6,Germany,Mobile
8951,18.735685640616854,5.97877005069984,0.5354662035916501,13,India,Mobile
8952,34.87800351261107,11.857987081783037,0.33157872810325284,0,India,Desktop
8953,16.811950178847606,11.87475182668896,0.4242255231250208,20,Germany,Tablet
8954,26.58421705073186,6.398527742214474,0.3388444006647132,3,Japan,Tablet
8955,39.17422098016312,9.373672580088492,0.41019559680792894,7,UK,Tablet
8956,21.059828278184654,5.535648130761502,0.4149759449098959,8,UK,Mobile
8957,14.945318147117774,11.734391640706656,0.7513916741041714,1,Germany,Mobile
8958,42.47074700540089,11.753793011887536,0.4180953084842854,16,UK,Mobile
8959,21.942546518087166,11.561398507962476,0.47043554095765167,17,Japan,Mobile
8960,14.45976324146761,14.982858768468976,0.5911970265117645,14,US,Mobile
8961,18.65566520965219,8.263152734734028,0.47349860281164313,2,India,Mobile
8962,38.772947759987225,6.384013571218908,0.42242679534116256,14,US,Desktop
8963,23.30540761080212,7.202193521900261,0.5219231039108608,1,Japan,Mobile
8964,40.79132159256755,5.548274867814368,0.5192105736551827,8,UK,Mobile
8965,16.338620737031768,3.199677340656743,0.4935470326190695,14,Germany,Mobile
8966,31.87827598134651,6.67204822246197,0.5375267182560975,14,UK,Mobile
8967,39.83449766545448,4.018883816628363,0.5473894105995732,4,India,Mobile
8968,40.32806875008173,13.056473462205762,0.5952547445376659,14,Germany,Mobile
8969,32.73580626775371,13.292286336486569,0.5854914004536821,6,UK,Desktop
8970,27.65742454710471,11.013136208733469,0.5173816720798307,7,Germany,Tablet
8971,31.750506197060922,6.998321544558435,0.5982321112236494,1,US,Tablet
8972,28.028834378915125,7.226877153491357,0.5788812133387217,2,UK,Desktop
8973,27.098013396111618,14.630382389305797,0.37501725778580963,6,UK,Desktop
8974,13.67289688616129,10.514791316455442,0.38765908449369146,0,US,Mobile
8975,21.711083895417392,5.537054766138386,0.49755675600979815,1,Germany,Mobile
8976,32.485245887461716,11.144957061037001,0.4490463349503876,20,Japan,Tablet
8977,36.352783906805676,7.19605520330224,0.6168415828014366,16,US,Desktop
8978,31.968631231378737,6.069282507798396,0.5244597124771481,4,India,Desktop
8979,30.43320147802667,9.300939348130346,0.47043570603642865,3,India,Desktop
8980,35.215977778013354,9.612917833730295,0.3013678998556213,15,UK,Tablet
8981,14.30119785226751,8.296271869703144,0.5105357991486152,5,India,Tablet
8982,33.635845342025476,12.241366023125872,0.39869286986378216,18,UK,Mobile
8983,36.21176453461118,9.567839062178336,0.6848922725113932,5,UK,Desktop
8984,42.553385452288325,13.835948783908293,0.5381602700350543,19,Germany,Tablet
8985,31.780566157599118,15.547641274523162,0.7374028897407614,0,Germany,Mobile
8986,47.22752274262669,9.252305353863614,0.3979461423029673,23,Japan,Mobile
8987,31.337401932290533,9.067719810434191,0.4266550615053728,6,Germany,Desktop
8988,31.732002817613797,3.2616930220965124,0.5504777153152387,13,India,Desktop
8989,49.32489814690112,16.401573032502498,0.3991392031188175,6,US,Tablet
8990,9.001903929435517,10.55722343551052,0.391905787737653,19,Japan,Tablet
8991,27.79793686970438,13.790223064983671,0.4540880256700811,9,Germany,Tablet
8992,36.186086730209055,13.232971516748783,0.4037229129255153,5,US,Mobile
8993,7.440020168966356,14.45355185679343,0.35742954191577997,2,Germany,Desktop
8994,31.25854880881635,11.486954870323412,0.4610998370256869,11,UK,Tablet
8995,34.417520845016945,10.734369539604709,0.3841051897948876,4,Japan,Mobile
8996,19.19725866085886,10.705787011272326,0.6488244626206183,13,US,Tablet
8997,18.14090545563338,8.618221910232101,0.40028983838996957,16,US,Mobile
8998,42.84743641141364,12.421357986607756,0.5497092750417651,6,Japan,Mobile
8999,27.989310218705473,6.487547960088707,0.6919197294598888,1,Japan,Mobile
9000,53.35964458450798,6.432907449451397,0.6834490655430107,5,India,Tablet
9001,23.776287563149932,9.616407557070891,0.6600471449960537,13,Japan,Desktop
9002,27.145808198551958,14.736264288802696,0.5231071341175826,14,Japan,Mobile
9003,33.06557389314271,5.4835206899768485,0.48401309266554204,23,Germany,Mobile
9004,12.37742211687311,12.932668509703806,0.6014934536804648,22,UK,Tablet
9005,33.19614164679003,13.186852663992052,0.39583970352244774,6,US,Desktop
9006,35.09684166783724,11.146496657224407,0.3471959303671103,4,India,Desktop
9007,35.275863924193004,11.553782634759546,0.348463900250986,1,Japan,Tablet
9008,35.60572793141203,5.848002122439454,0.5416343169507791,4,Germany,Desktop
9009,35.980155870086335,13.51413024960156,0.521910154074656,20,Japan,Desktop
9010,29.871933236399837,9.680456989964735,0.5237299631647502,8,Germany,Desktop
9011,13.754536057421543,10.784385607809316,0.2885302340562814,19,Germany,Desktop
9012,16.09781142706991,10.667379587540525,0.48940541306492535,6,India,Desktop
9013,44.732582882365136,7.458116875745312,0.45057290204150396,21,US,Mobile
9014,16.82724741072085,8.210753098670269,0.21024381703219036,1,US,Tablet
9015,26.591314752177812,11.36876816955316,0.38306991246522526,1,Japan,Tablet
9016,27.766905840223252,13.49131857960788,0.3527470023613961,15,US,Desktop
9017,44.86321551349522,6.41059149693006,0.5425691866667912,14,US,Mobile
9018,27.850335353127598,7.665537521805458,0.5272508425777428,18,India,Mobile
9019,37.94522397021249,8.336417127746948,0.2941126837944129,11,Germany,Tablet
9020,36.016903841713415,12.424046419192283,0.47015497604248907,10,India,Mobile
9021,23.6745164139221,13.262994077181666,0.47329146753693957,22,UK,Tablet
9022,45.76550221275632,10.682409263915996,0.6170110845966488,13,Japan,Tablet
9023,9.77021501036883,9.789554232266207,0.5183995388701408,8,Japan,Tablet
9024,30.905696916249287,8.316073480376183,0.5489357517565667,21,Germany,Mobile
9025,25.414888737635195,12.29841258544519,0.3547189016349248,15,UK,Desktop
9026,22.73864880887679,8.398608929621922,0.5315856982046627,4,UK,Tablet
9027,37.72763443182884,9.825043939540999,0.5450919972216927,0,Germany,Tablet
9028,36.23014517904531,13.379940570721804,0.4171784465050331,14,Japan,Mobile
9029,24.575002954425678,10.114227155678718,0.4309748497522601,18,India,Tablet
9030,38.3980719208009,13.518915126075502,0.48197983658453536,13,India,Tablet
9031,29.034476299765416,8.160037268587367,0.30866623289727524,7,US,Mobile
9032,168.9048831965748,7.124743418455013,1.970952010342867,8,UK,Desktop
9033,42.77359625988602,8.83111022942345,0.6203508363734598,6,India,Desktop
9034,25.86840506684436,12.432239405269277,0.41164157193990947,22,Japan,Tablet
9035,21.640930709492284,14.483731443143215,0.4441801722377433,17,Japan,Mobile
9036,22.356836130674722,6.859625470331458,0.40570962578147496,11,Germany,Desktop
9037,121.84351073547776,9.665104343946787,1.9457908512195885,7,Japan,Mobile
9038,28.78482320506872,10.832754240550408,0.6797357786459626,8,Japan,Mobile
9039,37.36413826926633,7.020027934425766,0.5154601278824323,16,Japan,Desktop
9040,32.200707834289666,7.144988604635605,0.5067588117947994,9,UK,Desktop
9041,21.536420333916414,12.70071664344886,0.4048047468997108,22,UK,Desktop
9042,17.928975076269666,13.796601369148945,0.5587297019052431,23,US,Tablet
9043,40.63833177260314,8.94111855884715,0.529847860785199,6,India,Tablet
9044,33.74986959440875,10.397649191902007,0.44789514082432164,21,Japan,Tablet
9045,37.889917965285505,10.114518696964206,0.47627509541718127,16,UK,Mobile
9046,17.46204257339916,8.888919717098533,0.36462603205591704,3,Japan,Desktop
9047,36.14742776961499,9.161326451978992,0.5002606117126035,4,Japan,Desktop
9048,29.429205029769225,8.069246867372367,0.5333083858557848,21,Japan,Desktop
9049,29.2936992909517,13.355369712957527,0.6292940143174002,17,Japan,Tablet
9050,26.839226397400044,12.006600641238899,0.37560494322845633,4,Japan,Desktop
9051,16.64547466591508,13.804806730491018,0.4482417820135728,21,Germany,Mobile
9052,19.559777794106527,8.914200307370356,0.493596092851571,20,Japan,Desktop
9053,223.45834888185502,5.413324107607192,2.145350109004005,1,Germany,Mobile
9054,33.98114611477448,6.7847661042592495,0.33874159085286853,9,Japan,Mobile
9055,21.569255293852112,12.16322259142671,0.5541250351718303,7,India,Mobile
9056,48.9485266302111,6.798374847357543,0.4708580706039074,13,Germany,Tablet
9057,15.322626837287821,15.832385394088606,0.6165604163020441,17,UK,Desktop
9058,14.908236340867633,12.141126321482387,0.5219575005546112,7,US,Tablet
9059,23.503577704508892,13.099322581140068,0.41918438115678436,11,India,Tablet
9060,35.372190700541765,9.375865361490002,0.615870248590243,9,US,Desktop
9061,22.243772442400576,10.87975781482652,0.6118830487936278,11,Japan,Mobile
9062,20.83375350063786,8.364213512187915,0.34091125414213286,21,UK,Desktop
9063,36.85369382269996,9.301912461315181,0.43443295261934817,19,Japan,Mobile
9064,24.335885962960297,11.578710233416295,0.32578804389126437,0,India,Mobile
9065,36.416743538913025,11.872461874269938,0.471837728356578,15,India,Tablet
9066,33.558187870017576,10.406582845082339,0.4863242105148323,17,US,Desktop
9067,34.77951311963771,12.191941805898182,0.41053338430213243,9,Japan,Tablet
9068,45.893554994544125,15.13872722483076,0.4975277745642993,8,UK,Mobile
9069,34.19485789740561,5.944615661757293,0.4302728470736296,23,Japan,Mobile
9070,25.136303504668785,9.7844838852009,0.5980772323160612,3,US,Desktop
9071,37.30709930099049,11.700430360587331,0.4648423545756592,2,US,Mobile
9072,30.721087107631618,2.94299350991382,0.6858067461097438,3,Japan,Desktop
9073,21.475838649105345,7.758201298556433,0.5891577503152994,23,Germany,Tablet
9074,43.45075666760947,7.268786409392664,0.605652040348061,2,Japan,Desktop
9075,37.97376446749768,11.092072389091724,0.3637802550741017,22,UK,Mobile
9076,31.525611520105553,6.146332780155659,0.4341589524143614,21,Germany,Tablet
9077,44.921982232438054,11.417703010321265,0.44292634257582314,4,Japan,Mobile
9078,43.232086426738775,11.026478173095189,0.4318160951599884,0,Japan,Mobile
9079,22.660109048273306,13.024012668156741,0.41591335512828803,10,Germany,Tablet
9080,20.798310813872163,5.714933316191743,0.5339947663586277,0,Japan,Mobile
9081,10.909211852948395,8.442374896502798,0.3661982271690225,16,US,Tablet
9082,31.883557098066333,3.5988578628007204,0.3766511247712811,18,Germany,Desktop
9083,40.65355859024422,10.112116976189773,0.5169534403377052,18,India,Mobile
9084,35.62715437611489,16.882929247256754,0.43619163177693426,8,Germany,Tablet
9085,25.755834155226445,11.483946125474938,0.4907141658590446,17,UK,Desktop
9086,29.63654816273905,10.787969066033355,0.41424953289639066,7,Japan,Mobile
9087,30.11833120688245,11.380408161654444,0.4170432638297712,8,Germany,Desktop
9088,53.43118186017679,11.07482025600122,0.47043802603651885,4,Germany,Mobile
9089,255.28249407760697,6.4138200884353065,1.6525199974309008,21,India,Tablet
9090,12.45900130559788,9.001865858570183,0.49517971430457897,11,UK,Mobile
9091,39.48481409324653,13.83567926917501,0.6323433150193117,8,Japan,Mobile
9092,37.32140240429547,14.886886201966218,0.5582717420243271,17,India,Desktop
9093,19.858426686261858,13.877371412834021,0.539614957739541,17,UK,Desktop
9094,14.633879144870983,8.150009396224743,0.4306810857249271,15,Japan,Tablet
9095,34.18865426075274,12.218167206653,0.36759660317622417,19,Germany,Mobile
9096,33.72192002386677,9.572439578766389,0.6743313799950634,11,Germany,Desktop
9097,20.5399543640432,4.610044484908212,0.37473517796374217,21,US,Desktop
9098,35.39403838493002,8.513130542758693,0.4344764454817242,15,UK,Tablet
9099,27.400241960169637,8.960829220666767,0.49574863092666654,16,UK,Mobile
9100,50.767137299286176,7.133759105833758,0.5285798267427924,15,Japan,Mobile
9101,60.698636021239004,12.716368183915757,0.4083722781386054,1,India,Mobile
9102,15.284121001058574,11.062183433010158,0.6359738968531943,21,UK,Tablet
9103,41.35511182734569,6.01557871060559,0.8541553669857342,17,Germany,Tablet
9104,15.415686191681035,10.442534330370627,0.4738074545918438,19,UK,Mobile
9105,17.387431550823862,12.221763274493428,0.40990914920315286,11,India,Mobile
9106,47.11999879307892,4.912579796177962,0.6048365988541293,21,India,Desktop
9107,45.83309305555502,15.454692187762006,0.6594975960685303,17,US,Tablet
9108,28.583432061010352,7.142717949971957,0.44614093703877045,19,India,Mobile
9109,12.962608769525485,12.19972125326434,0.5099244020735065,22,Germany,Desktop
9110,38.799517068402,13.112261311343815,0.6182840476024033,5,Japan,Tablet
9111,24.165598034587152,11.742538168290688,0.5602704393159366,15,Germany,Desktop
9112,6.816078878611172,10.92033374207421,0.5071366142441184,18,UK,Tablet
9113,27.65442903842747,8.383957547809725,0.21860878083287116,21,India,Mobile
9114,27.356988288322533,6.2322350162509,0.4676688997963671,9,Japan,Mobile
9115,49.974144688040305,15.951936569204467,0.45292559080550054,4,Germany,Mobile
9116,31.800403549509205,8.190809425346249,0.5621104980196315,2,UK,Desktop
9117,26.394361038196983,17.733925745546223,0.38879759423980287,14,India,Desktop
9118,17.887507487659136,4.901298053077309,0.6265393705522438,19,US,Desktop
9119,36.047627208330844,13.965601869268653,0.43165376898365443,14,Japan,Mobile
9120,24.456653770028133,9.068475259548507,0.5916886237869556,5,UK,Mobile
9121,16.640165411388384,11.338682853437035,0.6844808452017577,13,US,Mobile
9122,25.273527921120277,10.725444079148053,0.6460118465438458,7,US,Desktop
9123,28.966105388069696,3.9910331330168827,0.46347882785112793,8,India,Desktop
9124,39.94559775145345,8.360382106724591,0.31064301455695414,6,Germany,Desktop
9125,45.2675457516235,10.159304763384357,0.7075871817899908,11,UK,Desktop
9126,26.308063689576965,12.042761367375226,0.5388122867900703,12,Japan,Desktop
9127,24.384499364470173,12.503642137286603,0.4651821312764258,0,Germany,Tablet
9128,17.218114895457987,7.889010976104085,0.5542705643241206,11,UK,Desktop
9129,22.669418623980665,6.078351386581412,0.4858090627310589,10,Germany,Tablet
9130,18.67642801467717,7.812651335061405,0.3264310270089727,1,UK,Desktop
9131,16.571151119987242,9.956897812874688,0.5472437228271033,15,UK,Mobile
9132,33.67016613319326,7.666691916290597,0.5151269948878354,14,Japan,Desktop
9133,42.47292765351956,15.689127948381323,0.46732426249678954,19,India,Desktop
9134,47.157742354687514,12.617785256359172,0.6377989368312649,16,Germany,Desktop
9135,31.412749562604358,12.246072826461809,0.5027136314370704,20,UK,Tablet
9136,55.15517205948765,13.455577779792264,0.722467486618708,12,UK,Tablet
9137,36.411676786007234,12.323166042073955,0.6857156621554081,8,Germany,Desktop
9138,18.127245710515865,10.500668308040723,0.4302538821792536,20,Japan,Tablet
9139,26.491567520763528,8.310551633948428,0.5094609528926843,3,US,Mobile
9140,27.729369642003803,11.208985769313378,0.5560397976819597,22,India,Tablet
9141,31.30998164033985,8.119079065739458,0.4817301083565497,10,UK,Tablet
9142,40.28576553866144,11.781913861706133,0.474948509116562,2,India,Desktop
9143,22.7071009756882,3.7252925889680695,0.46476609060350105,23,US,Mobile
9144,11.278395588103255,7.480023772024399,0.5924793133860605,14,US,Desktop
9145,35.965558499947385,6.861659985851813,0.6738012031606249,17,UK,Tablet
9146,19.322034839078377,7.1633975653696425,0.424344910933034,23,UK,Desktop
9147,72.0048458696774,8.703397810420393,1.7129982575949003,0,UK,Mobile
9148,41.845126596752706,7.866433945724979,0.6008742519971904,17,Germany,Desktop
9149,28.69043480108246,10.837335111433786,0.6008145880864049,11,India,Desktop
9150,21.664234758476482,8.720861592057872,0.3506025502324771,11,US,Mobile
9151,37.02631687765106,10.722468494959232,0.4726802176196493,3,Japan,Tablet
9152,21.668384387964288,10.67945001298616,0.36702530165637093,21,Germany,Desktop
9153,47.786217425780706,12.473911188749003,0.592161777010823,19,UK,Tablet
9154,23.697225078968586,11.128063391140055,0.5998863238488861,19,India,Desktop
9155,12.865194742465093,10.116619069496616,0.388392218268398,2,Japan,Mobile
9156,39.214807262919386,5.011261867406242,0.6434564258547285,9,Germany,Tablet
9157,8.506343938277212,7.79065932416462,0.40034394383737615,13,UK,Tablet
9158,19.39310778937592,11.615130045518072,0.3329104977284433,2,UK,Desktop
9159,41.17925342740406,8.33444315739375,0.6314141316809616,19,Japan,Mobile
9160,34.779064094175354,9.553027666658032,0.5409970610547689,22,US,Desktop
9161,36.488915295490855,5.366159682489908,0.5740726061647969,22,Japan,Mobile
9162,36.640423279202,12.43315619274297,0.41813194135414966,5,Germany,Tablet
9163,38.6040094249857,4.838315314573546,0.3726089165120901,23,UK,Mobile
9164,41.675862169209765,8.899895173581223,0.6062534908858681,19,US,Tablet
9165,17.81206387446306,6.964470137873445,0.5486749948165756,18,US,Desktop
9166,22.458935525715802,7.245522046887816,0.29502009447282096,5,US,Mobile
9167,39.08883398651638,5.012271013938532,0.4595720576100404,2,US,Tablet
9168,35.905415352852586,7.064589145318869,0.4411022997362779,14,Germany,Mobile
9169,50.95152964280352,9.720851792160156,0.5414264989579153,22,UK,Desktop
9170,21.76351978207868,13.60314459480221,0.3977864594041402,7,India,Tablet
9171,33.20675460069176,9.57130438344871,0.5012334647533719,9,Germany,Tablet
9172,16.158418128184607,12.67747673929977,0.488702429139635,15,Germany,Tablet
9173,35.87893029943048,9.482740260701828,0.4139965781008138,9,Germany,Desktop
9174,30.405555112620497,10.366194079134205,0.47788841692157347,2,India,Mobile
9175,33.72838313506928,9.731675459169615,0.5044797589854998,0,Japan,Mobile
9176,32.48129039537754,12.011753536372586,0.44839320505238744,18,UK,Mobile
9177,24.29680794939338,5.882851274182672,0.4266722265734531,17,India,Mobile
9178,26.281923448643983,5.755974712923982,0.5496328252117333,19,India,Desktop
9179,16.419027938789064,7.3743405320332,0.6951438229585561,15,US,Desktop
9180,28.880636488657576,8.610259020366504,0.7349934661101609,0,Japan,Mobile
9181,42.36226723540614,8.392076910527893,0.434399413285398,23,Japan,Tablet
9182,23.829369483864582,8.466292358797055,0.39161215301629965,13,UK,Desktop
9183,23.157198630494445,7.204226070275535,0.5858512371953652,23,UK,Mobile
9184,24.234558690921993,12.584979422683395,0.4999548287118378,13,US,Mobile
9185,40.5601478890501,7.283750518653187,0.515782523971008,20,Japan,Mobile
9186,31.322191779814908,9.862516265781245,0.47713411212304596,5,India,Mobile
9187,28.124073132937596,8.462068132697414,0.511823798387335,14,Germany,Desktop
9188,29.661718301320125,13.273530593898737,0.4578870030662409,4,UK,Desktop
9189,30.022600877210415,8.613676737650223,0.5792344954158994,8,India,Mobile
9190,16.335352484845018,5.495686224369633,0.5420873813561815,15,Japan,Desktop
9191,50.09535561336247,10.445239764923944,0.8558691453839462,20,UK,Tablet
9192,36.04576379704987,8.225460497548102,0.5584839965210895,4,US,Mobile
9193,11.94941736864497,4.663487040179944,0.5650087624817152,12,Japan,Tablet
9194,22.909319957886655,11.064600800961488,0.492917367286483,23,UK,Tablet
9195,27.748750771361955,8.983310998188992,0.5687965052559127,20,Japan,Tablet
9196,25.143756669703286,7.253567455805853,0.5467562421189386,13,India,Desktop
9197,7.107610780039877,12.825448302966947,0.15597136533580463,3,Japan,Desktop
9198,29.029561645345606,16.46964304737225,0.34518413619658805,16,Japan,Tablet
9199,52.943294884040355,8.975317593791239,0.49201543834770883,8,UK,Mobile
9200,24.880642749427714,7.402786374602166,0.5689112275419703,21,UK,Desktop
9201,23.933478990098983,7.644070886889294,0.5876753965147692,16,UK,Tablet
9202,21.41619157991843,7.832860435775209,0.4903111963879202,11,Japan,Mobile
9203,38.16716509550203,12.25271593770254,0.5479666136143184,11,Germany,Mobile
9204,34.24033274264461,6.719101392614766,0.4421295351329793,2,UK,Mobile
9205,46.90645116650295,11.153798093463934,0.4475434508103251,16,Japan,Desktop
9206,23.170689322016795,11.093373085739232,0.4641276085429423,5,Japan,Desktop
9207,28.54350866192862,15.736346571216812,0.5993355730696879,12,India,Mobile
9208,16.21598078614763,14.454152342211517,0.587971705103341,10,UK,Desktop
9209,39.6352166807135,14.292816819232991,0.6303270433716056,12,UK,Mobile
9210,25.800343166610773,10.55654781507037,0.5099736644780793,18,Germany,Tablet
9211,33.90016920239567,9.112091388753996,0.607337323526637,21,UK,Desktop
9212,38.93849091778662,9.87909577644582,0.6737991012358798,8,Japan,Tablet
9213,32.35794429994593,15.742272633740793,0.37487099326152407,11,UK,Mobile
9214,12.964401439346318,10.562541251182903,0.5271809656987653,1,US,Tablet
9215,35.75571587601325,9.913111289414104,0.4081501929363745,11,India,Mobile
9216,23.687527221052072,10.058813015056018,0.4756489823812727,20,UK,Mobile
9217,20.97688227456821,4.718482993725244,0.5010399847495007,23,India,Desktop
9218,31.94177085617588,6.5139276255136345,0.46957889002659,22,Germany,Mobile
9219,23.622528478464712,8.431424306330479,0.4157690553778473,9,Germany,Tablet
9220,25.66723761900166,10.854124892143616,0.5409899278032252,2,Japan,Mobile
9221,36.60576566870512,12.350674661791842,0.8456616943195361,5,US,Desktop
9222,39.20034150336526,5.930338034881183,0.5379182171301761,2,Germany,Mobile
9223,15.441577645783578,7.032200254453871,0.38215485229341406,23,India,Mobile
9224,27.116256688876394,15.214776374819404,0.36705193600274,19,India,Desktop
9225,14.36592752610287,11.143416501379898,0.4368886695987945,9,UK,Tablet
9226,39.06673995550165,4.11597181167437,0.6414334242013613,9,India,Tablet
9227,20.193466697962148,6.214235035773667,0.4576794010409226,7,India,Desktop
9228,19.658796786040018,11.276283439806125,0.5551744583748534,5,India,Tablet
9229,43.82122719173939,12.0426991556064,0.613055193415939,13,India,Mobile
9230,25.239578785825188,9.475704553516866,0.5541556952493006,6,India,Tablet
9231,25.686987910132636,7.565562522741013,0.4583130752749989,17,India,Mobile
9232,37.930776242476114,14.008733655973723,0.5221949084478794,2,US,Desktop
9233,25.694751501588478,9.179208631781146,0.43077244439112583,22,Germany,Mobile
9234,38.97368516617971,11.21679157342214,0.5355738587365714,9,Japan,Desktop
9235,44.200246034160884,11.927199647381967,0.609521918865112,4,Germany,Tablet
9236,46.70357073581791,8.98980911635395,0.554644842259099,2,India,Tablet
9237,27.116659621309353,4.136365376219331,0.32794655544865714,1,US,Mobile
9238,21.259173215834906,10.679492669981322,0.6161526717073585,10,US,Mobile
9239,13.21026456152061,11.09629860985802,0.6672317546546749,19,Japan,Mobile
9240,40.52786385884677,13.941760330052798,0.5021317334973304,15,India,Desktop
9241,29.320923652251288,13.255400803992444,0.30604906314382063,14,Japan,Mobile
9242,47.49711343791402,5.365561675167248,0.29733025257964707,22,Germany,Desktop
9243,31.292763256009952,11.844504269994328,0.4168724903633923,3,UK,Tablet
9244,39.86245898460207,15.990749522518,0.5215568679805962,11,India,Mobile
9245,30.465526613488176,11.806247772918352,0.47099624002919727,9,US,Tablet
9246,28.289927929004456,4.903439065252607,0.4003998176307474,20,Germany,Tablet
9247,32.37130211991801,9.413888365246967,0.48348534521654646,17,Germany,Tablet
9248,11.782576763297705,13.741110264473475,0.5125550143142256,16,India,Mobile
9249,42.084147649471774,11.220508544861636,0.49250737874631445,16,Germany,Mobile
9250,29.945182883713525,6.043697988491084,0.5145473258013418,1,US,Tablet
9251,39.93384282612228,7.536988401854091,0.44048637486332626,16,UK,Desktop
9252,31.326366612262902,11.364777957796328,0.37543205277737857,21,US,Tablet
9253,31.70221829951896,10.273836922391276,0.48052818431075484,18,Japan,Desktop
9254,31.210019239304415,11.490639119967666,0.6558440701892433,4,UK,Tablet
9255,23.886811209435514,6.987145132319599,0.6967655386150972,11,India,Mobile
9256,18.987525564838638,13.680975598682231,0.44059449774537324,17,US,Desktop
9257,44.77888098563824,4.507562784103656,0.48815675123580043,9,Germany,Desktop
9258,37.93848974421948,10.131154429665463,0.5261981142484619,23,Germany,Tablet
9259,25.38267815402751,9.908632435447078,0.38815913483321757,16,US,Tablet
9260,23.189250153255202,6.278445975142467,0.5479442983948088,16,Germany,Tablet
9261,33.63694238269872,14.577916508548228,0.494465577598279,1,US,Mobile
9262,23.577718663258487,14.4147353400659,0.4777983871351009,3,Germany,Tablet
9263,37.98231101560577,7.914652765363801,0.6130980308743883,6,UK,Desktop
9264,10.94436474086725,11.936188984097306,0.5634155463457511,6,Japan,Tablet
9265,25.619576220871497,7.638861815619014,0.4714665311992753,2,US,Mobile
9266,35.06740864510588,9.33351006243263,0.47617687412535076,7,Germany,Tablet
9267,17.77629429306394,7.7923893413428535,0.6474153405197628,15,Japan,Desktop
9268,36.53362796288233,8.786122161286501,0.5157951240731289,0,Japan,Mobile
9269,29.90191229989022,6.910788817178339,0.4161668789002094,21,US,Tablet
9270,32.56548892467039,13.507702932784442,0.722741279150973,18,Germany,Mobile
9271,41.14371305491819,13.041579948520361,0.4337250685876586,13,Japan,Mobile
9272,35.95877057103612,6.996458360362442,0.3959493294591599,9,Germany,Mobile
9273,34.99792873366833,9.843785069620921,0.5013319676289473,14,US,Desktop
9274,38.57170599751109,3.860313657148531,0.37529148277360586,23,US,Desktop
9275,29.01762069997287,13.260692082767992,0.4212488670055472,21,UK,Tablet
9276,16.245036560431696,15.795432915333636,0.5499291038615572,16,US,Tablet
9277,29.006947837194563,13.51932390617942,0.6309161427790773,4,Germany,Tablet
9278,23.007312694558703,6.839220809391667,0.661931244224556,22,UK,Tablet
9279,27.345432121114545,11.810387569776282,0.43682116690027006,5,Japan,Tablet
9280,20.197160608136084,14.93762810971299,0.5873116953788012,3,UK,Desktop
9281,18.23329226751256,8.427882677083042,0.4129256366502502,6,US,Tablet
9282,25.827822072292516,12.71927023933714,0.6167528835927428,19,India,Tablet
9283,53.70617524948461,9.30161325064919,0.5376231780962847,18,Japan,Tablet
9284,35.977602096510594,8.470078033159908,0.35139537242351426,3,Japan,Mobile
9285,28.80545312348448,9.71623947067809,0.658905606832992,7,Japan,Tablet
9286,30.001054038101213,13.02022163582203,0.6113723676355513,19,Japan,Mobile
9287,33.606649567021464,8.839504663152946,0.4257585004897192,9,Japan,Mobile
9288,-11.641671166300139,7.048722533761458,0.8265220091933807,19,India,Tablet
9289,17.96944885209971,9.126806788689121,0.5650005869480126,17,Germany,Tablet
9290,31.906780529019414,9.133034656365666,0.5875630576605677,2,India,Tablet
9291,18.807542212224988,2.73735681090107,0.5075596339838153,10,UK,Tablet
9292,30.2504617450185,7.710476149498539,0.5708473674582772,12,Japan,Tablet
9293,21.04668664742158,10.980681530575538,0.586132007576901,20,UK,Tablet
9294,39.42931313329557,15.106048574351725,0.273189854941317,9,UK,Tablet
9295,40.30634346928327,4.145473068509576,0.5969405333577009,2,India,Desktop
9296,35.21817957238516,6.523212550777194,0.508750255116173,19,Germany,Mobile
9297,19.475706788613138,7.6603957554330755,0.49759592966941024,23,India,Tablet
9298,25.159855861818784,5.57540554874562,0.40962806188291456,11,India,Tablet
9299,27.408355755717754,12.319925840214276,0.4095185577030196,10,Japan,Tablet
9300,23.30640399046772,11.211204086612328,0.3373454937982887,5,Germany,Mobile
9301,41.98679547765873,15.541360166324571,0.4245709618053267,5,India,Mobile
9302,152.35012525595295,13.566106677280054,1.2322266579381789,15,Germany,Mobile
9303,22.996933564995242,12.102412732945536,0.428604620368902,14,US,Mobile
9304,34.829911595125644,11.173513574971805,0.5286974799968254,17,Germany,Desktop
9305,27.04196998210777,14.598896336309878,0.43904152936959573,0,US,Tablet
9306,11.75183562985249,11.325845807108065,0.37732104974913194,1,US,Mobile
9307,31.98776798639498,10.673951309172187,0.35175312240210066,0,US,Desktop
9308,31.65502233031013,7.2928778736311175,0.43673083101086146,6,Japan,Desktop
9309,20.421116641731064,9.111371506843085,0.4534446932159764,2,Germany,Desktop
9310,36.017344199896634,10.371882811469261,0.49675756085011297,18,US,Desktop
9311,35.1731368246302,12.006664858265484,0.6517583655317296,3,India,Mobile
9312,24.869350436411523,8.810397360555804,0.35287065738966306,3,Germany,Tablet
9313,20.54538826575675,8.133715290202929,0.5664270744140821,4,India,Tablet
9314,29.27515990571222,10.324474305085298,0.46121000687874464,15,UK,Desktop
9315,36.715106518885634,9.930934979125661,0.6729570815604258,3,US,Desktop
9316,43.56953996195317,5.241877725859258,0.6029131430634137,21,Germany,Mobile
9317,33.805672311326404,4.458434394517852,0.47628601903659684,20,UK,Desktop
9318,13.7185140286804,6.647424567653743,0.6304782746684463,4,India,Mobile
9319,43.40686402131662,11.081807984098745,0.4957613383114795,1,Japan,Desktop
9320,17.219160152386465,7.20405583535069,0.5471633250772383,7,US,Desktop
9321,25.953287624626768,6.132600162368305,0.5424919588231789,21,India,Tablet
9322,17.598865347721713,8.755365216119792,0.5506175939366668,1,US,Tablet
9323,24.883964579996714,13.013477814847775,0.5523797796773311,1,Japan,Desktop
9324,29.034837019781953,9.645916474165196,0.4457672986917551,7,Germany,Desktop
9325,34.05833723602695,8.162683165174528,0.4265514375678185,10,Japan,Tablet
9326,39.04200396194491,11.316877225787607,0.4390118997731951,13,Japan,Mobile
9327,13.055714637839284,4.639275795805587,0.5593922886542881,3,US,Mobile
9328,24.936065855513448,16.591619809174645,0.5222977501706099,15,US,Mobile
9329,35.252136210630766,11.539709678727796,0.4204002315893814,5,US,Desktop
9330,23.689249563965777,10.179334087798155,0.29625271081778165,17,UK,Tablet
9331,39.63912891152439,11.27732334117517,0.47548869605187827,6,India,Mobile
9332,29.395011939766075,9.3061412503681,0.5749566648064076,14,Japan,Desktop
9333,16.20197251299598,6.016112186176448,0.5601406617067742,1,UK,Mobile
9334,177.7784116237779,9.579716639465957,1.0682450045213931,23,Japan,Mobile
9335,32.658868319123,8.400807059217133,0.3301123628852526,10,India,Mobile
9336,28.68053314078558,8.162970379981891,0.449000736042522,23,Germany,Mobile
9337,31.961743530562757,12.244633857636831,0.6417431798930185,21,Germany,Desktop
9338,13.954295108667878,4.799418329393705,0.4862469641476315,10,Japan,Mobile
9339,40.204937633539146,8.289399160073323,0.46779700041898836,2,Japan,Desktop
9340,21.2234533889075,5.702626850141505,0.5532880981554845,17,Germany,Tablet
9341,40.9689855354781,9.873698226784366,0.640172456581344,9,UK,Desktop
9342,18.763141709705415,12.509306935767,0.40941976825542853,3,US,Mobile
9343,22.774587395130915,12.629675796253107,0.556079523950559,0,Japan,Mobile
9344,28.14938230060478,9.370736526646013,0.4866160866073759,18,Germany,Mobile
9345,35.255987570837476,9.143387685393657,0.48246145300762133,9,India,Desktop
9346,10.445318470649504,13.525219113843013,0.691680671820126,15,UK,Tablet
9347,37.72164893016485,10.255454344230348,0.5652538810764058,21,India,Mobile
9348,29.81755325575345,6.717020210485208,0.4857021257528581,23,India,Desktop
9349,20.766583434769267,14.034440648362281,0.3646701961189419,7,Japan,Mobile
9350,34.780600578844464,13.844072425728463,0.4320416572045748,18,US,Tablet
9351,47.58972296288441,13.966739598703551,0.3239652818656647,3,UK,Mobile
9352,29.5522470030323,9.96872194044417,0.46224756576488185,14,Japan,Tablet
9353,33.444831681768754,12.366868312402556,0.4350748623083011,18,US,Mobile
9354,21.203758517337512,8.156059979479119,0.4282172932173681,22,US,Mobile
9355,144.35431129073524,5.397625488770525,1.2983850135080166,22,India,Mobile
9356,35.788476856559754,7.7203068033551165,0.49529599839042676,18,US,Tablet
9357,13.588513681010443,8.844045676542093,0.7349487629681152,9,UK,Mobile
9358,15.689147847021642,13.353917363814498,0.5004648384955053,17,US,Desktop
9359,36.31172588817532,14.134440216556712,0.43061354237553917,18,Germany,Mobile
9360,36.86893920977464,5.383487538240884,0.5948869810004088,19,US,Desktop
9361,3.9498870474739576,8.713397365147316,0.5561824842721607,0,Germany,Mobile
9362,46.789643297991084,19.47974862575848,0.4147552313953101,0,US,Mobile
9363,12.45476121300526,14.66732339502335,0.6346095809817807,15,Germany,Mobile
9364,29.204389778977163,12.478333063004868,0.5314008172596235,5,UK,Mobile
9365,39.99125991967364,8.718050663879968,0.41233975736437356,23,India,Mobile
9366,28.865058162075943,6.559940998624561,0.4642357473042422,7,US,Desktop
9367,29.21379870657871,9.956855590401972,0.4377348758760433,17,India,Tablet
9368,30.62694395366239,11.245049765425547,0.5871279695227967,6,UK,Mobile
9369,16.03981278225255,11.048504641728181,0.714022187679112,8,US,Mobile
9370,20.15176510773865,11.103116350913277,0.629201695852246,23,Japan,Desktop
9371,148.91750495007423,7.635902756803804,2.5845059576044775,0,India,Tablet
9372,35.58594371988779,10.434711177885708,0.662737561067344,1,India,Desktop
9373,26.00819724028698,9.791210742964932,0.6294531386302911,16,US,Mobile
9374,26.235805190312135,7.94639407086291,0.5374110895643128,12,Germany,Desktop
9375,37.21278952705166,7.278237072845199,0.3086361188643596,18,Germany,Tablet
9376,45.38037818304379,8.035958224643249,0.45355471285924615,18,Germany,Mobile
9377,14.77221588019843,11.21830585505802,0.4645233439103224,12,US,Desktop
9378,45.21430791608943,8.967055317132784,0.4281225411908398,16,Germany,Desktop
9379,21.655740827862644,6.721888304643626,0.5813927228941018,13,UK,Tablet
9380,37.30090683782092,10.707549135684957,0.6558631804449376,5,Japan,Mobile
9381,30.60218657269158,11.65112813128725,0.5663578037696039,1,Japan,Desktop
9382,20.72085781026884,15.009878438161412,0.4514204153323026,14,India,Mobile
9383,13.597184580035723,8.514796027036775,0.42981127683667436,17,India,Mobile
9384,13.761434761177618,8.19750150068993,0.431248657502098,20,UK,Tablet
9385,40.17926779949211,9.919980735187057,0.59305416703155,0,Japan,Desktop
9386,32.5948396975469,12.699919314743939,0.5902539778907623,16,Germany,Mobile
9387,39.36676284132036,9.191053488083835,0.4554278562152637,7,US,Mobile
9388,10.759126910808071,14.614574078592,0.5622782269045001,1,India,Desktop
9389,23.661420234234328,14.370003949334766,0.48197287488351814,3,UK,Mobile
9390,36.344531225594366,14.806569193193434,0.45064830463742045,17,Germany,Mobile
9391,36.504174152272874,9.323485067088779,0.4336331200887086,16,Germany,Desktop
9392,33.184590552083726,14.42844001487847,0.5264769232558165,13,UK,Desktop
9393,29.64863907141933,17.423717796658973,0.5904409479511681,8,India,Tablet
9394,39.43720770236479,12.95918418678848,0.4700355027250364,23,Japan,Mobile
9395,23.65995323549594,9.899244083314716,0.48073111571348465,1,UK,Mobile
9396,28.788495244321542,8.215179518476969,0.6499237432855342,4,Japan,Tablet
9397,27.39266538086691,8.93358614340636,0.5754121428590696,11,US,Tablet
9398,24.240815704523147,10.396231488496069,0.4918471527765637,16,Japan,Tablet
9399,32.6317347630974,5.050369299279011,0.4651880021350658,10,UK,Tablet
9400,14.960211610499659,9.819491365607664,0.5396025730930556,0,UK,Desktop
9401,49.264621890718104,9.718172027974619,0.5919000110750072,0,Japan,Tablet
9402,25.97518169768358,12.766004917069026,0.5125003004615327,8,US,Desktop
9403,52.98351582074676,7.146889356002108,0.4933059025739747,10,Japan,Tablet
9404,36.001371510164844,5.558369846242105,0.40774054254385583,17,India,Tablet
9405,28.128261092181436,6.102623114034108,0.49689539392329307,12,Germany,Tablet
9406,37.90875567593886,15.788621909981313,0.43989814964092167,3,India,Tablet
9407,18.062816450141874,11.803014465830115,0.3460201062070132,22,Japan,Mobile
9408,26.234442138567907,7.5306055421065,0.4522544333259992,18,UK,Mobile
9409,26.36215965468208,12.027950548830493,0.5037066829428016,20,UK,Mobile
9410,43.360526392292805,14.563403494798717,0.48253436041571307,16,Japan,Desktop
9411,14.276373819626198,12.024687449534008,0.4698833066820155,1,Japan,Tablet
9412,10.838419335101008,11.614927967311608,0.47314927685965696,2,India,Desktop
9413,36.48247470025286,14.186382579575628,0.3736647882082883,7,India,Desktop
9414,24.75274053356836,13.574120446360183,0.5112330369453175,23,India,Tablet
9415,27.631819498952087,7.693975529523964,0.4589221848079103,22,Germany,Mobile
9416,26.98748559714223,13.951107966275128,0.47354354134897914,2,India,Desktop
9417,55.32656555353132,10.04650803150045,0.5229099259016873,16,Germany,Tablet
9418,1.8247561358346829,8.52685710316576,0.3697128611706519,0,Germany,Mobile
9419,28.460929422405645,12.235475893961365,0.33104282084522896,10,Japan,Tablet
9420,35.02033438056212,10.491713060030994,0.4805047727406809,13,India,Desktop
9421,21.300461121069116,10.361253574761326,0.5523004370614729,17,US,Desktop
9422,28.354251313162408,8.758195859401539,0.4155666020734361,0,Germany,Tablet
9423,30.477692577185586,11.48904749505915,0.3234209775067981,4,India,Desktop
9424,42.77045006207657,10.601886144038298,0.28370141955566897,5,Japan,Tablet
9425,45.3912595657714,8.068579150478836,0.4773788172012856,22,Japan,Mobile
9426,30.553310114678098,10.421590037115932,0.3441527896243325,21,India,Tablet
9427,27.8758917976914,6.388420165288924,0.48017716960084605,7,US,Tablet
9428,42.17463557465255,8.329400450322357,0.43802268701403774,23,Japan,Tablet
9429,50.38267290067566,12.255566475122642,0.4832055385232775,12,India,Tablet
9430,47.93075701736353,7.130890119823895,0.29915014093248515,5,India,Tablet
9431,37.27746969605107,11.571277452435256,0.41002324046210686,10,Japan,Tablet
9432,31.69047620163909,9.880944063645254,0.3689423135021862,10,UK,Desktop
9433,18.447035627624892,7.642277529333139,0.6503352475225495,14,Germany,Mobile
9434,35.987836949667866,10.1709605745727,0.6948878923763413,19,India,Desktop
9435,46.71908072566775,10.426724474154353,0.5948536328461377,19,India,Mobile
9436,21.9254422764229,9.061654847233996,0.4951504416480686,22,US,Mobile
9437,31.04830531915096,8.868621021651421,0.6137242104933597,12,US,Mobile
9438,27.317399030254336,12.043048008269988,0.4200714228071306,23,Germany,Mobile
9439,26.765680745491217,15.665933183039687,0.4150978042815143,7,Japan,Desktop
9440,32.83589854349927,10.241298242512173,0.6419529335359139,20,UK,Desktop
9441,47.08308158685556,6.911751868268431,0.47134011900225853,21,UK,Desktop
9442,193.6335100456435,9.322101173208955,1.7961598570041175,0,UK,Tablet
9443,28.428048749052394,11.871769184360353,0.490247152207152,15,Japan,Mobile
9444,16.767115849919087,3.644063199569148,0.35940391261027527,15,Germany,Mobile
9445,48.36999122154222,7.078729263136378,0.3586160405024975,2,Germany,Tablet
9446,21.25410656807587,9.723480963444763,0.270874382217294,8,US,Tablet
9447,19.21712506641516,13.352418378262543,0.45538166927816875,7,UK,Desktop
9448,34.915580698494836,13.09122703773528,0.5970640901822742,3,US,Mobile
9449,28.483139208775082,12.723402041168864,0.7694898220484366,11,US,Mobile
9450,37.83679180458128,10.021412290442026,0.7096320215678376,15,UK,Desktop
9451,30.45754743135183,13.518123834635405,0.6276390646660226,5,UK,Mobile
9452,34.63312189008952,10.856523075964242,0.544462950042273,2,Japan,Desktop
9453,43.13689322992056,11.81371791000442,0.4732349933994873,6,India,Mobile
9454,15.55609979787054,8.732074949784481,0.5459014651606455,10,US,Mobile
9455,28.530454815070748,7.730498287584625,0.4567629539086471,23,US,Mobile
9456,30.294298830411822,14.656696255578787,0.5547130365405379,11,US,Mobile
9457,20.821028987265457,9.326854224301368,0.5707997724667035,3,Japan,Tablet
9458,27.279090050964797,9.943030403361147,0.5391044605135735,1,India,Mobile
9459,16.76955204202642,10.843463574541406,0.635596580604172,8,Japan,Desktop
9460,7.511793621242404,5.5195562087596315,0.5693098086728402,16,UK,Tablet
9461,34.41699707032702,10.680276294549024,0.5981509978504923,16,Germany,Desktop
9462,27.389762425928822,12.464947300435625,0.6050982789429462,5,India,Mobile
9463,42.40667863794686,8.83707330954304,0.3078015544022319,21,UK,Mobile
9464,28.86811735571239,12.008085045039563,0.5024753907319617,14,Japan,Tablet
9465,54.78896945581621,10.198112451078027,0.41969738677099333,10,US,Desktop
9466,29.07545279472726,15.374342231944327,0.41017690040525306,10,Japan,Desktop
9467,14.728901923537272,6.194129300002644,0.4794507996873886,21,US,Tablet
9468,14.165017126301134,13.003687192771983,0.6039952525080422,9,UK,Tablet
9469,18.315098543543254,6.850277729314266,0.49476228677767586,6,UK,Desktop
9470,12.990161457380346,11.432983142450244,0.5333156872035789,9,India,Desktop
9471,128.9058611849802,9.070336608862204,1.6083520154140245,6,US,Desktop
9472,47.28494520099899,9.604987705713656,0.5463903314877485,6,India,Desktop
9473,28.839281468930768,11.880675728848008,0.31810349583463127,10,Japan,Tablet
9474,43.94880135059982,10.771529703284099,0.2502973869831142,5,UK,Desktop
9475,16.36502973432403,11.471033354989912,0.3354172762796275,21,UK,Mobile
9476,26.99691182295475,15.029479272608253,0.5514214588984165,14,US,Tablet
9477,37.35841079626084,13.929806661506234,0.4185721246352877,4,Japan,Mobile
9478,21.45629772480141,8.621277481670047,0.3196335732534288,8,India,Desktop
9479,20.66294219859978,9.462678378275092,0.5686017178895558,6,US,Mobile
9480,31.771814378771953,5.532811977104524,0.4357469406824088,6,US,Desktop
9481,17.964126397049135,12.215823668372428,0.6015849660864927,1,Japan,Mobile
9482,15.013044191349948,11.077462977076552,0.40346463112769265,20,India,Desktop
9483,22.561999454128365,9.028896651636881,0.5839612767850996,15,India,Desktop
9484,29.0380433623601,6.138627705646611,0.3031081887473876,18,India,Desktop
9485,24.49046195385253,6.575306974715343,0.5052947428334008,17,Japan,Desktop
9486,13.65656801063658,8.931266902406156,0.24695721706478746,6,UK,Tablet
9487,183.85736359009815,12.242354973399742,1.3074873405931466,12,Germany,Tablet
9488,162.52549093537453,8.994556609950292,1.336882341218015,1,UK,Tablet
9489,56.50605755160795,8.438928733764559,0.6308890442248839,12,Japan,Tablet
9490,14.616312608854106,5.737465472515249,0.5017319699058891,21,India,Tablet
9491,31.731657361844878,7.187474205556339,0.4975132748506171,4,Japan,Desktop
9492,34.844809690953554,9.80687160166678,0.6024824273203344,0,UK,Desktop
9493,23.16043998675331,11.227548078002949,0.37151044226831553,11,India,Tablet
9494,33.9082560527704,14.540724757610052,0.5720917189604577,18,UK,Tablet
9495,39.03982183975469,7.9656999177527545,0.5610172740432517,5,US,Tablet
9496,39.11756535050175,7.986750022398724,0.49181683237541723,20,Japan,Desktop
9497,26.84446756841321,7.099790741369087,0.5043456126904631,18,UK,Tablet
9498,22.844725846008593,10.430872370791942,0.4763807610344382,10,Japan,Mobile
9499,24.70838238539216,10.874543992770768,0.6043898596953432,20,Germany,Tablet
9500,34.3513242291521,8.760733934213244,0.6479641369196426,14,US,Tablet
9501,23.927862577415205,7.276082935160059,0.3981429572112516,19,UK,Tablet
9502,11.388681786506801,7.142966609691712,0.5454619201593376,1,UK,Mobile
9503,31.85817825387565,8.218630566140947,0.6099009509738237,6,US,Desktop
9504,27.426325490392667,4.051162618502529,0.5099576814925286,2,Japan,Tablet
9505,28.75567895926872,9.815896512790031,0.6123591411228867,16,UK,Desktop
9506,17.77462253671088,10.198766591531001,0.487816517660817,10,India,Mobile
9507,33.84189474023393,11.601784852165213,0.5479257101261087,11,US,Mobile
9508,26.299347432598545,12.899751713258944,0.37581284686338245,18,Germany,Mobile
9509,15.633067130892917,5.855028473601511,0.46328964822842505,12,Germany,Tablet
9510,21.989428816332936,4.004626524497718,0.5066194322785817,12,Japan,Mobile
9511,31.70087911333931,6.3413457180091815,0.6067929436975649,12,India,Desktop
9512,20.116420376231936,13.878773059588557,0.44055577406018837,8,UK,Tablet
9513,19.46241410686101,5.8775271649169785,0.4579729080622909,4,Germany,Mobile
9514,43.97228504833407,3.4509847858228575,0.47472739541398995,11,Japan,Mobile
9515,30.625806223537083,3.3613786563155568,0.5338254606860767,0,Germany,Tablet
9516,40.08786325983632,5.39297676827304,0.5653335007012428,5,India,Desktop
9517,12.348694364074706,12.02041098393474,0.5739427554675239,22,Japan,Tablet
9518,39.04737626368686,6.6045918772946814,0.5355084592218735,16,India,Tablet
9519,17.383939531234013,8.490720871661651,0.2622187575580722,3,Japan,Mobile
9520,39.99225707265113,8.743297983307398,0.40370245155001855,5,India,Desktop
9521,28.71356192550767,7.415065073962419,0.4634120053223922,2,Germany,Desktop
9522,29.68841820621571,3.3357578401543844,0.5330480888014013,12,US,Tablet
9523,37.65388402746422,12.613746735588041,0.2608030273576091,1,UK,Tablet
9524,20.658185171870723,5.5664013492599675,0.5023656161084975,21,US,Tablet
9525,29.84080919892193,10.219479481687287,0.4245084237137432,8,UK,Mobile
9526,38.641086407191125,8.366737365608847,0.5563496675376093,21,Japan,Desktop
9527,30.810602787726435,10.620320868069653,0.5158927861548094,8,India,Tablet
9528,21.777761920480575,13.021241987186205,0.5650706704371794,10,US,Tablet
9529,9.178925252520255,8.187067728729023,0.5952451798882451,1,India,Mobile
9530,25.008855471128054,4.366202441945184,0.43493919304477935,18,Germany,Mobile
9531,23.390308856471755,12.605072309215753,0.4687972768535053,8,Japan,Mobile
9532,30.682718302208066,11.78859091483426,0.31999335542993157,14,Germany,Mobile
9533,37.131751580234585,13.095013000231068,0.46924062017444335,1,Germany,Desktop
9534,24.137103114692522,14.289452894413124,0.280307615121933,4,US,Desktop
9535,48.663599726435564,5.902422377063216,0.45728170603048734,15,UK,Mobile
9536,29.58485897384191,7.828197294319021,0.30329624197280025,6,US,Mobile
9537,31.738411170989956,15.40272505276868,0.4786852285400802,3,Germany,Tablet
9538,36.41477448480723,8.566067506286139,0.49722944033105393,4,UK,Tablet
9539,20.098868963558658,6.29135240696349,0.472074751306993,9,India,Tablet
9540,20.723481383568167,6.906491203064935,0.4604536868934958,17,Germany,Mobile
9541,36.57651252520265,13.46564987946039,0.4807884872091042,23,UK,Mobile
9542,30.82273680960552,10.661057172139108,0.4557891926856862,14,Germany,Mobile
9543,30.990403736878275,6.627418186535465,0.4476078644354579,17,India,Tablet
9544,15.982687338762693,7.43103054204237,0.6446105073170483,6,Germany,Mobile
9545,26.95947181289376,11.69011147169098,0.7578375177638648,8,UK,Desktop
9546,21.465987546866415,10.762918168976581,0.39514166549734553,22,India,Mobile
9547,26.48432287188613,9.053121110258113,0.4236329388857798,13,India,Tablet
9548,21.66018589892288,10.465594390272067,0.48431697670745794,20,India,Desktop
9549,36.39273252199449,11.515595360300216,0.6171644496561881,12,US,Tablet
9550,39.832694700064465,6.071912761898371,0.6498892188754787,16,UK,Desktop
9551,22.63090891407942,11.290353475710216,0.4154288469167079,0,Germany,Desktop
9552,19.831029474692457,13.124549060304552,0.610505754124066,14,UK,Tablet
9553,38.183301195069966,9.11516424702003,0.4985517066465523,21,Japan,Tablet
9554,39.940065202386364,7.222887025011859,0.43615142910989235,23,US,Tablet
9555,25.419856675430204,11.166233995882553,0.6609344540163502,12,Japan,Desktop
9556,32.343262255213155,9.498998046810447,0.3340408138971197,11,UK,Tablet
9557,15.710957891076312,13.351307402723636,0.5033492083033632,14,UK,Tablet
9558,28.9612522080767,9.11874108854599,0.4711506766481306,9,India,Desktop
9559,25.34475985812132,14.398892737749252,0.5464148092807487,22,UK,Tablet
9560,21.95225219256083,12.618183830118905,0.5910778852639633,21,Japan,Desktop
9561,20.625389792152447,12.716095532769259,0.5155382001247274,7,UK,Tablet
9562,32.1893583012966,10.756016488104713,0.5914769810848741,0,US,Mobile
9563,37.28015070145322,10.911110301588803,0.48604130201265544,22,Japan,Tablet
9564,9.973566684241195,6.41952650787809,0.6886921597747212,3,UK,Desktop
9565,23.022567905195462,13.870221769129687,0.4190428625480713,21,India,Tablet
9566,35.53106655847062,12.566511158097555,0.6933730972165737,20,UK,Mobile
9567,27.46162890597157,9.368707857535878,0.4869698403645192,10,Germany,Tablet
9568,22.527848269959534,6.456114410031711,0.5735029592416638,8,Japan,Tablet
9569,28.22043199431501,13.822826372476241,0.5755057925295828,17,India,Mobile
9570,33.353991238768955,8.397253100993332,0.42834650567507726,9,Japan,Tablet
9571,22.672010152268292,8.08634616182611,0.5601284215023284,9,Japan,Tablet
9572,36.115193773757284,7.841255416260241,0.513958969249153,9,Japan,Tablet
9573,28.355140764866334,11.33642693831504,0.4220949735942661,17,Japan,Mobile
9574,26.360755903910405,10.227069275909209,0.2970004590942482,9,UK,Mobile
9575,24.670671984707543,8.245752340669968,0.5207216656822953,15,US,Mobile
9576,30.994063489175225,5.0910384378532445,0.6813193214886091,17,UK,Tablet
9577,25.47956006950922,12.96957107296674,0.5329026875512651,13,Japan,Desktop
9578,25.49602688337979,11.976186748378764,0.27722920874092816,21,UK,Mobile
9579,30.48357832167122,5.680374924739173,0.5187387400854694,1,Germany,Desktop
9580,34.24042255802979,10.65775695315922,0.5486232074982716,4,Germany,Tablet
9581,41.55925754451931,15.465912668501248,0.5594951188694127,21,UK,Mobile
9582,31.421524629046004,8.194010976412327,0.4399131365295937,15,US,Desktop
9583,17.87827622770427,9.440812792490487,0.3977060500813385,0,Germany,Desktop
9584,20.93775420926077,11.709695074049629,0.45229029787276315,23,Japan,Tablet
9585,31.659216531862153,8.913523388662377,0.5192948053385631,20,India,Desktop
9586,36.817935699408196,12.643843195421402,0.5111671140152619,16,UK,Tablet
9587,38.256756765532586,12.917360235566566,0.32074258954384,8,US,Desktop
9588,23.40457315152087,12.110892665159444,0.37671956654875405,4,India,Desktop
9589,30.61996312391187,10.11437939407937,0.35035491792008533,23,Japan,Mobile
9590,24.810268958539588,10.67204732611794,0.4109201952254898,0,Japan,Desktop
9591,45.916704320738624,7.312764003854826,0.36013927442593513,10,UK,Mobile
9592,27.9984858066862,13.217493515821358,0.5979409214635898,3,UK,Desktop
9593,22.627483097397008,11.364868429115527,0.4683911869420798,15,Japan,Tablet
9594,20.380539243619708,10.998894104306439,0.6404490928704458,12,India,Tablet
9595,23.64625340359268,2.429266216756833,0.5541763792086711,14,UK,Tablet
9596,14.683683711811524,9.399833417568255,0.39731876325820525,22,US,Tablet
9597,35.91412816733282,11.392358127491267,0.41865422519148254,4,Germany,Desktop
9598,17.42274874547956,8.930352611728924,0.45570382175603247,12,Japan,Mobile
9599,38.82042617424139,10.912361772396265,0.35511468592935536,4,Germany,Tablet
9600,36.24522178570031,2.2562167937974866,0.53997524921922,7,Japan,Desktop
9601,42.33343995591572,7.749095602734311,0.5825153026400979,15,UK,Mobile
9602,23.50250864588363,14.72480837494357,0.7217647268792049,20,Japan,Mobile
9603,24.23125970789489,7.0628118715083055,0.3732800657925741,15,India,Tablet
9604,32.94960151949581,11.073101094453058,0.35399037761112495,1,US,Mobile
9605,8.763124099590442,12.944749075628398,0.4970402981143685,1,UK,Mobile
9606,58.46131916529738,11.303769181552951,0.47689489159755283,14,Japan,Tablet
9607,42.046329785894216,13.750029826350872,0.5149674433649298,11,India,Desktop
9608,52.540972126793065,11.526016512528805,0.6785688457538485,14,UK,Tablet
9609,26.608742745311574,9.309848535448698,0.5441083514164389,6,Japan,Desktop
9610,16.617921619862102,9.51304192588694,0.5027798002311219,21,Japan,Tablet
9611,18.97885636801524,10.464583662854965,0.671527769269361,20,UK,Tablet
9612,41.02011694790771,11.611919986322032,0.5190857988709193,5,UK,Desktop
9613,50.97361038226047,15.654822579313606,0.5718801043021265,15,Germany,Tablet
9614,24.556480215188852,10.281091311462124,0.5782028975167051,1,Germany,Desktop
9615,35.338067701340606,7.747598976750586,0.5841937921223102,20,UK,Desktop
9616,10.73623147790046,12.690909687707702,0.6017651070898291,19,Germany,Mobile
9617,25.56377341173997,7.703317259051012,0.4150050776660731,20,Germany,Mobile
9618,30.97571699689769,9.169616770010624,0.48169591372231396,1,Germany,Tablet
9619,24.567176621402655,5.216236449013374,0.6275940752621726,6,UK,Desktop
9620,13.306638117195718,9.361371153010715,0.39407562417863906,11,UK,Tablet
9621,37.8313553094314,7.6732009158547765,0.5906036345468406,10,Japan,Desktop
9622,37.78529127231104,10.99501149684763,0.5122587929150291,1,Japan,Tablet
9623,30.63728530802281,11.665590554641684,0.3750283958911996,20,UK,Tablet
9624,34.72822703390693,7.976547065603535,0.4678354082733851,8,Japan,Tablet
9625,42.98909425692213,10.300691289624282,0.549991001280644,16,Germany,Tablet
9626,25.996628124064703,8.128581096442792,0.4646560414969342,5,India,Desktop
9627,15.274787462250284,9.806037424279966,0.48595944160119,1,Japan,Tablet
9628,33.802258039709024,9.078432485732911,0.549620230322029,7,Germany,Mobile
9629,42.551583292637005,10.710555197802048,0.369672861577354,15,US,Desktop
9630,25.58641077766756,9.062551198273109,0.4988634645857201,13,US,Desktop
9631,36.451335009770574,13.631780004341902,0.6453643069530615,18,US,Tablet
9632,43.646115046009875,12.66903998137604,0.4645198455665253,15,UK,Tablet
9633,20.481201324909172,2.0476250842165413,0.5491728049307382,21,Germany,Tablet
9634,13.710990364924598,9.15770586523315,0.5438954360290706,18,US,Mobile
9635,35.68699908032621,8.505933741246178,0.5186194354744865,9,Japan,Tablet
9636,35.786755506065184,8.07975476820224,0.45273516606737113,3,Japan,Tablet
9637,36.84574793263856,12.31400174852791,0.4980100775072295,2,UK,Desktop
9638,28.046950337355607,9.376979650505897,0.686056401211968,21,UK,Mobile
9639,6.983810786480092,12.891603639876951,0.5421717461680153,8,Germany,Tablet
9640,24.675143841657643,16.48787766351623,0.44226846966137234,12,Japan,Tablet
9641,20.385981707261124,9.828201419166342,0.7107970713938753,1,UK,Desktop
9642,30.22069594256465,6.944626491833599,0.486377562554994,14,UK,Tablet
9643,27.0761161962523,18.5565818739443,0.5787467069610461,11,US,Desktop
9644,23.80935513014226,12.80460558828811,0.43733845500684654,17,UK,Desktop
9645,36.09231352524993,6.722989276627268,0.5927776105322504,14,Japan,Desktop
9646,21.93689323124005,10.11603491612787,0.5529338527626456,8,India,Desktop
9647,34.97722539866301,9.427620815190854,0.6255269040412516,13,Japan,Tablet
9648,11.034013359482543,10.103310917968317,0.44327266432813545,20,India,Tablet
9649,31.163166536131186,7.753789844165572,0.5034972799005786,6,UK,Desktop
9650,10.463101674337135,7.107171857257038,0.42379119536843407,3,Germany,Tablet
9651,20.498738300773397,8.54806590604959,0.6152166929220654,5,India,Desktop
9652,30.82304421862249,11.737804313485139,0.6782722516902014,4,India,Tablet
9653,36.0225302206085,9.70651043114152,0.592065986938902,8,Germany,Tablet
9654,26.423625558352782,9.072198675716017,0.5990728149569741,14,India,Desktop
9655,17.41711724753209,6.648280837600394,0.5121550355029071,7,Japan,Tablet
9656,20.03050942543039,3.1326656404225854,0.3789420993260634,14,Germany,Mobile
9657,34.28859530100752,14.78633535045436,0.4106852322450799,6,India,Desktop
9658,21.858964457549956,10.332213852997091,0.5550191016491847,21,Japan,Desktop
9659,26.18521577395193,11.07737102781283,0.5158096955166023,14,US,Desktop
9660,20.47392518725759,7.973384272717965,0.5467295522087611,17,Japan,Desktop
9661,19.351950613054477,12.235630349521864,0.4875412853367369,15,Japan,Desktop
9662,32.59843906068038,11.52346601698585,0.5249215646227694,6,Japan,Mobile
9663,16.89807793907629,7.55203445235863,0.6083526429076231,18,US,Tablet
9664,21.53036924256142,9.105947916107569,0.2889619435042456,1,India,Mobile
9665,37.31499247897083,13.994446820356627,0.48214961710691373,10,Japan,Mobile
9666,42.93256333110301,11.706758456865563,0.42033615885299175,10,US,Tablet
9667,28.21228263938544,5.356218975954539,0.5497349612862968,11,UK,Mobile
9668,36.28075693553803,7.613851929734972,0.5439939682519349,22,Germany,Tablet
9669,161.0221962965222,9.57116484919926,0.9580671706892964,16,Germany,Mobile
9670,19.300107024158173,9.157789097427214,0.3396978825107697,4,US,Tablet
9671,38.601227513909535,14.777279000734254,0.45734265148063014,23,Japan,Tablet
9672,26.04263958333673,6.604558145963729,0.5331712485063609,18,India,Mobile
9673,38.98683316978011,8.017875764931848,0.507406566517346,19,UK,Desktop
9674,28.773999274164602,8.44599608807848,0.2988210214042991,4,UK,Desktop
9675,25.775502713122922,8.700629430158667,0.45295065727682216,17,Germany,Tablet
9676,197.16178097989575,12.944928384295112,3.332216664218504,13,India,Desktop
9677,42.780775055868446,11.275066992582227,0.5120224821455799,0,India,Tablet
9678,20.803243040617918,10.919578347001185,0.6051077169215813,12,US,Desktop
9679,40.08291590700957,11.540757947760948,0.4543935171995909,16,Japan,Desktop
9680,10.17235634775971,13.12180770089348,0.4869384650088936,3,Japan,Tablet
9681,42.2296790170151,5.707998199893997,0.6333803104544431,16,Germany,Tablet
9682,27.165484168914848,12.231357296264349,0.40633705738751935,17,India,Mobile
9683,7.693225773298671,3.027066067107077,0.4778514437248523,21,India,Desktop
9684,20.854575630856296,9.795183619763527,0.6606288203288154,21,UK,Mobile
9685,54.95146849786877,11.755961783492392,0.27563805987948,3,UK,Mobile
9686,21.510020155931098,8.52548480031586,0.4456978289604937,13,Germany,Tablet
9687,31.70398868662056,7.150907195291235,0.5159005497467454,14,US,Desktop
9688,35.07939207389283,12.313434433273809,0.47341288437409773,1,UK,Mobile
9689,16.657596305753017,11.608095012104869,0.565646263473214,4,US,Tablet
9690,36.785964192072996,18.004286388186387,0.4124247535227268,17,US,Desktop
9691,41.117426105114795,9.889609489862453,0.47585580783943704,16,Germany,Mobile
9692,24.468609030255042,11.341098851901883,0.5503888382153154,12,UK,Tablet
9693,20.919771045358722,6.78031046849782,0.47846570128341437,0,US,Desktop
9694,13.98914702609731,7.672791479579054,0.3891930237255295,12,UK,Mobile
9695,34.80407990645618,13.824491886739217,0.6161483894062076,19,UK,Mobile
9696,170.80335009399224,14.605205466443987,1.454715843793408,0,UK,Desktop
9697,39.45916161564062,10.33049354929759,0.36782895790378933,6,Japan,Desktop
9698,19.87808865708314,6.258028381508057,0.47682564752647877,19,US,Mobile
9699,30.294890185175735,5.460235333177458,0.6452500757398458,13,India,Tablet
9700,25.85949411677025,8.097948853678302,0.5090651269609399,19,India,Mobile
9701,25.228868316348304,11.265711643878316,0.39773656741819763,14,India,Desktop
9702,32.433668845741394,7.69086822080775,0.4172974852894541,13,India,Mobile
9703,38.26478959058619,9.84271554672996,0.41966548439475887,17,India,Desktop
9704,38.770684552401825,6.372133110425574,0.5626368464814445,0,India,Desktop
9705,32.54593904324375,8.458176538886857,0.4858259135525035,20,US,Mobile
9706,49.182414293786195,12.54869842776389,0.42311644276104965,12,India,Desktop
9707,23.390337484588255,10.962390956317353,0.4747749574152395,2,India,Tablet
9708,48.26843006808809,14.291315678801698,0.5570483935380609,14,UK,Desktop
9709,38.794935835396196,9.297581386248618,0.4521042469489792,12,Japan,Desktop
9710,39.13214679840858,8.095758647011337,0.4310894803098459,17,US,Desktop
9711,19.326546046089796,12.841313909988742,0.4947514781287413,19,India,Tablet
9712,29.512749716939112,14.308922997812722,0.3418238357485025,12,US,Tablet
9713,50.1151708827675,11.912949740703247,0.48525436441548453,6,India,Mobile
9714,18.999641657812056,16.23994549764099,0.42887373432097575,10,Germany,Tablet
9715,45.592723257857486,9.910084450866933,0.41196409496200825,23,Germany,Tablet
9716,33.14875892492825,10.415308911043951,0.25565861086209385,18,Germany,Tablet
9717,32.26414471249829,12.707880670365157,0.422544619588336,12,India,Tablet
9718,19.79663995066532,15.84751492343392,0.4122792600065441,10,Germany,Tablet
9719,32.667478071026515,10.8224350738989,0.5352033640969825,4,UK,Desktop
9720,45.38422462701943,12.073257925502952,0.4127438102422305,7,Germany,Desktop
9721,35.92030665093722,11.040211813451847,0.3715528120666478,22,India,Tablet
9722,27.79439821340808,9.83704689729844,0.47307311678063063,10,UK,Tablet
9723,26.938563999126796,7.821973491917139,0.6055199813834742,20,India,Mobile
9724,33.48072608218391,8.844177841277192,0.5220749092428147,14,India,Mobile
9725,9.950146823155933,11.798384556850742,0.6342321190855085,8,US,Tablet
9726,46.22718333740702,5.760847312174318,0.45244354475991866,20,Japan,Mobile
9727,32.324205184555964,8.013075149587888,0.44686571468383546,21,Germany,Tablet
9728,38.42442741708065,11.656789627067319,0.5467835082761274,10,Germany,Mobile
9729,39.63576117012356,13.55110619013023,0.5523766274074033,8,Japan,Mobile
9730,35.41719212961302,6.29054191412491,0.5446167941043523,15,US,Desktop
9731,25.15644835722728,10.299607171359613,0.4805332814789704,21,UK,Tablet
9732,43.73981932362329,10.382329015536227,0.4508080149496367,7,Germany,Mobile
9733,20.791798619516126,9.48713728556167,0.5135596680005591,13,US,Mobile
9734,38.473601242170865,9.13027604021895,0.6677015601969944,13,UK,Desktop
9735,36.92551829900775,14.029170216832046,0.5192830447402006,22,US,Tablet
9736,38.495665945736974,18.534870903119977,0.5274446040181897,15,Germany,Mobile
9737,44.947500700088106,7.712401921378794,0.44751250807191745,3,Japan,Mobile
9738,32.9900648176032,7.179251731265351,0.4567374801442216,2,US,Mobile
9739,23.416478536224567,9.95679335701245,0.5111536556076355,2,Japan,Tablet
9740,229.99498077007578,3.012755038514377,0.7296049927457733,3,Japan,Tablet
9741,35.919818652804246,16.92156799990682,0.34553846393553445,19,US,Desktop
9742,26.976333792914964,9.916366738919137,0.4360793793556304,11,US,Tablet
9743,34.34724463286829,7.568808097366645,0.546956352202787,8,UK,Mobile
9744,26.340144068801763,7.265184275706558,0.4672788171553432,5,UK,Desktop
9745,23.48349845622191,11.675845375739094,0.5104663808089843,6,India,Tablet
9746,28.423180863255496,12.084269561459621,0.5460788715639644,12,US,Desktop
9747,32.59034435554473,11.029777421085052,0.43555807361624144,19,India,Tablet
9748,28.82658597554383,9.83251829289448,0.48585763871658094,21,UK,Mobile
9749,14.416426781673499,10.397158446106284,0.5667708481951846,23,UK,Desktop
9750,43.33055705366352,9.153006606303547,0.4635742363699995,1,Japan,Mobile
9751,34.021441132139685,10.036406217420923,0.5091762891485814,5,US,Desktop
9752,23.309718822699068,13.619474942633879,0.2676221429144794,20,Germany,Mobile
9753,21.211044469654546,11.303633009381013,0.39141686203432463,22,US,Tablet
9754,39.19341845010595,7.799491729058855,0.745472307277192,2,UK,Mobile
9755,21.701994471399303,12.006919221225077,0.23507178186459715,11,Japan,Tablet
9756,23.136328819938484,10.415771774986137,0.36458925595449376,17,Japan,Desktop
9757,50.563896319368396,8.730450428288842,0.4844289109356235,6,Japan,Desktop
9758,31.60384346103804,9.891912942524465,0.49796340151303975,13,Japan,Desktop
9759,12.468282098211109,10.018628046512756,0.4830593160530011,17,Germany,Tablet
9760,29.973572706565292,15.847546401183141,0.330397837036159,11,Japan,Mobile
9761,27.824153342620566,5.0218291713231595,0.6099552581497523,16,UK,Desktop
9762,13.651039705401502,9.099705402543542,0.44174976014800843,17,US,Mobile
9763,39.513126821697455,13.253627989581108,0.49382993466737024,7,India,Mobile
9764,33.77563985902492,12.957882131286109,0.554715569631871,6,US,Tablet
9765,37.301522938989855,8.299412908227817,0.5813909186907872,18,India,Desktop
9766,36.16682968186475,10.686622189168292,0.6773064101805251,11,Germany,Mobile
9767,24.251611124486026,9.220426576268611,0.3453535737340861,15,Germany,Desktop
9768,18.295126634274496,7.296041059325433,0.5073321668944989,1,Germany,Mobile
9769,36.08467199751857,7.428874365636082,0.4393452250453699,4,India,Desktop
9770,32.844184053938356,9.289774973795506,0.2980269586324575,4,India,Desktop
9771,21.34268523579003,11.231787903438569,0.4205796028687152,21,Japan,Mobile
9772,25.417230172196575,11.441728367770107,0.41207531462528774,13,UK,Tablet
9773,36.68688307488118,11.765362997531852,0.397544767232365,18,US,Tablet
9774,22.749293191594475,3.7017009030220063,0.6249063933332771,10,UK,Tablet
9775,37.48680477074153,11.033755596798805,0.35786107429648306,21,India,Desktop
9776,26.85247829842391,5.290359938279617,0.3997319057407182,17,India,Mobile
9777,32.52346333008854,9.93412844590767,0.5154782624531505,23,Japan,Mobile
9778,33.808463072497794,9.14941742690203,0.46952542985262097,13,Germany,Mobile
9779,41.011956547610396,13.053995533691998,0.44548172739719016,13,US,Desktop
9780,34.965487159383656,13.04566712909533,0.4045642910569604,13,India,Tablet
9781,40.05177658067072,8.848414720664692,0.5132054973663408,19,US,Tablet
9782,28.611731197972055,11.921837940794664,0.5404529632213437,9,Japan,Tablet
9783,46.18734832447915,7.520381680440329,0.4991957958326315,12,Japan,Tablet
9784,37.08065198973649,11.489413049942044,0.44572003609826494,11,Germany,Mobile
9785,40.602565090367804,11.318374766191038,0.5586106932340613,18,US,Desktop
9786,46.62904586165786,15.019901584023616,0.3816985364009012,8,US,Desktop
9787,22.698081310549725,18.361675520699336,0.5658157745621603,2,India,Tablet
9788,21.704173531755732,11.614363038793686,0.5795705006411336,11,Germany,Tablet
9789,30.300906812428384,13.24675157270654,0.5892178458339227,10,India,Desktop
9790,27.304646555481163,6.3459411581866885,0.514218640020769,13,Germany,Tablet
9791,11.274716511193027,14.890105455854066,0.4955382523862201,3,UK,Mobile
9792,34.77435381472224,8.553617839646735,0.41685181998414667,17,UK,Desktop
9793,39.62640587614976,6.985811549954514,0.3737362980142048,17,US,Desktop
9794,12.560204746061462,9.86600298243344,0.5130951035442713,4,US,Mobile
9795,20.010752636751604,10.107674607904446,0.7266023291905065,2,Japan,Tablet
9796,31.479203631242346,8.909680434978256,0.5085764613107848,22,Japan,Desktop
9797,34.22468600862792,12.340650914507734,0.46224804086963006,7,Germany,Tablet
9798,28.12951925740255,10.948141212114699,0.49763909682036916,7,Germany,Desktop
9799,25.995511741323984,8.478653721435627,0.524768453751769,5,Japan,Mobile
9800,19.33922706567257,12.587617744390394,0.3561523375283524,5,Germany,Desktop
9801,30.731823561243488,11.377986460141566,0.5623413010639784,18,US,Tablet
9802,15.711924854443657,9.811145357830357,0.5956766154437502,5,India,Mobile
9803,31.500376038583823,3.092347025618232,0.4797231786994563,23,UK,Desktop
9804,39.085212108934826,8.929224653992176,0.49591618293653206,16,India,Desktop
9805,24.048715517576326,11.974824932454386,0.553007358306899,4,Germany,Tablet
9806,146.82987726071207,11.089582636261992,1.288085866078421,2,UK,Tablet
9807,26.915696521706113,10.975204093522182,0.5415745754565114,4,US,Tablet
9808,36.3798963391557,11.097165684474234,0.5202924660078854,9,US,Desktop
9809,59.48825072819817,9.10651040176363,0.43638638206814484,21,Japan,Mobile
9810,18.75036468007263,11.242979550259196,0.44214107199001085,9,India,Desktop
9811,41.130044149008725,10.033806816379652,0.4081697661544425,1,US,Mobile
9812,14.942519593238162,14.210975083522479,0.5506978882798546,19,India,Desktop
9813,33.158734070504735,7.242156409375389,0.39840863751986255,15,Germany,Mobile
9814,38.53934668793071,13.77284373909674,0.6289636857531501,19,US,Mobile
9815,3.3602709045291235,14.316648669592473,0.4281700465844344,13,India,Tablet
9816,32.588933938766374,15.662197739351626,0.43744844759802126,17,Germany,Mobile
9817,24.93816549889237,9.738497973583337,0.46176262396264156,10,India,Mobile
9818,39.36241044768419,9.600406570104644,0.4882086553451276,2,India,Tablet
9819,25.787682391171785,9.640541261654718,0.4295260931968092,3,Japan,Tablet
9820,29.847100780728418,14.453549982136678,0.5807190604827027,12,US,Desktop
9821,46.61532743411198,15.73371400210952,0.5339100558025647,6,India,Tablet
9822,18.933147542042562,9.521618141565396,0.3763880305584402,1,India,Mobile
9823,29.775555113476276,3.8694013805818805,0.43779318344924856,10,India,Desktop
9824,44.40038901555276,5.889424913889809,0.4054147844112371,2,US,Tablet
9825,47.29717899185063,11.146301778267599,0.660569496285201,23,Germany,Desktop
9826,23.564156274488028,10.966210078852683,0.4517958629401355,5,US,Desktop
9827,33.16949755550746,8.51760501983313,0.5282773720958039,5,Japan,Tablet
9828,18.655033023819474,4.396412094008631,0.4375361082180222,19,Germany,Mobile
9829,42.12827153432363,13.162520380723988,0.4088936324028667,0,India,Mobile
9830,20.064450223819136,8.563680513861815,0.4885079682153716,8,UK,Desktop
9831,26.25795458957169,11.72505549257305,0.5028515920288765,4,US,Tablet
9832,17.062350840764488,15.388448406892467,0.468135427272618,4,Japan,Desktop
9833,38.34264543243981,6.016665824136087,0.5272201228533443,7,Japan,Mobile
9834,55.850341208661604,9.139450709215353,0.6276437355868562,17,India,Mobile
9835,10.713777613231493,5.899300676131736,0.3551460680165003,0,US,Mobile
9836,7.236834040932038,7.834707023368959,0.7099421630349747,9,Japan,Tablet
9837,39.70320876628365,10.8070828253688,0.31819432677113957,11,Japan,Tablet
9838,42.07990090442825,11.779836709337275,0.5327366835636168,21,India,Mobile
9839,27.97353299793461,6.9570529870365485,0.39845768574312174,23,US,Tablet
9840,27.231203419555108,6.900256120865725,0.6260420475899279,22,India,Tablet
9841,21.707367675342276,8.62567493656427,0.3287744269607612,18,UK,Mobile
9842,169.22020643445256,10.250042057610221,1.2202355604234827,0,US,Desktop
9843,31.760187137894576,6.5780704582051435,0.4629624172236361,3,Japan,Mobile
9844,30.868113103588072,11.878042634723569,0.523964782414288,12,US,Desktop
9845,28.926160969173054,11.08521299637442,0.4681492419386512,10,India,Mobile
9846,26.188711402265596,13.387264593430604,0.4431053728500918,9,Germany,Tablet
9847,30.86046024984527,17.10019363976808,0.6835321065616666,6,Germany,Desktop
9848,36.765402330622045,13.193856227301364,0.46277765318072683,9,UK,Tablet
9849,38.05659219186607,8.552409782436227,0.45939925016399025,6,Germany,Mobile
9850,19.18757297226636,8.821752129244175,0.5943832759546489,19,India,Mobile
9851,21.27986041682232,11.561229432109219,0.3830857963414225,2,Japan,Mobile
9852,44.96398802930652,13.972944113258897,0.4911235158377021,9,Japan,Tablet
9853,37.8183137850922,9.318606904565218,0.46374765029613596,9,US,Tablet
9854,39.20579159043875,10.532793596710796,0.49716697761519607,12,Japan,Desktop
9855,24.668667719822167,11.352970359531243,0.452270399683538,18,US,Mobile
9856,43.50211777189837,5.0763337743690045,0.6446176233797657,16,Germany,Desktop
9857,21.0119002029032,13.669052696559408,0.5960789322204407,14,US,Desktop
9858,42.802189666720096,10.968756056558204,0.47397791505222325,12,US,Mobile
9859,14.818155851372122,8.052920636518431,0.34608447290006655,2,UK,Mobile
9860,16.90831037534474,10.969924715420174,0.5300755815101603,0,US,Desktop
9861,26.052197858819806,10.61434609786789,0.5551737991039576,13,Germany,Mobile
9862,27.176925449023887,10.936826837105098,0.48868558611164725,18,Germany,Tablet
9863,17.70023836035905,12.212775834176208,0.46639173255215444,5,Japan,Desktop
9864,27.559593178954337,8.18239024748746,0.5929495555095303,0,US,Mobile
9865,32.04852388035522,7.755580011835097,0.5594355592637736,15,Japan,Mobile
9866,18.770957327517493,6.890940611627201,0.5861117540904959,4,India,Desktop
9867,12.398793753155747,8.801786179935965,0.530464539243026,1,Germany,Mobile
9868,28.937648490031393,10.349226655138466,0.3434817497949837,18,Germany,Mobile
9869,18.729275580560458,11.323332449709337,0.49264040228808403,12,Japan,Tablet
9870,32.817151500927665,12.133243284622221,0.5503241707571459,13,US,Mobile
9871,28.312743936913304,6.847627990636219,0.463527415036702,19,UK,Mobile
9872,40.52946041619901,8.09382675429925,0.546311430404574,0,US,Desktop
9873,32.94766889396326,11.50201472730417,0.4196620318801319,6,India,Tablet
9874,27.471841287263548,8.208978202641289,0.33423569159115873,9,UK,Desktop
9875,37.947118851992315,14.098831250482876,0.6258820716488159,5,Germany,Mobile
9876,157.9357017697232,15.493176003568738,2.6247115424416445,10,India,Mobile
9877,24.234448526039483,5.724034538769413,0.4185052035424643,18,India,Desktop
9878,8.223688332862437,8.600703756049295,0.6224737387370913,17,Germany,Mobile
9879,39.199266306447,8.256984931122524,0.3843565228956448,21,Japan,Mobile
9880,27.89656677973313,11.964980501924012,0.2709970127481829,15,US,Desktop
9881,37.42599985113507,9.778311076077207,0.32289853280116493,20,US,Tablet
9882,25.423058695184636,11.64611770123264,0.5147085577951058,4,India,Desktop
9883,25.18852701886681,7.71621189799021,0.5474171313486249,21,Germany,Tablet
9884,29.23021965577547,10.544229733953586,0.4767116954838898,1,UK,Mobile
9885,24.852857034686156,4.227489931992455,0.48912213190729165,12,Germany,Mobile
9886,41.562969706407216,12.484302071173026,0.49730400467325037,17,UK,Tablet
9887,27.986053516065827,10.223725546998987,0.5495156224031967,19,Japan,Desktop
9888,18.115488346758926,14.09118251325318,0.5990784294643339,15,Germany,Mobile
9889,36.586688541386025,9.621233518272488,0.5901700966548227,22,Japan,Mobile
9890,34.70587880402361,12.027716323253227,0.520050795254778,2,UK,Tablet
9891,32.15269729310241,9.776370708983027,0.5441745355310581,12,US,Tablet
9892,59.99910979703877,11.946099552246736,0.4490859836545466,0,UK,Desktop
9893,30.345058942346824,13.43716487385558,0.4876293883995242,1,Germany,Mobile
9894,14.388973571866057,9.112295409777763,0.3516940936923315,8,Japan,Tablet
9895,43.762362283132816,10.61841676090056,0.49212852888711833,23,Japan,Mobile
9896,60.029695003965365,12.604224790442686,0.510841659202923,21,India,Desktop
9897,52.557075429567504,8.686740285336711,0.5447986676284441,16,US,Desktop
9898,25.41963815782311,10.186363870940149,0.23953453300726052,4,Germany,Tablet
9899,29.352059513521922,9.749296898411226,0.5856977418186176,9,Japan,Tablet
9900,20.433204252415642,4.356002395932359,0.5848311407272255,6,UK,Tablet
9901,21.83171425817002,9.35894801974703,0.39125761248521596,6,US,Desktop
9902,37.52665468661094,11.712661351758527,0.5214432439826499,8,Japan,Mobile
9903,36.61517927528412,13.13495091325397,0.6138902363934314,22,US,Mobile
9904,41.65658195718188,7.232570279042893,0.3513663549830752,11,Germany,Tablet
9905,12.730212261848756,16.726965956753038,0.5294962035783561,10,Germany,Tablet
9906,34.27339779946623,6.5058627161297355,0.42239400805147426,9,US,Tablet
9907,30.702711756931595,5.182391644361716,0.34408557686194857,22,UK,Mobile
9908,36.99703076430169,11.340070179674473,0.42891175467462217,16,Germany,Mobile
9909,32.24726743802273,7.4766864164598,0.5005931757802651,20,Germany,Desktop
9910,19.465212136719593,4.480677200428743,0.49086831467835734,1,US,Tablet
9911,27.428135908359888,7.591608731331272,0.4396020815288363,22,US,Mobile
9912,34.53725287357824,3.4912050758891287,0.5600041226628352,11,India,Tablet
9913,135.6749677839699,11.591151003011657,0.9875457625953238,21,Germany,Tablet
9914,26.49706817201089,9.472524827209721,0.636701053520989,4,UK,Desktop
9915,16.11105350783015,9.232207660862203,0.5662684246628016,11,Germany,Desktop
9916,28.279777290985795,6.826179907226667,0.5315045138540221,20,Germany,Tablet
9917,18.977098350703677,7.248812672875697,0.6883234970016896,0,India,Mobile
9918,32.36447971684983,12.043123352151564,0.5331666598900671,14,Japan,Tablet
9919,13.661807285843828,9.16425728741755,0.4599079697433667,8,US,Tablet
9920,18.008906076559075,10.097752273365233,0.631339097515242,12,US,Mobile
9921,33.62478515518544,7.130270573035048,0.47431920217224144,17,Germany,Mobile
9922,32.29124472830553,8.072917990009016,0.33751330413388214,1,UK,Desktop
9923,34.972843849769156,8.595264534418135,0.42874490187514697,4,US,Desktop
9924,53.952463265455364,10.263442275309822,0.6332042772960056,16,US,Tablet
9925,25.090023929966208,11.080719872315171,0.2679365988085687,8,India,Tablet
9926,30.604586815142998,12.704510299134371,0.5904462720839931,2,UK,Mobile
9927,10.024921791455178,8.32898044353711,0.5540574691308524,3,India,Tablet
9928,40.786487112631335,10.322143811612685,0.577497766166654,19,Japan,Tablet
9929,43.97368178630335,12.561994906915965,0.6447951011336748,5,Germany,Desktop
9930,32.255142533376976,7.296263523974387,0.638621644108553,8,US,Desktop
9931,35.42163958731065,7.8546718758947165,0.3840547942143853,10,Germany,Tablet
9932,32.78755877423737,7.88362259852601,0.5988536937350359,15,Germany,Tablet
9933,45.66334695004704,8.681838450774228,0.4503189624502457,21,Germany,Tablet
9934,11.120926966368529,12.847763705745855,0.5608204489696639,5,Germany,Mobile
9935,34.52999249213786,10.379301345463023,0.4145780426527063,21,Germany,Tablet
9936,42.010495375419374,13.597908911263017,0.38105251238252735,12,UK,Desktop
9937,6.818309098165013,9.21101128305311,0.36613836534470057,11,Japan,Tablet
9938,53.61198942132437,6.961150005105658,0.4191160293556579,20,Germany,Desktop
9939,25.91683482356394,8.003783184959225,0.5455869075938109,20,Japan,Desktop
9940,32.76532350018722,13.26747173621441,0.4351120070884359,16,Japan,Desktop
9941,50.473860107298016,11.867012731894377,0.5636157148342629,8,Japan,Tablet
9942,17.35185776129935,11.351905262832783,0.47894062939947574,1,UK,Desktop
9943,22.719020185706434,11.237577116267344,0.4771138051210848,9,US,Desktop
9944,35.77119300603649,8.68876962020683,0.29623866128714516,8,UK,Tablet
9945,35.4773785235999,13.15562575172407,0.5144583893867405,11,Japan,Mobile
9946,10.341580772676611,11.118950451946215,0.3273577064318355,15,Germany,Mobile
9947,28.54023507242127,10.052493496606045,0.5656165733429236,14,US,Mobile
9948,28.919194133616514,12.055409576509676,0.45645075447864797,8,UK,Tablet
9949,18.842869270105666,10.540452016137532,0.4769896706909918,12,US,Desktop
9950,16.947894033957276,13.795626451136044,0.4268659941912469,20,US,Tablet
9951,32.828906651771234,4.572766309264837,0.6035535597468262,14,India,Mobile
9952,31.34439533751194,11.833536772898396,0.5674163727527954,10,Germany,Tablet
9953,36.28903097985498,9.500723618883745,0.46939176577395864,11,US,Desktop
9954,33.283210801393366,7.796437327551818,0.38611569448473504,16,India,Desktop
9955,29.698535621390395,10.35394460835442,0.4247165993252141,20,India,Desktop
9956,24.66289349648976,9.095396298582452,0.6436020724336227,14,India,Tablet
9957,25.390733084353894,6.923988522305699,0.4338645258741839,8,UK,Desktop
9958,42.175151514321186,10.469097572304143,0.4769877015257319,4,US,Mobile
9959,18.344614053669098,12.21109603736895,0.39377471726162416,0,US,Mobile
9960,54.46909054199809,13.276099836115357,0.40273229993332477,17,India,Mobile
9961,35.15160792055565,9.275254369167941,0.4580554552814284,11,US,Tablet
9962,36.786333216867945,6.657444767207221,0.4374476772941021,7,Germany,Mobile
9963,39.02197115950938,11.265516645394623,0.6402615967664174,7,Germany,Desktop
9964,33.15272340412458,9.566091680597667,0.43049095545974575,17,Japan,Mobile
9965,26.306200942922153,12.555370015208315,0.46684530755002773,6,US,Tablet
9966,27.46823868450261,7.271329395735843,0.47203048908215517,8,Germany,Desktop
9967,133.54164335685195,8.422967871941744,1.5673559448694665,2,Germany,Desktop
9968,10.514928779541194,12.457928986957793,0.42788180619426897,4,Japan,Tablet
9969,38.16428880020222,10.81774744476495,0.3336444781709178,1,Japan,Mobile
9970,16.82520127238547,6.797035389195461,0.5566068375720743,9,UK,Desktop
9971,75.00511492530435,3.2185780136742768,1.1870993876219624,12,UK,Mobile
9972,32.181213816889866,8.159708271435345,0.568008915841364,5,India,Mobile
9973,45.60007467797135,15.776901461934427,0.3589584212644863,4,US,Tablet
9974,21.347768856705184,8.773316811640159,0.38128190953039787,12,India,Tablet
9975,38.61667409900423,9.85017625096868,0.47863617899550914,18,Germany,Mobile
9976,32.15453443363507,12.18848019100393,0.4086092932954079,9,US,Mobile
9977,34.87356050443359,5.214900693010344,0.4188931213083048,17,Japan,Mobile
9978,21.979383948097148,5.504528455244257,0.511506386265438,22,Germany,Tablet
9979,38.46165110667653,8.402033911640622,0.5370338902557569,4,India,Mobile
9980,41.28421421161147,8.921349419670456,0.45160963592160003,2,India,Desktop
9981,13.640040087260118,9.69216160866951,0.5831617424762378,13,Japan,Tablet
9982,25.395311967102106,6.008046108696591,0.5365907003643955,2,Japan,Tablet
9983,33.96876673496009,10.187066460937707,0.5166899633828126,22,India,Desktop
9984,37.48513816748283,6.160591361646044,0.46480239351314334,14,Germany,Mobile
9985,19.44117705913058,11.448943762973737,0.5630195547735134,13,UK,Mobile
9986,47.38538461939544,10.26147414395584,0.6223381759900137,20,India,Tablet
9987,38.197821386224966,11.439827686160308,0.6011655915175619,20,US,Desktop
9988,25.924813160310496,11.572510480229653,0.48833883516660753,16,Japan,Tablet
9989,17.689998693961034,12.760356877778285,0.5188664570472211,21,India,Tablet
9990,14.463876368237605,10.159497680982243,0.4482136776126085,16,India,Desktop
9991,40.08367719287902,10.478964091189129,0.677717521781164,19,Japan,Desktop
9992,34.27033443245032,3.5056905692054556,0.49268259087382793,9,US,Tablet
9993,37.18744262305112,9.714358766986155,0.5041340377152542,19,Japan,Desktop
9994,33.02552968393236,6.221000973137356,0.39021737302608217,12,US,Tablet
9995,36.30648380811588,8.597991087386797,0.5707307391468018,21,India,Mobile
9996,37.85057646303706,9.77841830703062,0.6148813321848372,8,US,Mobile
9997,26.85054373725055,12.602692866920423,0.42824904145109494,21,UK,Tablet
9998,37.02395469158092,7.35864295200772,0.5114906621888448,17,Germany,Tablet
9999,40.85691978556302,8.173589493735076,0.5378432301668733,4,US,Tablet
10000,27.780875957332043,12.143877133034204,0.25318848650726655,19,US,Mobile
